transaction_id,txn_date,preparer_id,approver_id,account,amount,description
T000001,2025-09-28,U0154,U0223,6080-Consulting,850.98,Consulting charge
T000002,2026-01-17,U0387,U0381,6060-Marketing,423.23,Marketing charge
T000003,2025-12-28,U0221,,6070-Utilities,1004.71,Utilities charge
T000004,2026-05-07,U0178,U0291,6100-Freight & Shipping,2631.56,Freight & Shipping charge
T000005,2026-06-15,U0264,,6010-Office Supplies,380.86,Office Supplies charge
T000006,2026-02-18,U0173,U0200,6080-Consulting,380.87,Consulting charge
T000007,2026-02-28,U0399,U0289,6060-Marketing,2799.33,Marketing charge
T000008,2025-10-02,U0158,,6050-Facilities,1146.17,Facilities charge
T000009,2026-06-12,U0023,,6050-Facilities,294.0,Facilities charge
T000010,2026-08-03,U0226,,6030-Professional Fees,894.99,Professional Fees charge
T000011,2026-07-11,U0396,,6040-IT Software,295.96,IT Software charge
T000012,2026-02-07,U0247,,6100-Freight & Shipping,295.21,Freight & Shipping charge
T000013,2026-08-01,U0120,,6030-Professional Fees,643.01,Professional Fees charge
T000014,2025-11-10,U0118,,6050-Facilities,60.06,Facilities charge
T000015,2026-04-09,U0080,,6030-Professional Fees,73.89,Professional Fees charge
T000016,2026-02-10,U0093,,6020-Travel & Entertainment,265.47,Travel & Entertainment charge
T000017,2025-12-04,U0070,U0023,6060-Marketing,161.72,Marketing charge
T000018,2026-03-31,U0180,,6070-Utilities,696.22,Utilities charge
T000019,2026-01-19,U0372,U0108,6030-Professional Fees,181.49,Professional Fees charge
T000020,2026-07-11,U0020,,6100-Freight & Shipping,104.22,Freight & Shipping charge
T000021,2026-07-03,U0133,U0049,6040-IT Software,2470.59,IT Software charge
T000022,2025-11-08,U0276,,6090-Equipment,384.39,Equipment charge
T000023,2026-03-11,U0381,,6030-Professional Fees,530.74,Professional Fees charge
T000024,2025-11-23,U0081,,6040-IT Software,102.8,IT Software charge
T000025,2026-01-17,U0013,,6070-Utilities,270.75,Utilities charge
T000026,2025-12-14,U0118,,6020-Travel & Entertainment,556.69,Travel & Entertainment charge
T000027,2026-07-13,U0253,,6080-Consulting,138.92,Consulting charge
T000028,2026-04-07,U0142,,6070-Utilities,744.91,Utilities charge
T000029,2026-02-08,U0218,,6070-Utilities,254.5,Utilities charge
T000030,2026-06-02,U0344,,6090-Equipment,357.5,Equipment charge
T000031,2026-05-25,U0027,,6020-Travel & Entertainment,254.2,Travel & Entertainment charge
T000032,2026-01-04,U0029,,6090-Equipment,3780.1,Equipment charge
T000033,2026-06-13,U0028,,6070-Utilities,485.49,Utilities charge
T000034,2025-12-07,U0033,,6050-Facilities,153.93,Facilities charge
T000035,2026-04-25,U0163,,6030-Professional Fees,1217.8,Professional Fees charge
T000036,2026-08-20,U0036,,6090-Equipment,128.65,Equipment charge
T000037,2026-04-20,U0377,U0337,6020-Travel & Entertainment,620.02,Travel & Entertainment charge
T000038,2025-11-09,U0315,,6070-Utilities,57.07,Utilities charge
T000039,2026-04-21,U0105,,6100-Freight & Shipping,114.32,Freight & Shipping charge
T000040,2025-10-17,U0262,,6050-Facilities,611.89,Facilities charge
T000041,2025-11-03,U0096,,6020-Travel & Entertainment,1110.22,Travel & Entertainment charge
T000042,2025-10-14,U0207,,6090-Equipment,594.97,Equipment charge
T000043,2026-07-11,U0295,,6030-Professional Fees,433.89,Professional Fees charge
T000044,2026-02-19,U0100,,6100-Freight & Shipping,353.82,Freight & Shipping charge
T000045,2025-11-14,U0096,U0175,6030-Professional Fees,96.89,Professional Fees charge
T000046,2026-04-17,U0175,U0077,6050-Facilities,223.22,Facilities charge
T000047,2025-09-02,U0118,U0288,6100-Freight & Shipping,296.87,Freight & Shipping charge
T000048,2026-06-06,U0288,,6010-Office Supplies,1576.3,Office Supplies charge
T000049,2026-06-29,U0126,,6080-Consulting,719.09,Consulting charge
T000050,2026-07-05,U0348,,6010-Office Supplies,70.86,Office Supplies charge
T000051,2026-07-19,U0361,U0108,6090-Equipment,703.8,Equipment charge
T000052,2025-09-29,U0087,,6060-Marketing,322.6,Marketing charge
T000053,2026-06-23,U0390,,6100-Freight & Shipping,234.02,Freight & Shipping charge
T000054,2025-10-26,U0033,U0163,6070-Utilities,965.69,Utilities charge
T000055,2026-08-05,U0353,,6100-Freight & Shipping,1531.65,Freight & Shipping charge
T000056,2026-06-24,U0263,U0170,6060-Marketing,1372.53,Marketing charge
T000057,2026-03-08,U0182,,6070-Utilities,195.75,Utilities charge
T000058,2025-10-04,U0317,U0157,6050-Facilities,350.68,Facilities charge
T000059,2026-05-28,U0186,,6070-Utilities,709.38,Utilities charge
T000060,2025-09-30,U0354,,6020-Travel & Entertainment,1441.01,Travel & Entertainment charge
T000061,2025-10-15,U0305,,6080-Consulting,290.88,Consulting charge
T000062,2026-04-07,U0164,U0332,6100-Freight & Shipping,401.73,Freight & Shipping charge
T000063,2026-03-01,U0363,,6030-Professional Fees,145.92,Professional Fees charge
T000064,2026-05-13,U0368,,6080-Consulting,132.18,Consulting charge
T000065,2026-08-29,U0134,U0018,6050-Facilities,1204.45,Facilities charge
T000066,2026-07-18,U0269,U0359,6020-Travel & Entertainment,2190.45,Travel & Entertainment charge
T000067,2026-03-31,U0239,,6010-Office Supplies,455.22,Office Supplies charge
T000068,2025-12-18,U0372,,6010-Office Supplies,1486.06,Office Supplies charge
T000069,2025-10-05,U0146,,6050-Facilities,733.48,Facilities charge
T000070,2025-10-29,U0008,,6060-Marketing,242.35,Marketing charge
T000071,2025-09-15,U0356,,6030-Professional Fees,733.29,Professional Fees charge
T000072,2026-05-04,U0393,,6080-Consulting,2675.36,Consulting charge
T000073,2025-11-19,U0278,,6080-Consulting,473.71,Consulting charge
T000074,2026-04-25,U0189,U0301,6070-Utilities,2754.82,Utilities charge
T000075,2026-06-17,U0170,U0333,6060-Marketing,27.61,Marketing charge
T000076,2026-02-17,U0399,U0023,6060-Marketing,1216.94,Marketing charge
T000077,2026-03-12,U0191,,6090-Equipment,542.26,Equipment charge
T000078,2025-12-05,U0223,,6100-Freight & Shipping,354.64,Freight & Shipping charge
T000079,2026-08-28,U0174,U0053,6060-Marketing,545.08,Marketing charge
T000080,2025-12-31,U0287,,6060-Marketing,55.35,Marketing charge
T000081,2026-05-27,U0125,,6050-Facilities,386.98,Facilities charge
T000082,2025-12-13,U0027,U0280,6020-Travel & Entertainment,729.84,Travel & Entertainment charge
T000083,2025-11-18,U0289,,6040-IT Software,2504.1,IT Software charge
T000084,2026-02-06,U0302,,6060-Marketing,278.64,Marketing charge
T000085,2026-08-13,U0298,U0222,6030-Professional Fees,202.48,Professional Fees charge
T000086,2025-10-30,U0301,U0345,6010-Office Supplies,283.74,Office Supplies charge
T000087,2026-02-18,U0053,U0387,6080-Consulting,1348.76,Consulting charge
T000088,2025-09-12,U0176,,6100-Freight & Shipping,707.42,Freight & Shipping charge
T000089,2026-02-12,U0122,U0181,6040-IT Software,275.14,IT Software charge
T000090,2026-08-10,U0255,U0068,6020-Travel & Entertainment,866.61,Travel & Entertainment charge
T000091,2026-07-16,U0013,U0202,6090-Equipment,548.28,Equipment charge
T000092,2026-02-11,U0317,,6050-Facilities,1430.11,Facilities charge
T000093,2026-06-21,U0162,,6040-IT Software,227.63,IT Software charge
T000094,2026-06-04,U0191,U0395,6080-Consulting,343.63,Consulting charge
T000095,2025-10-25,U0033,,6070-Utilities,320.12,Utilities charge
T000096,2026-08-27,U0105,,6100-Freight & Shipping,98.51,Freight & Shipping charge
T000097,2026-07-13,U0258,,6060-Marketing,682.48,Marketing charge
T000098,2026-06-01,U0392,,6020-Travel & Entertainment,656.66,Travel & Entertainment charge
T000099,2026-06-18,U0269,,6030-Professional Fees,495.53,Professional Fees charge
T000100,2025-10-20,U0270,,6080-Consulting,380.68,Consulting charge
T000101,2026-04-29,U0269,U0359,6040-IT Software,103.87,IT Software charge
T000102,2026-03-06,U0148,,6070-Utilities,310.22,Utilities charge
T000103,2026-02-14,U0187,U0067,6080-Consulting,337.99,Consulting charge
T000104,2026-05-04,U0201,U0200,6080-Consulting,203.87,Consulting charge
T000105,2026-06-22,U0350,,6030-Professional Fees,412.64,Professional Fees charge
T000106,2026-02-14,U0064,,6090-Equipment,768.51,Equipment charge
T000107,2026-04-25,U0307,U0139,6070-Utilities,3923.76,Utilities charge
T000108,2025-11-21,U0316,,6080-Consulting,597.07,Consulting charge
T000109,2026-04-09,U0341,,6070-Utilities,654.13,Utilities charge
T000110,2025-11-28,U0135,,6020-Travel & Entertainment,454.01,Travel & Entertainment charge
T000111,2025-10-29,U0281,,6100-Freight & Shipping,59.7,Freight & Shipping charge
T000112,2026-04-16,U0059,,6030-Professional Fees,478.59,Professional Fees charge
T000113,2025-10-26,U0347,,6100-Freight & Shipping,526.5,Freight & Shipping charge
T000114,2026-07-28,U0286,U0336,6010-Office Supplies,7402.45,Office Supplies charge
T000115,2025-09-01,U0371,,6030-Professional Fees,398.78,Professional Fees charge
T000116,2026-03-19,U0166,U0398,6100-Freight & Shipping,686.57,Freight & Shipping charge
T000117,2026-02-01,U0179,,6100-Freight & Shipping,474.29,Freight & Shipping charge
T000118,2026-02-24,U0251,,6020-Travel & Entertainment,136.24,Travel & Entertainment charge
T000119,2026-03-26,U0295,U0318,6030-Professional Fees,1732.13,Professional Fees charge
T000120,2025-09-01,U0036,,6090-Equipment,1126.79,Equipment charge
T000121,2025-09-16,U0161,,6040-IT Software,1176.31,IT Software charge
T000122,2026-02-10,U0364,,6070-Utilities,181.21,Utilities charge
T000123,2026-08-06,U0123,U0221,6030-Professional Fees,2305.55,Professional Fees charge
T000124,2026-04-02,U0206,,6030-Professional Fees,105.42,Professional Fees charge
T000125,2025-11-08,U0074,U0282,6010-Office Supplies,939.68,Office Supplies charge
T000126,2026-04-12,U0385,U0239,6030-Professional Fees,5483.51,Professional Fees charge
T000127,2026-08-23,U0263,,6100-Freight & Shipping,165.74,Freight & Shipping charge
T000128,2026-05-19,U0262,,6070-Utilities,264.3,Utilities charge
T000129,2025-12-25,U0203,U0289,6030-Professional Fees,549.83,Professional Fees charge
T000130,2026-08-31,U0136,,6090-Equipment,283.21,Equipment charge
T000131,2026-03-07,U0332,,6010-Office Supplies,89.5,Office Supplies charge
T000132,2025-10-28,U0211,,6100-Freight & Shipping,531.35,Freight & Shipping charge
T000133,2026-05-28,U0084,U0354,6050-Facilities,153.16,Facilities charge
T000134,2026-01-04,U0054,,6080-Consulting,829.61,Consulting charge
T000135,2025-10-10,U0391,,6090-Equipment,179.22,Equipment charge
T000136,2026-02-23,U0036,,6090-Equipment,2710.61,Equipment charge
T000137,2026-04-29,U0296,,6100-Freight & Shipping,208.18,Freight & Shipping charge
T000138,2026-01-27,U0167,,6030-Professional Fees,345.76,Professional Fees charge
T000139,2026-06-16,U0172,,6050-Facilities,1205.76,Facilities charge
T000140,2026-06-21,U0099,U0364,6010-Office Supplies,127.24,Office Supplies charge
T000141,2026-01-25,U0020,,6080-Consulting,632.83,Consulting charge
T000142,2026-01-08,U0159,U0147,6030-Professional Fees,2075.29,Professional Fees charge
T000143,2025-10-28,U0013,,6100-Freight & Shipping,84.08,Freight & Shipping charge
T000144,2026-08-04,U0089,U0136,6080-Consulting,603.71,Consulting charge
T000145,2025-12-02,U0280,,6090-Equipment,655.81,Equipment charge
T000146,2025-11-14,U0052,U0287,6100-Freight & Shipping,1164.45,Freight & Shipping charge
T000147,2026-03-16,U0238,,6040-IT Software,126.39,IT Software charge
T000148,2025-12-17,U0098,,6100-Freight & Shipping,115.3,Freight & Shipping charge
T000149,2026-01-14,U0375,,6020-Travel & Entertainment,874.92,Travel & Entertainment charge
T000150,2026-02-02,U0275,,6080-Consulting,683.13,Consulting charge
T000151,2025-12-29,U0307,,6070-Utilities,649.07,Utilities charge
T000152,2025-11-14,U0150,U0260,6090-Equipment,721.33,Equipment charge
T000153,2026-08-14,U0219,,6060-Marketing,233.22,Marketing charge
T000154,2025-10-20,U0029,,6090-Equipment,636.18,Equipment charge
T000155,2026-07-10,U0250,U0060,6050-Facilities,680.2,Facilities charge
T000156,2026-08-02,U0146,,6100-Freight & Shipping,224.58,Freight & Shipping charge
T000157,2026-08-11,U0138,,6100-Freight & Shipping,3836.64,Freight & Shipping charge
T000158,2026-08-20,U0395,U0009,6030-Professional Fees,829.83,Professional Fees charge
T000159,2025-09-07,U0043,U0259,6070-Utilities,132.9,Utilities charge
T000160,2025-12-22,U0201,U0362,6050-Facilities,1014.56,Facilities charge
T000161,2025-09-30,U0056,,6100-Freight & Shipping,168.65,Freight & Shipping charge
T000162,2026-07-24,U0347,U0351,6020-Travel & Entertainment,1171.21,Travel & Entertainment charge
T000163,2026-03-12,U0076,U0066,6100-Freight & Shipping,1762.44,Freight & Shipping charge
T000164,2026-01-08,U0108,,6050-Facilities,199.79,Facilities charge
T000165,2026-04-21,U0374,,6050-Facilities,1421.85,Facilities charge
T000166,2026-02-13,U0390,U0040,6050-Facilities,775.93,Facilities charge
T000167,2026-03-18,U0219,U0151,6060-Marketing,1217.15,Marketing charge
T000168,2026-04-14,U0105,,6020-Travel & Entertainment,3969.81,Travel & Entertainment charge
T000169,2026-03-21,U0353,U0311,6030-Professional Fees,376.18,Professional Fees charge
T000170,2025-12-21,U0249,,6100-Freight & Shipping,215.05,Freight & Shipping charge
T000171,2025-10-23,U0148,,6010-Office Supplies,185.22,Office Supplies charge
T000172,2026-04-17,U0144,U0375,6010-Office Supplies,200.86,Office Supplies charge
T000173,2025-09-20,U0001,,6070-Utilities,452.68,Utilities charge
T000174,2026-06-22,U0225,,6010-Office Supplies,717.14,Office Supplies charge
T000175,2026-05-03,U0284,,6070-Utilities,668.05,Utilities charge
T000176,2026-06-20,U0359,U0188,6040-IT Software,5000.0,IT Software charge
T000177,2026-02-03,U0398,,6070-Utilities,1224.03,Utilities charge
T000178,2025-10-17,U0379,,6060-Marketing,499.85,Marketing charge
T000179,2026-04-24,U0050,U0028,6050-Facilities,2437.89,Facilities charge
T000180,2026-08-05,U0220,,6040-IT Software,368.29,IT Software charge
T000181,2026-07-20,U0064,U0255,6060-Marketing,9820.1,Marketing charge
T000182,2025-11-11,U0112,,6010-Office Supplies,980.67,Office Supplies charge
T000183,2026-01-01,U0342,,6080-Consulting,191.93,Consulting charge
T000184,2026-02-05,U0376,,6080-Consulting,151.72,Consulting charge
T000185,2025-09-09,U0260,,6010-Office Supplies,837.75,Office Supplies charge
T000186,2026-03-27,U0029,,6020-Travel & Entertainment,385.36,Travel & Entertainment charge
T000187,2026-04-23,U0301,,6090-Equipment,1080.74,Equipment charge
T000188,2025-09-19,U0045,U0361,6030-Professional Fees,829.28,Professional Fees charge
T000189,2025-10-25,U0359,U0341,6030-Professional Fees,4900.0,Professional Fees charge
T000190,2025-10-25,U0041,,6020-Travel & Entertainment,454.81,Travel & Entertainment charge
T000191,2025-10-03,U0127,,6040-IT Software,194.13,IT Software charge
T000192,2026-03-25,U0396,,6060-Marketing,93.1,Marketing charge
T000193,2025-11-10,U0315,,6060-Marketing,301.52,Marketing charge
T000194,2026-07-01,U0031,U0085,6030-Professional Fees,1264.0,Professional Fees charge
T000195,2025-11-26,U0239,,6060-Marketing,623.6,Marketing charge
T000196,2025-09-21,U0335,,6030-Professional Fees,125.17,Professional Fees charge
T000197,2025-09-06,U0162,U0383,6030-Professional Fees,4950.0,Professional Fees charge
T000198,2026-01-24,U0342,,6070-Utilities,596.15,Utilities charge
T000199,2026-08-21,U0275,,6030-Professional Fees,752.84,Professional Fees charge
T000200,2026-04-19,U0301,U0027,6070-Utilities,186.37,Utilities charge
T000201,2025-12-02,U0345,U0171,6080-Consulting,583.53,Consulting charge
T000202,2026-04-03,U0200,U0307,6010-Office Supplies,525.33,Office Supplies charge
T000203,2026-07-14,U0058,,6060-Marketing,140.15,Marketing charge
T000204,2025-12-22,U0293,,6080-Consulting,730.38,Consulting charge
T000205,2025-09-28,U0158,U0275,6040-IT Software,913.12,IT Software charge
T000206,2025-11-30,U0287,U0379,6030-Professional Fees,1621.9,Professional Fees charge
T000207,2026-01-24,U0208,,6040-IT Software,1570.55,IT Software charge
T000208,2025-09-23,U0262,,6020-Travel & Entertainment,108.26,Travel & Entertainment charge
T000209,2025-11-20,U0104,U0136,6010-Office Supplies,175.63,Office Supplies charge
T000210,2026-07-01,U0257,U0396,6100-Freight & Shipping,868.3,Freight & Shipping charge
T000211,2025-12-27,U0183,U0239,6020-Travel & Entertainment,867.11,Travel & Entertainment charge
T000212,2026-03-12,U0117,,6040-IT Software,868.31,IT Software charge
T000213,2026-04-12,U0036,U0106,6030-Professional Fees,34132.48,Professional Fees charge
T000214,2026-03-11,U0222,U0205,6030-Professional Fees,923.32,Professional Fees charge
T000215,2025-12-13,U0154,,6060-Marketing,1718.35,Marketing charge
T000216,2026-01-22,U0039,,6030-Professional Fees,1407.26,Professional Fees charge
T000217,2025-11-27,U0242,U0093,6060-Marketing,1008.81,Marketing charge
T000218,2026-07-11,U0372,,6030-Professional Fees,348.35,Professional Fees charge
T000219,2025-10-15,U0132,,6070-Utilities,1135.54,Utilities charge
T000220,2026-06-30,U0125,U0249,6080-Consulting,210.59,Consulting charge
T000221,2026-01-05,U0142,U0342,6060-Marketing,379.74,Marketing charge
T000222,2026-06-21,U0088,U0273,6010-Office Supplies,288.91,Office Supplies charge
T000223,2025-09-18,U0292,,6070-Utilities,539.19,Utilities charge
T000224,2026-04-20,U0060,U0011,6080-Consulting,6286.28,Consulting charge
T000225,2025-12-21,U0235,U0055,6030-Professional Fees,63.18,Professional Fees charge
T000226,2026-05-04,U0014,,6050-Facilities,1048.26,Facilities charge
T000227,2026-06-26,U0328,,6010-Office Supplies,83.6,Office Supplies charge
T000228,2026-08-27,U0081,,6070-Utilities,293.21,Utilities charge
T000229,2026-04-26,U0364,U0188,6010-Office Supplies,1632.46,Office Supplies charge
T000230,2025-09-17,U0306,U0355,6050-Facilities,528.85,Facilities charge
T000231,2026-06-22,U0313,U0189,6040-IT Software,150.58,IT Software charge
T000232,2026-05-22,U0037,U0211,6060-Marketing,224.34,Marketing charge
T000233,2026-07-14,U0269,U0323,6010-Office Supplies,1040.6,Office Supplies charge
T000234,2026-06-15,U0043,,6040-IT Software,220.65,IT Software charge
T000235,2025-10-29,U0311,,6080-Consulting,625.22,Consulting charge
T000236,2025-12-25,U0122,U0398,6060-Marketing,518.08,Marketing charge
T000237,2026-01-20,U0245,,6010-Office Supplies,240.62,Office Supplies charge
T000238,2026-05-15,U0280,U0308,6090-Equipment,5210.02,Equipment charge
T000239,2026-05-31,U0396,,6050-Facilities,989.61,Facilities charge
T000240,2026-08-21,U0393,,6020-Travel & Entertainment,53.11,Travel & Entertainment charge
T000241,2025-10-12,U0053,U0048,6070-Utilities,604.92,Utilities charge
T000242,2025-11-24,U0065,U0090,6050-Facilities,237.94,Facilities charge
T000243,2026-05-25,U0119,,6010-Office Supplies,1258.5,Office Supplies charge
T000244,2025-11-07,U0313,,6080-Consulting,206.07,Consulting charge
T000245,2025-09-11,U0377,U0133,6050-Facilities,434.32,Facilities charge
T000246,2026-07-28,U0300,,6060-Marketing,858.76,Marketing charge
T000247,2026-02-15,U0377,,6080-Consulting,1277.08,Consulting charge
T000248,2026-04-16,U0316,U0173,6080-Consulting,131.59,Consulting charge
T000249,2026-01-12,U0100,,6040-IT Software,341.06,IT Software charge
T000250,2025-11-15,U0032,,6060-Marketing,292.24,Marketing charge
T000251,2025-11-22,U0359,,6090-Equipment,240.17,Equipment charge
T000252,2025-11-18,U0390,U0179,6030-Professional Fees,3435.78,Professional Fees charge
T000253,2025-11-04,U0331,U0323,6080-Consulting,769.3,Consulting charge
T000254,2026-08-07,U0025,U0260,6060-Marketing,123.1,Marketing charge
T000255,2025-11-23,U0311,,6090-Equipment,1352.42,Equipment charge
T000256,2026-05-14,U0234,U0091,6030-Professional Fees,5086.64,Professional Fees charge
T000257,2026-06-07,U0004,,6090-Equipment,1534.12,Equipment charge
T000258,2026-01-27,U0274,,6100-Freight & Shipping,92.64,Freight & Shipping charge
T000259,2026-02-21,U0256,,6020-Travel & Entertainment,289.26,Travel & Entertainment charge
T000260,2026-08-14,U0082,U0361,6090-Equipment,1985.45,Equipment charge
T000261,2026-04-17,U0127,U0376,6060-Marketing,226.23,Marketing charge
T000262,2026-06-26,U0114,,6090-Equipment,802.88,Equipment charge
T000263,2025-12-10,U0159,,6010-Office Supplies,1155.28,Office Supplies charge
T000264,2026-08-10,U0395,,6020-Travel & Entertainment,177.75,Travel & Entertainment charge
T000265,2026-02-10,U0284,,6100-Freight & Shipping,461.52,Freight & Shipping charge
T000266,2026-03-04,U0390,,6070-Utilities,15.0,Utilities charge
T000267,2026-04-17,U0039,U0258,6060-Marketing,4999.0,Marketing charge
T000268,2026-04-15,U0239,,6050-Facilities,159.68,Facilities charge
T000269,2026-04-01,U0246,,6030-Professional Fees,373.22,Professional Fees charge
T000270,2025-12-16,U0085,,6050-Facilities,124.89,Facilities charge
T000271,2025-10-04,U0189,U0237,6100-Freight & Shipping,2968.03,Freight & Shipping charge
T000272,2026-01-18,U0374,,6070-Utilities,102.19,Utilities charge
T000273,2025-11-10,U0326,,6040-IT Software,303.67,IT Software charge
T000274,2026-05-10,U0319,,6010-Office Supplies,568.96,Office Supplies charge
T000275,2026-02-03,U0337,,6080-Consulting,2405.23,Consulting charge
T000276,2025-09-02,U0020,,6030-Professional Fees,101.55,Professional Fees charge
T000277,2026-04-30,U0371,,6020-Travel & Entertainment,1771.32,Travel & Entertainment charge
T000278,2025-12-01,U0241,,6080-Consulting,498.33,Consulting charge
T000279,2025-11-01,U0021,,6050-Facilities,167.39,Facilities charge
T000280,2026-03-05,U0347,,6100-Freight & Shipping,819.19,Freight & Shipping charge
T000281,2026-07-19,U0148,,6080-Consulting,613.37,Consulting charge
T000282,2025-10-04,U0039,,6100-Freight & Shipping,4995.0,Freight & Shipping charge
T000283,2026-03-02,U0080,,6030-Professional Fees,254.62,Professional Fees charge
T000284,2026-03-02,U0371,,6010-Office Supplies,532.07,Office Supplies charge
T000285,2026-05-22,U0048,U0059,6040-IT Software,322.52,IT Software charge
T000286,2025-11-25,U0347,,6090-Equipment,558.28,Equipment charge
T000287,2026-02-02,U0399,,6050-Facilities,1020.8,Facilities charge
T000288,2026-06-01,U0059,U0082,6100-Freight & Shipping,2820.36,Freight & Shipping charge
T000289,2026-01-23,U0299,,6060-Marketing,126.27,Marketing charge
T000290,2025-10-23,U0096,U0112,6040-IT Software,5147.86,IT Software charge
T000291,2026-07-12,U0322,,6090-Equipment,57.55,Equipment charge
T000292,2026-04-02,U0068,U0078,6080-Consulting,416.98,Consulting charge
T000293,2026-05-04,U0014,,6060-Marketing,941.19,Marketing charge
T000294,2026-07-03,U0256,,6090-Equipment,671.22,Equipment charge
T000295,2025-09-15,U0172,,6020-Travel & Entertainment,248.4,Travel & Entertainment charge
T000296,2026-08-19,U0084,U0049,6040-IT Software,391.92,IT Software charge
T000297,2026-08-20,U0246,,6020-Travel & Entertainment,286.49,Travel & Entertainment charge
T000298,2025-09-22,U0249,,6040-IT Software,257.67,IT Software charge
T000299,2026-07-01,U0296,,6010-Office Supplies,1254.59,Office Supplies charge
T000300,2025-10-04,U0030,,6050-Facilities,729.76,Facilities charge
T000301,2026-07-06,U0073,U0393,6040-IT Software,229.94,IT Software charge
T000302,2025-09-15,U0201,,6020-Travel & Entertainment,1325.52,Travel & Entertainment charge
T000303,2026-06-24,U0159,,6060-Marketing,690.92,Marketing charge
T000304,2026-01-02,U0354,U0333,6090-Equipment,1204.9,Equipment charge
T000305,2026-05-29,U0013,,6040-IT Software,984.95,IT Software charge
T000306,2026-06-03,U0100,U0125,6010-Office Supplies,197.97,Office Supplies charge
T000307,2026-08-29,U0292,,6080-Consulting,266.08,Consulting charge
T000308,2026-08-11,U0255,,6020-Travel & Entertainment,1121.05,Travel & Entertainment charge
T000309,2026-04-06,U0218,,6040-IT Software,964.3,IT Software charge
T000310,2025-11-03,U0177,U0207,6080-Consulting,481.55,Consulting charge
T000311,2026-06-13,U0164,,6010-Office Supplies,560.63,Office Supplies charge
T000312,2026-01-24,U0221,,6080-Consulting,2009.08,Consulting charge
T000313,2025-12-25,U0257,,6090-Equipment,257.05,Equipment charge
T000314,2025-12-06,U0248,,6020-Travel & Entertainment,899.47,Travel & Entertainment charge
T000315,2025-10-25,U0359,U0396,6030-Professional Fees,5000.0,Professional Fees charge
T000316,2025-11-01,U0052,,6030-Professional Fees,394.49,Professional Fees charge
T000317,2025-11-26,U0062,U0118,6020-Travel & Entertainment,387.82,Travel & Entertainment charge
T000318,2026-03-26,U0344,,6020-Travel & Entertainment,1650.2,Travel & Entertainment charge
T000319,2026-01-21,U0288,,6100-Freight & Shipping,1221.65,Freight & Shipping charge
T000320,2026-03-24,U0376,,6060-Marketing,1205.75,Marketing charge
T000321,2026-05-07,U0234,,6090-Equipment,2071.5,Equipment charge
T000322,2025-11-02,U0065,U0080,6050-Facilities,504.27,Facilities charge
T000323,2025-10-21,U0023,,6010-Office Supplies,1043.3,Office Supplies charge
T000324,2025-12-01,U0020,,6070-Utilities,350.27,Utilities charge
T000325,2026-07-16,U0172,U0301,6100-Freight & Shipping,703.86,Freight & Shipping charge
T000326,2026-04-27,U0285,,6040-IT Software,427.03,IT Software charge
T000327,2026-01-12,U0292,,6090-Equipment,548.23,Equipment charge
T000328,2025-09-10,U0315,,6010-Office Supplies,948.3,Office Supplies charge
T000329,2026-03-16,U0070,,6080-Consulting,200.33,Consulting charge
T000330,2025-09-19,U0266,,6010-Office Supplies,4922.77,Office Supplies charge
T000331,2026-08-28,U0172,U0225,6030-Professional Fees,162.94,Professional Fees charge
T000332,2025-10-27,U0281,,6100-Freight & Shipping,129.59,Freight & Shipping charge
T000333,2026-06-04,U0399,,6100-Freight & Shipping,1761.5,Freight & Shipping charge
T000334,2026-05-18,U0093,,6010-Office Supplies,1177.12,Office Supplies charge
T000335,2026-07-13,U0217,U0040,6060-Marketing,979.0,Marketing charge
T000336,2026-06-30,U0021,,6010-Office Supplies,983.56,Office Supplies charge
T000337,2025-09-14,U0336,,6060-Marketing,486.16,Marketing charge
T000338,2026-03-30,U0204,U0135,6060-Marketing,183.65,Marketing charge
T000339,2026-02-07,U0379,,6100-Freight & Shipping,535.6,Freight & Shipping charge
T000340,2025-10-29,U0173,,6060-Marketing,233.95,Marketing charge
T000341,2026-04-24,U0027,,6070-Utilities,1440.34,Utilities charge
T000342,2025-09-11,U0152,,6080-Consulting,419.15,Consulting charge
T000343,2026-06-20,U0217,U0284,6070-Utilities,198.73,Utilities charge
T000344,2026-08-20,U0061,,6040-IT Software,346.01,IT Software charge
T000345,2026-02-21,U0390,,6030-Professional Fees,776.06,Professional Fees charge
T000346,2025-12-13,U0252,,6080-Consulting,265.05,Consulting charge
T000347,2026-06-02,U0047,U0331,6040-IT Software,199.45,IT Software charge
T000348,2025-12-25,U0232,U0335,6100-Freight & Shipping,644.23,Freight & Shipping charge
T000349,2026-07-01,U0058,,6060-Marketing,645.14,Marketing charge
T000350,2026-05-02,U0306,,6070-Utilities,282.13,Utilities charge
T000351,2026-02-02,U0382,,6090-Equipment,293.49,Equipment charge
T000352,2026-02-08,U0311,U0297,6040-IT Software,636.04,IT Software charge
T000353,2026-08-10,U0262,U0299,6090-Equipment,100.19,Equipment charge
T000354,2026-06-23,U0109,,6080-Consulting,104.77,Consulting charge
T000355,2026-01-16,U0270,,6090-Equipment,223.57,Equipment charge
T000356,2026-06-17,U0251,,6010-Office Supplies,389.63,Office Supplies charge
T000357,2026-01-02,U0087,,6030-Professional Fees,693.67,Professional Fees charge
T000358,2026-03-30,U0251,,6060-Marketing,2497.12,Marketing charge
T000359,2025-12-14,U0369,U0095,6070-Utilities,1265.76,Utilities charge
T000360,2026-08-18,U0147,U0088,6100-Freight & Shipping,413.26,Freight & Shipping charge
T000361,2025-09-15,U0113,,6040-IT Software,482.55,IT Software charge
T000362,2026-06-14,U0280,,6070-Utilities,163.57,Utilities charge
T000363,2025-11-21,U0118,U0160,6050-Facilities,482.82,Facilities charge
T000364,2026-06-09,U0386,U0280,6030-Professional Fees,358.7,Professional Fees charge
T000365,2025-09-29,U0016,U0042,6020-Travel & Entertainment,702.74,Travel & Entertainment charge
T000366,2026-03-06,U0235,,6020-Travel & Entertainment,198.35,Travel & Entertainment charge
T000367,2025-12-30,U0082,,6020-Travel & Entertainment,872.43,Travel & Entertainment charge
T000368,2026-05-26,U0071,,6100-Freight & Shipping,2659.82,Freight & Shipping charge
T000369,2026-05-13,U0144,U0178,6020-Travel & Entertainment,437.19,Travel & Entertainment charge
T000370,2026-06-27,U0186,,6070-Utilities,766.54,Utilities charge
T000371,2025-12-21,U0245,U0157,6030-Professional Fees,1052.75,Professional Fees charge
T000372,2026-03-29,U0255,U0309,6050-Facilities,316.92,Facilities charge
T000373,2026-08-25,U0215,,6020-Travel & Entertainment,630.49,Travel & Entertainment charge
T000374,2026-01-05,U0398,,6050-Facilities,499.62,Facilities charge
T000375,2026-05-02,U0207,U0352,6060-Marketing,548.64,Marketing charge
T000376,2026-08-06,U0025,,6010-Office Supplies,210.54,Office Supplies charge
T000377,2026-01-08,U0137,,6090-Equipment,506.21,Equipment charge
T000378,2026-08-17,U0207,U0257,6020-Travel & Entertainment,852.18,Travel & Entertainment charge
T000379,2025-09-05,U0222,,6070-Utilities,2431.49,Utilities charge
T000380,2025-10-17,U0171,,6040-IT Software,1415.44,IT Software charge
T000381,2026-04-13,U0095,U0236,6060-Marketing,5263.23,Marketing charge
T000382,2026-01-19,U0025,,6020-Travel & Entertainment,211.86,Travel & Entertainment charge
T000383,2026-03-31,U0273,,6060-Marketing,1286.34,Marketing charge
T000384,2025-11-22,U0061,,6050-Facilities,602.85,Facilities charge
T000385,2026-06-08,U0349,U0035,6060-Marketing,5479.58,Marketing charge
T000386,2026-07-26,U0375,,6030-Professional Fees,202.53,Professional Fees charge
T000387,2025-09-02,U0080,,6070-Utilities,195.65,Utilities charge
T000388,2025-10-13,U0331,,6020-Travel & Entertainment,254.85,Travel & Entertainment charge
T000389,2025-11-06,U0381,,6100-Freight & Shipping,47.64,Freight & Shipping charge
T000390,2026-04-20,U0180,U0101,6080-Consulting,276.35,Consulting charge
T000391,2026-07-01,U0400,U0239,6060-Marketing,213.78,Marketing charge
T000392,2025-12-03,U0211,,6070-Utilities,581.4,Utilities charge
T000393,2025-12-24,U0328,,6010-Office Supplies,717.61,Office Supplies charge
T000394,2026-07-11,U0379,,6040-IT Software,3880.77,IT Software charge
T000395,2026-01-13,U0116,,6030-Professional Fees,1401.74,Professional Fees charge
T000396,2026-01-12,U0348,,6030-Professional Fees,261.23,Professional Fees charge
T000397,2025-10-31,U0326,,6010-Office Supplies,183.41,Office Supplies charge
T000398,2026-08-11,U0262,,6080-Consulting,846.5,Consulting charge
T000399,2026-01-15,U0112,,6050-Facilities,115.32,Facilities charge
T000400,2025-12-15,U0249,,6100-Freight & Shipping,3694.52,Freight & Shipping charge
T000401,2025-12-06,U0395,,6070-Utilities,1803.32,Utilities charge
T000402,2026-01-27,U0021,,6050-Facilities,294.1,Facilities charge
T000403,2026-03-09,U0143,,6100-Freight & Shipping,74.85,Freight & Shipping charge
T000404,2026-04-29,U0010,,6030-Professional Fees,2184.76,Professional Fees charge
T000405,2026-08-18,U0229,,6040-IT Software,434.42,IT Software charge
T000406,2026-01-10,U0345,U0188,6020-Travel & Entertainment,1922.92,Travel & Entertainment charge
T000407,2026-04-30,U0135,,6060-Marketing,85.3,Marketing charge
T000408,2026-03-22,U0117,,6010-Office Supplies,2000.0,Office Supplies charge
T000409,2026-06-14,U0077,U0292,6010-Office Supplies,254.85,Office Supplies charge
T000410,2026-02-21,U0285,,6080-Consulting,495.6,Consulting charge
T000411,2026-04-10,U0306,,6030-Professional Fees,518.88,Professional Fees charge
T000412,2026-05-14,U0075,,6050-Facilities,300.34,Facilities charge
T000413,2026-01-13,U0161,,6100-Freight & Shipping,977.63,Freight & Shipping charge
T000414,2026-02-08,U0298,,6070-Utilities,152.26,Utilities charge
T000415,2025-11-17,U0284,,6090-Equipment,421.32,Equipment charge
T000416,2025-09-28,U0255,U0026,6040-IT Software,562.46,IT Software charge
T000417,2026-01-12,U0272,,6030-Professional Fees,867.73,Professional Fees charge
T000418,2025-09-21,U0286,,6080-Consulting,1077.91,Consulting charge
T000419,2026-04-23,U0280,,6080-Consulting,143.01,Consulting charge
T000420,2025-11-03,U0087,,6060-Marketing,91.15,Marketing charge
T000421,2025-11-26,U0106,,6090-Equipment,2009.1,Equipment charge
T000422,2026-06-27,U0388,,6040-IT Software,710.2,IT Software charge
T000423,2026-06-20,U0303,U0288,6030-Professional Fees,216.3,Professional Fees charge
T000424,2025-10-19,U0395,,6060-Marketing,2714.24,Marketing charge
T000425,2025-11-02,U0397,,6070-Utilities,559.61,Utilities charge
T000426,2026-02-13,U0064,,6030-Professional Fees,1803.04,Professional Fees charge
T000427,2026-05-04,U0386,U0385,6080-Consulting,530.74,Consulting charge
T000428,2026-02-16,U0004,,6010-Office Supplies,4754.39,Office Supplies charge
T000429,2026-06-19,U0183,U0377,6030-Professional Fees,3397.77,Professional Fees charge
T000430,2026-02-13,U0161,,6010-Office Supplies,374.71,Office Supplies charge
T000431,2026-03-15,U0349,U0231,6020-Travel & Entertainment,1434.72,Travel & Entertainment charge
T000432,2025-09-11,U0054,,6040-IT Software,1002.16,IT Software charge
T000433,2026-07-29,U0162,,6030-Professional Fees,2220.52,Professional Fees charge
T000434,2026-02-06,U0250,,6100-Freight & Shipping,170.47,Freight & Shipping charge
T000435,2026-05-21,U0211,,6040-IT Software,1048.02,IT Software charge
T000436,2026-01-16,U0275,U0245,6100-Freight & Shipping,1578.56,Freight & Shipping charge
T000437,2026-07-12,U0211,,6030-Professional Fees,71.19,Professional Fees charge
T000438,2026-05-21,U0028,,6060-Marketing,134.08,Marketing charge
T000439,2026-08-18,U0379,,6030-Professional Fees,52.29,Professional Fees charge
T000440,2026-05-27,U0379,,6020-Travel & Entertainment,366.37,Travel & Entertainment charge
T000441,2026-02-01,U0276,,6030-Professional Fees,1084.96,Professional Fees charge
T000442,2026-01-06,U0170,,6090-Equipment,2572.4,Equipment charge
T000443,2025-10-10,U0318,,6010-Office Supplies,534.59,Office Supplies charge
T000444,2025-10-19,U0238,,6080-Consulting,2955.66,Consulting charge
T000445,2026-03-01,U0145,,6050-Facilities,107.97,Facilities charge
T000446,2025-10-29,U0014,U0227,6080-Consulting,75.66,Consulting charge
T000447,2025-10-13,U0031,U0340,6070-Utilities,463.54,Utilities charge
T000448,2026-08-10,U0262,U0109,6080-Consulting,751.8,Consulting charge
T000449,2025-12-04,U0123,,6020-Travel & Entertainment,475.34,Travel & Entertainment charge
T000450,2025-10-25,U0393,U0069,6070-Utilities,50.69,Utilities charge
T000451,2025-11-27,U0011,,6080-Consulting,446.74,Consulting charge
T000452,2026-07-06,U0385,,6080-Consulting,117.34,Consulting charge
T000453,2026-03-04,U0356,U0080,6070-Utilities,1029.31,Utilities charge
T000454,2025-12-07,U0013,,6020-Travel & Entertainment,737.49,Travel & Entertainment charge
T000455,2025-09-14,U0111,U0139,6040-IT Software,175.24,IT Software charge
T000456,2026-07-18,U0252,,6090-Equipment,279.99,Equipment charge
T000457,2025-11-15,U0268,U0090,6080-Consulting,153.68,Consulting charge
T000458,2026-05-07,U0257,,6080-Consulting,459.92,Consulting charge
T000459,2025-12-13,U0139,,6050-Facilities,1409.03,Facilities charge
T000460,2026-02-18,U0035,,6010-Office Supplies,166.62,Office Supplies charge
T000461,2026-04-01,U0250,,6080-Consulting,857.87,Consulting charge
T000462,2026-01-27,U0319,,6010-Office Supplies,274.99,Office Supplies charge
T000463,2026-07-11,U0341,U0015,6080-Consulting,205.99,Consulting charge
T000464,2026-06-23,U0245,U0381,6060-Marketing,438.02,Marketing charge
T000465,2026-05-01,U0241,,6020-Travel & Entertainment,157.79,Travel & Entertainment charge
T000466,2026-04-18,U0198,U0113,6070-Utilities,268.0,Utilities charge
T000467,2026-02-24,U0272,U0400,6080-Consulting,131.94,Consulting charge
T000468,2026-07-06,U0191,U0225,6080-Consulting,4277.82,Consulting charge
T000469,2026-08-11,U0241,,6060-Marketing,512.24,Marketing charge
T000470,2026-07-16,U0095,,6040-IT Software,228.22,IT Software charge
T000471,2026-05-06,U0390,U0284,6030-Professional Fees,623.52,Professional Fees charge
T000472,2026-04-01,U0061,U0032,6080-Consulting,435.48,Consulting charge
T000473,2026-03-03,U0015,U0292,6050-Facilities,386.42,Facilities charge
T000474,2025-10-03,U0024,,6060-Marketing,968.34,Marketing charge
T000475,2026-06-15,U0071,,6040-IT Software,1133.72,IT Software charge
T000476,2025-09-24,U0203,U0298,6090-Equipment,274.91,Equipment charge
T000477,2026-08-09,U0350,,6020-Travel & Entertainment,261.54,Travel & Entertainment charge
T000478,2026-04-23,U0253,,6020-Travel & Entertainment,364.11,Travel & Entertainment charge
T000479,2025-10-23,U0353,U0368,6090-Equipment,39.17,Equipment charge
T000480,2025-12-15,U0070,U0257,6060-Marketing,93.06,Marketing charge
T000481,2026-05-14,U0293,,6020-Travel & Entertainment,2216.23,Travel & Entertainment charge
T000482,2025-11-02,U0081,,6040-IT Software,3009.31,IT Software charge
T000483,2026-01-04,U0008,,6080-Consulting,374.68,Consulting charge
T000484,2026-01-15,U0052,,6060-Marketing,929.1,Marketing charge
T000485,2026-08-07,U0367,,6040-IT Software,693.93,IT Software charge
T000486,2025-12-26,U0243,U0236,6030-Professional Fees,14570.71,Professional Fees charge
T000487,2026-05-23,U0264,,6060-Marketing,1688.39,Marketing charge
T000488,2026-05-23,U0010,,6020-Travel & Entertainment,428.07,Travel & Entertainment charge
T000489,2026-04-11,U0097,U0376,6010-Office Supplies,172.24,Office Supplies charge
T000490,2026-06-22,U0089,,6010-Office Supplies,84.18,Office Supplies charge
T000491,2026-05-25,U0387,,6050-Facilities,616.35,Facilities charge
T000492,2026-02-03,U0319,U0160,6060-Marketing,214.44,Marketing charge
T000493,2026-07-10,U0305,,6030-Professional Fees,103.08,Professional Fees charge
T000494,2026-06-06,U0120,,6100-Freight & Shipping,241.96,Freight & Shipping charge
T000495,2026-07-30,U0194,,6070-Utilities,149.95,Utilities charge
T000496,2025-09-19,U0052,,6090-Equipment,3152.2,Equipment charge
T000497,2026-05-25,U0074,U0319,6090-Equipment,1299.59,Equipment charge
T000498,2026-05-25,U0176,U0021,6060-Marketing,488.45,Marketing charge
T000499,2026-07-01,U0311,,6050-Facilities,2509.75,Facilities charge
T000500,2026-05-17,U0245,,6020-Travel & Entertainment,536.52,Travel & Entertainment charge
T000501,2026-07-19,U0148,U0383,6090-Equipment,191.06,Equipment charge
T000502,2026-04-18,U0073,U0192,6050-Facilities,2631.83,Facilities charge
T000503,2026-06-25,U0135,,6100-Freight & Shipping,891.41,Freight & Shipping charge
T000504,2026-06-01,U0389,U0391,6100-Freight & Shipping,157.44,Freight & Shipping charge
T000505,2026-08-11,U0329,,6030-Professional Fees,399.67,Professional Fees charge
T000506,2025-10-24,U0142,U0207,6060-Marketing,188.07,Marketing charge
T000507,2025-10-21,U0262,,6030-Professional Fees,107.65,Professional Fees charge
T000508,2025-10-18,U0050,U0125,6010-Office Supplies,1364.84,Office Supplies charge
T000509,2025-10-10,U0258,,6060-Marketing,4025.31,Marketing charge
T000510,2026-05-24,U0322,,6070-Utilities,105.8,Utilities charge
T000511,2026-04-05,U0371,,6080-Consulting,915.31,Consulting charge
T000512,2025-11-23,U0241,,6030-Professional Fees,240.88,Professional Fees charge
T000513,2025-11-06,U0264,U0123,6090-Equipment,288.35,Equipment charge
T000514,2026-05-01,U0263,,6010-Office Supplies,256.82,Office Supplies charge
T000515,2025-10-31,U0212,U0214,6100-Freight & Shipping,190.49,Freight & Shipping charge
T000516,2026-01-27,U0328,U0173,6010-Office Supplies,519.76,Office Supplies charge
T000517,2026-02-03,U0215,,6050-Facilities,197.54,Facilities charge
T000518,2026-06-29,U0084,,6070-Utilities,663.48,Utilities charge
T000519,2025-12-20,U0162,,6030-Professional Fees,466.26,Professional Fees charge
T000520,2026-06-08,U0072,U0279,6060-Marketing,378.86,Marketing charge
T000521,2026-02-06,U0329,,6100-Freight & Shipping,181.58,Freight & Shipping charge
T000522,2026-05-02,U0217,U0372,6100-Freight & Shipping,261.27,Freight & Shipping charge
T000523,2026-04-19,U0266,,6080-Consulting,1131.08,Consulting charge
T000524,2026-07-17,U0054,U0229,6100-Freight & Shipping,854.92,Freight & Shipping charge
T000525,2026-06-04,U0191,,6010-Office Supplies,168.12,Office Supplies charge
T000526,2026-07-28,U0159,,6020-Travel & Entertainment,549.64,Travel & Entertainment charge
T000527,2026-07-20,U0328,U0322,6050-Facilities,1126.11,Facilities charge
T000528,2025-12-08,U0052,,6100-Freight & Shipping,78.54,Freight & Shipping charge
T000529,2026-05-26,U0327,,6040-IT Software,895.78,IT Software charge
T000530,2025-11-01,U0015,U0121,6090-Equipment,237.72,Equipment charge
T000531,2026-08-28,U0140,,6100-Freight & Shipping,923.03,Freight & Shipping charge
T000532,2026-02-12,U0351,,6070-Utilities,212.81,Utilities charge
T000533,2026-02-22,U0017,U0306,6070-Utilities,67.67,Utilities charge
T000534,2026-03-15,U0179,,6050-Facilities,82.25,Facilities charge
T000535,2025-11-26,U0313,U0054,6050-Facilities,519.51,Facilities charge
T000536,2026-02-05,U0090,U0185,6070-Utilities,655.69,Utilities charge
T000537,2025-09-14,U0106,U0084,6010-Office Supplies,182.23,Office Supplies charge
T000538,2026-02-13,U0238,,6050-Facilities,994.71,Facilities charge
T000539,2025-09-27,U0071,,6040-IT Software,79.23,IT Software charge
T000540,2026-05-11,U0136,,6090-Equipment,458.2,Equipment charge
T000541,2026-01-16,U0068,,6010-Office Supplies,130.05,Office Supplies charge
T000542,2026-05-06,U0042,U0015,6010-Office Supplies,240.56,Office Supplies charge
T000543,2026-06-11,U0153,U0321,6100-Freight & Shipping,519.12,Freight & Shipping charge
T000544,2025-11-04,U0382,,6050-Facilities,191.24,Facilities charge
T000545,2026-05-15,U0371,U0311,6040-IT Software,322.79,IT Software charge
T000546,2026-01-04,U0099,,6090-Equipment,1490.58,Equipment charge
T000547,2025-11-29,U0162,U0279,6010-Office Supplies,9900.0,Office Supplies charge
T000548,2026-07-04,U0155,,6050-Facilities,261.23,Facilities charge
T000549,2026-07-21,U0201,,6040-IT Software,1235.54,IT Software charge
T000550,2025-11-22,U0031,,6090-Equipment,142.21,Equipment charge
T000551,2026-08-24,U0227,,6020-Travel & Entertainment,882.52,Travel & Entertainment charge
T000552,2026-04-10,U0160,,6040-IT Software,2406.01,IT Software charge
T000553,2026-08-16,U0179,,6060-Marketing,32.5,Marketing charge
T000554,2026-01-18,U0261,,6040-IT Software,205.08,IT Software charge
T000555,2026-04-24,U0122,,6100-Freight & Shipping,929.62,Freight & Shipping charge
T000556,2026-07-28,U0078,U0009,6010-Office Supplies,394.12,Office Supplies charge
T000557,2025-11-28,U0393,,6070-Utilities,741.19,Utilities charge
T000558,2026-03-21,U0282,,6090-Equipment,253.56,Equipment charge
T000559,2025-10-10,U0382,,6090-Equipment,541.99,Equipment charge
T000560,2026-04-16,U0392,,6020-Travel & Entertainment,415.2,Travel & Entertainment charge
T000561,2026-03-03,U0348,,6070-Utilities,1780.34,Utilities charge
T000562,2025-11-03,U0009,U0010,6080-Consulting,651.88,Consulting charge
T000563,2025-09-11,U0128,,6050-Facilities,714.34,Facilities charge
T000564,2025-10-17,U0113,,6100-Freight & Shipping,313.23,Freight & Shipping charge
T000565,2025-12-29,U0128,U0286,6080-Consulting,288.19,Consulting charge
T000566,2025-12-17,U0351,,6010-Office Supplies,306.18,Office Supplies charge
T000567,2025-10-27,U0227,,6050-Facilities,760.44,Facilities charge
T000568,2025-12-09,U0318,,6100-Freight & Shipping,310.11,Freight & Shipping charge
T000569,2025-10-04,U0103,U0149,6100-Freight & Shipping,677.73,Freight & Shipping charge
T000570,2025-12-26,U0327,U0397,6090-Equipment,4831.64,Equipment charge
T000571,2026-08-21,U0017,,6090-Equipment,1284.64,Equipment charge
T000572,2025-09-02,U0262,,6070-Utilities,344.25,Utilities charge
T000573,2026-02-13,U0035,,6070-Utilities,1847.03,Utilities charge
T000574,2026-08-15,U0072,,6090-Equipment,314.54,Equipment charge
T000575,2025-12-24,U0030,,6010-Office Supplies,52.36,Office Supplies charge
T000576,2026-02-09,U0259,,6010-Office Supplies,162.57,Office Supplies charge
T000577,2025-09-13,U0328,,6040-IT Software,62.94,IT Software charge
T000578,2026-01-06,U0047,,6040-IT Software,334.73,IT Software charge
T000579,2026-07-18,U0364,,6020-Travel & Entertainment,502.83,Travel & Entertainment charge
T000580,2026-07-01,U0018,U0275,6060-Marketing,3115.3,Marketing charge
T000581,2026-02-22,U0137,,6010-Office Supplies,706.0,Office Supplies charge
T000582,2025-10-08,U0136,,6100-Freight & Shipping,387.22,Freight & Shipping charge
T000583,2026-04-17,U0364,,6100-Freight & Shipping,1227.02,Freight & Shipping charge
T000584,2026-03-13,U0025,,6060-Marketing,43.28,Marketing charge
T000585,2025-10-02,U0075,,6080-Consulting,638.53,Consulting charge
T000586,2025-10-04,U0250,,6020-Travel & Entertainment,1150.5,Travel & Entertainment charge
T000587,2026-03-15,U0167,,6070-Utilities,96.89,Utilities charge
T000588,2026-07-15,U0162,U0395,6100-Freight & Shipping,5000.0,Freight & Shipping charge
T000589,2026-04-21,U0020,U0063,6090-Equipment,1733.9,Equipment charge
T000590,2026-07-02,U0011,,6020-Travel & Entertainment,715.05,Travel & Entertainment charge
T000591,2025-11-04,U0329,,6090-Equipment,312.06,Equipment charge
T000592,2026-04-16,U0361,,6030-Professional Fees,988.37,Professional Fees charge
T000593,2025-11-05,U0039,U0383,6050-Facilities,5989.49,Facilities charge
T000594,2026-02-07,U0205,,6100-Freight & Shipping,601.88,Freight & Shipping charge
T000595,2026-04-29,U0087,U0009,6050-Facilities,647.45,Facilities charge
T000596,2026-06-28,U0299,,6030-Professional Fees,297.29,Professional Fees charge
T000597,2025-09-28,U0322,,6070-Utilities,193.48,Utilities charge
T000598,2025-12-13,U0374,,6020-Travel & Entertainment,1228.28,Travel & Entertainment charge
T000599,2026-07-05,U0270,,6060-Marketing,192.16,Marketing charge
T000600,2026-07-13,U0189,U0263,6050-Facilities,533.11,Facilities charge
T000601,2026-05-12,U0029,,6040-IT Software,291.37,IT Software charge
T000602,2026-04-27,U0132,,6100-Freight & Shipping,834.54,Freight & Shipping charge
T000603,2026-03-12,U0187,,6040-IT Software,711.25,IT Software charge
T000604,2026-03-05,U0008,U0069,6010-Office Supplies,1542.71,Office Supplies charge
T000605,2026-01-27,U0084,,6080-Consulting,281.18,Consulting charge
T000606,2025-09-23,U0206,U0127,6010-Office Supplies,366.18,Office Supplies charge
T000607,2025-11-29,U0150,U0115,6060-Marketing,167.9,Marketing charge
T000608,2025-11-30,U0017,U0396,6050-Facilities,302.26,Facilities charge
T000609,2026-03-14,U0081,U0264,6020-Travel & Entertainment,746.23,Travel & Entertainment charge
T000610,2026-03-09,U0137,,6060-Marketing,1133.07,Marketing charge
T000611,2026-04-11,U0363,,6020-Travel & Entertainment,178.68,Travel & Entertainment charge
T000612,2025-12-07,U0076,,6040-IT Software,1282.5,IT Software charge
T000613,2026-07-04,U0179,U0031,6070-Utilities,2189.0,Utilities charge
T000614,2026-06-28,U0356,U0088,6040-IT Software,776.49,IT Software charge
T000615,2026-01-05,U0185,U0074,6010-Office Supplies,3883.44,Office Supplies charge
T000616,2026-06-27,U0294,U0272,6080-Consulting,210.36,Consulting charge
T000617,2026-07-12,U0388,,6020-Travel & Entertainment,125.32,Travel & Entertainment charge
T000618,2026-05-19,U0377,,6060-Marketing,69.64,Marketing charge
T000619,2026-08-31,U0181,,6060-Marketing,2554.59,Marketing charge
T000620,2026-05-01,U0286,,6050-Facilities,1012.12,Facilities charge
T000621,2026-07-30,U0336,,6010-Office Supplies,463.52,Office Supplies charge
T000622,2025-12-30,U0261,,6070-Utilities,670.46,Utilities charge
T000623,2026-06-20,U0217,,6030-Professional Fees,142.87,Professional Fees charge
T000624,2025-10-14,U0317,U0299,6030-Professional Fees,7261.39,Professional Fees charge
T000625,2025-12-27,U0202,,6100-Freight & Shipping,568.01,Freight & Shipping charge
T000626,2026-04-07,U0190,,6080-Consulting,555.76,Consulting charge
T000627,2026-02-10,U0287,U0134,6050-Facilities,1094.82,Facilities charge
T000628,2026-07-28,U0151,U0291,6020-Travel & Entertainment,836.4,Travel & Entertainment charge
T000629,2026-06-07,U0296,,6020-Travel & Entertainment,630.35,Travel & Entertainment charge
T000630,2025-10-31,U0060,,6020-Travel & Entertainment,206.54,Travel & Entertainment charge
T000631,2025-12-10,U0188,,6060-Marketing,827.67,Marketing charge
T000632,2026-01-19,U0398,,6040-IT Software,3905.84,IT Software charge
T000633,2026-01-12,U0314,U0198,6010-Office Supplies,2164.54,Office Supplies charge
T000634,2026-03-27,U0233,U0384,6100-Freight & Shipping,2842.69,Freight & Shipping charge
T000635,2025-11-16,U0296,,6070-Utilities,280.81,Utilities charge
T000636,2026-05-01,U0122,,6040-IT Software,165.91,IT Software charge
T000637,2026-04-25,U0270,,6060-Marketing,429.08,Marketing charge
T000638,2026-04-08,U0111,,6070-Utilities,523.9,Utilities charge
T000639,2025-09-16,U0321,,6060-Marketing,1641.9,Marketing charge
T000640,2025-09-05,U0173,,6080-Consulting,76.58,Consulting charge
T000641,2025-12-25,U0191,,6070-Utilities,2650.5,Utilities charge
T000642,2026-02-01,U0310,,6060-Marketing,414.13,Marketing charge
T000643,2025-11-11,U0024,,6030-Professional Fees,308.1,Professional Fees charge
T000644,2026-07-20,U0326,,6100-Freight & Shipping,161.85,Freight & Shipping charge
T000645,2026-03-15,U0225,U0221,6040-IT Software,79.81,IT Software charge
T000646,2026-05-02,U0111,,6020-Travel & Entertainment,1218.64,Travel & Entertainment charge
T000647,2026-02-03,U0374,,6020-Travel & Entertainment,534.14,Travel & Entertainment charge
T000648,2025-09-17,U0104,U0044,6100-Freight & Shipping,119.23,Freight & Shipping charge
T000649,2026-01-24,U0221,,6040-IT Software,118.56,IT Software charge
T000650,2026-04-21,U0044,U0186,6010-Office Supplies,340.58,Office Supplies charge
T000651,2026-03-20,U0237,U0243,6030-Professional Fees,3089.99,Professional Fees charge
T000652,2025-10-06,U0276,,6070-Utilities,370.35,Utilities charge
T000653,2025-12-15,U0076,,6050-Facilities,94.31,Facilities charge
T000654,2025-11-21,U0275,,6100-Freight & Shipping,376.04,Freight & Shipping charge
T000655,2026-05-16,U0118,U0085,6080-Consulting,365.04,Consulting charge
T000656,2025-10-03,U0258,U0186,6070-Utilities,25.37,Utilities charge
T000657,2026-05-10,U0327,U0055,6080-Consulting,464.18,Consulting charge
T000658,2026-07-28,U0164,,6080-Consulting,382.21,Consulting charge
T000659,2026-03-20,U0169,,6100-Freight & Shipping,1059.79,Freight & Shipping charge
T000660,2026-01-06,U0239,,6030-Professional Fees,3766.31,Professional Fees charge
T000661,2026-03-16,U0264,U0030,6030-Professional Fees,1701.43,Professional Fees charge
T000662,2025-11-20,U0137,,6050-Facilities,366.58,Facilities charge
T000663,2025-10-05,U0390,,6040-IT Software,145.89,IT Software charge
T000664,2025-11-02,U0319,U0183,6060-Marketing,8355.67,Marketing charge
T000665,2026-04-19,U0236,,6030-Professional Fees,525.92,Professional Fees charge
T000666,2025-09-14,U0267,,6020-Travel & Entertainment,500.36,Travel & Entertainment charge
T000667,2026-03-15,U0267,,6060-Marketing,479.84,Marketing charge
T000668,2025-09-20,U0229,,6010-Office Supplies,612.71,Office Supplies charge
T000669,2026-02-15,U0080,U0317,6080-Consulting,420.4,Consulting charge
T000670,2026-01-03,U0385,,6080-Consulting,262.16,Consulting charge
T000671,2025-11-27,U0095,U0073,6010-Office Supplies,270.01,Office Supplies charge
T000672,2026-03-20,U0308,,6030-Professional Fees,475.31,Professional Fees charge
T000673,2026-01-18,U0395,U0025,6030-Professional Fees,271.03,Professional Fees charge
T000674,2026-05-31,U0394,U0371,6040-IT Software,224.95,IT Software charge
T000675,2026-07-26,U0301,,6020-Travel & Entertainment,553.95,Travel & Entertainment charge
T000676,2026-07-04,U0035,,6010-Office Supplies,372.23,Office Supplies charge
T000677,2026-01-06,U0118,U0014,6060-Marketing,2577.03,Marketing charge
T000678,2025-09-15,U0243,U0392,6010-Office Supplies,26.68,Office Supplies charge
T000679,2025-12-22,U0041,,6020-Travel & Entertainment,1637.06,Travel & Entertainment charge
T000680,2025-11-25,U0098,U0186,6010-Office Supplies,1940.49,Office Supplies charge
T000681,2026-06-15,U0182,,6040-IT Software,50.36,IT Software charge
T000682,2026-04-08,U0227,U0182,6020-Travel & Entertainment,338.0,Travel & Entertainment charge
T000683,2025-09-08,U0101,U0124,6070-Utilities,327.48,Utilities charge
T000684,2025-12-22,U0264,U0364,6020-Travel & Entertainment,104.77,Travel & Entertainment charge
T000685,2025-09-23,U0211,,6020-Travel & Entertainment,209.43,Travel & Entertainment charge
T000686,2026-05-14,U0347,,6020-Travel & Entertainment,145.24,Travel & Entertainment charge
T000687,2025-11-27,U0327,,6050-Facilities,3386.31,Facilities charge
T000688,2026-08-23,U0368,,6070-Utilities,1379.18,Utilities charge
T000689,2026-02-18,U0078,,6030-Professional Fees,1995.62,Professional Fees charge
T000690,2026-08-08,U0179,U0338,6080-Consulting,1089.9,Consulting charge
T000691,2026-03-15,U0259,U0340,6090-Equipment,142.32,Equipment charge
T000692,2025-12-29,U0011,,6010-Office Supplies,276.73,Office Supplies charge
T000693,2025-12-31,U0175,,6070-Utilities,844.13,Utilities charge
T000694,2025-11-10,U0039,U0217,6060-Marketing,128.47,Marketing charge
T000695,2026-07-26,U0119,,6010-Office Supplies,1079.55,Office Supplies charge
T000696,2026-02-16,U0257,,6030-Professional Fees,378.28,Professional Fees charge
T000697,2026-05-25,U0028,U0018,6070-Utilities,326.26,Utilities charge
T000698,2026-02-17,U0132,,6060-Marketing,1077.13,Marketing charge
T000699,2026-01-06,U0389,,6040-IT Software,803.27,IT Software charge
T000700,2025-12-03,U0181,U0285,6080-Consulting,331.27,Consulting charge
T000701,2025-12-08,U0044,U0120,6010-Office Supplies,1763.87,Office Supplies charge
T000702,2025-10-17,U0074,,6030-Professional Fees,150.03,Professional Fees charge
T000703,2025-12-30,U0119,,6090-Equipment,970.23,Equipment charge
T000704,2025-11-24,U0176,U0143,6040-IT Software,946.16,IT Software charge
T000705,2026-01-25,U0172,,6100-Freight & Shipping,350.55,Freight & Shipping charge
T000706,2026-05-05,U0155,,6020-Travel & Entertainment,705.39,Travel & Entertainment charge
T000707,2025-11-25,U0217,,6080-Consulting,124.43,Consulting charge
T000708,2025-11-19,U0250,,6080-Consulting,1361.62,Consulting charge
T000709,2026-02-01,U0051,,6100-Freight & Shipping,402.06,Freight & Shipping charge
T000710,2026-01-10,U0103,,6070-Utilities,277.27,Utilities charge
T000711,2026-06-15,U0216,,6100-Freight & Shipping,1562.29,Freight & Shipping charge
T000712,2025-12-10,U0272,U0291,6030-Professional Fees,227.06,Professional Fees charge
T000713,2026-05-10,U0215,,6070-Utilities,104.66,Utilities charge
T000714,2026-03-16,U0215,,6080-Consulting,88.92,Consulting charge
T000715,2026-03-29,U0045,U0326,6010-Office Supplies,959.69,Office Supplies charge
T000716,2025-12-09,U0096,,6070-Utilities,120.49,Utilities charge
T000717,2026-05-19,U0200,,6080-Consulting,3395.73,Consulting charge
T000718,2026-07-31,U0038,,6070-Utilities,49.89,Utilities charge
T000719,2026-05-03,U0139,,6010-Office Supplies,3184.66,Office Supplies charge
T000720,2025-09-15,U0395,,6030-Professional Fees,621.49,Professional Fees charge
T000721,2025-11-15,U0397,,6050-Facilities,443.02,Facilities charge
T000722,2025-11-22,U0388,U0220,6010-Office Supplies,270.59,Office Supplies charge
T000723,2026-08-28,U0229,U0111,6100-Freight & Shipping,764.37,Freight & Shipping charge
T000724,2025-11-24,U0245,,6070-Utilities,472.77,Utilities charge
T000725,2026-08-04,U0307,,6070-Utilities,1658.44,Utilities charge
T000726,2025-10-26,U0054,,6100-Freight & Shipping,558.72,Freight & Shipping charge
T000727,2026-01-16,U0085,,6040-IT Software,581.34,IT Software charge
T000728,2025-09-04,U0174,U0044,6030-Professional Fees,330.31,Professional Fees charge
T000729,2026-05-27,U0241,,6070-Utilities,462.83,Utilities charge
T000730,2025-11-30,U0100,U0282,6060-Marketing,691.31,Marketing charge
T000731,2026-05-16,U0107,,6020-Travel & Entertainment,75.1,Travel & Entertainment charge
T000732,2025-12-12,U0109,,6010-Office Supplies,111.83,Office Supplies charge
T000733,2026-01-11,U0113,,6070-Utilities,1116.09,Utilities charge
T000734,2026-07-23,U0065,U0074,6030-Professional Fees,594.64,Professional Fees charge
T000735,2025-10-03,U0158,U0281,6060-Marketing,402.47,Marketing charge
T000736,2025-10-22,U0393,,6010-Office Supplies,502.84,Office Supplies charge
T000737,2026-08-07,U0008,U0124,6100-Freight & Shipping,722.23,Freight & Shipping charge
T000738,2025-09-04,U0301,,6070-Utilities,272.13,Utilities charge
T000739,2026-05-07,U0152,,6080-Consulting,209.32,Consulting charge
T000740,2026-03-09,U0190,,6060-Marketing,611.2,Marketing charge
T000741,2026-08-07,U0206,U0204,6070-Utilities,167.97,Utilities charge
T000742,2025-10-22,U0187,,6010-Office Supplies,772.07,Office Supplies charge
T000743,2025-09-14,U0082,,6100-Freight & Shipping,75.73,Freight & Shipping charge
T000744,2026-03-08,U0143,,6080-Consulting,1528.54,Consulting charge
T000745,2026-05-22,U0275,U0374,6070-Utilities,828.7,Utilities charge
T000746,2025-09-09,U0181,,6060-Marketing,653.04,Marketing charge
T000747,2026-08-14,U0183,,6080-Consulting,1452.38,Consulting charge
T000748,2025-10-12,U0354,,6060-Marketing,3077.96,Marketing charge
T000749,2026-08-04,U0275,U0114,6020-Travel & Entertainment,1503.89,Travel & Entertainment charge
T000750,2026-05-25,U0085,,6100-Freight & Shipping,65.04,Freight & Shipping charge
T000751,2025-11-05,U0024,,6080-Consulting,120.6,Consulting charge
T000752,2026-06-08,U0393,,6080-Consulting,247.82,Consulting charge
T000753,2026-05-05,U0069,U0387,6090-Equipment,507.1,Equipment charge
T000754,2025-10-25,U0054,U0186,6070-Utilities,870.81,Utilities charge
T000755,2026-01-22,U0220,,6040-IT Software,221.78,IT Software charge
T000756,2025-11-03,U0392,,6030-Professional Fees,605.13,Professional Fees charge
T000757,2025-10-17,U0284,,6060-Marketing,214.67,Marketing charge
T000758,2025-10-04,U0348,,6060-Marketing,251.47,Marketing charge
T000759,2026-08-01,U0219,,6090-Equipment,104.86,Equipment charge
T000760,2025-12-24,U0134,U0054,6050-Facilities,178.47,Facilities charge
T000761,2026-07-01,U0192,U0212,6040-IT Software,111.4,IT Software charge
T000762,2026-02-08,U0075,U0040,6070-Utilities,168.43,Utilities charge
T000763,2026-06-02,U0341,,6040-IT Software,1570.27,IT Software charge
T000764,2026-03-06,U0180,,6030-Professional Fees,173.41,Professional Fees charge
T000765,2026-01-30,U0162,,6070-Utilities,4999.0,Utilities charge
T000766,2025-11-15,U0263,U0025,6100-Freight & Shipping,8916.16,Freight & Shipping charge
T000767,2026-02-11,U0347,,6050-Facilities,847.8,Facilities charge
T000768,2026-08-28,U0157,,6100-Freight & Shipping,603.85,Freight & Shipping charge
T000769,2026-01-28,U0286,,6070-Utilities,191.68,Utilities charge
T000770,2025-12-17,U0090,U0106,6040-IT Software,1064.59,IT Software charge
T000771,2026-03-20,U0281,,6050-Facilities,261.6,Facilities charge
T000772,2025-09-12,U0094,,6090-Equipment,563.52,Equipment charge
T000773,2026-02-26,U0274,U0161,6070-Utilities,8234.54,Utilities charge
T000774,2026-08-23,U0161,,6040-IT Software,443.34,IT Software charge
T000775,2025-11-07,U0059,,6060-Marketing,1744.46,Marketing charge
T000776,2026-08-30,U0036,U0082,6050-Facilities,227.35,Facilities charge
T000777,2026-08-23,U0256,U0126,6080-Consulting,474.14,Consulting charge
T000778,2026-07-31,U0115,,6010-Office Supplies,3456.05,Office Supplies charge
T000779,2026-08-14,U0062,,6030-Professional Fees,247.23,Professional Fees charge
T000780,2025-11-26,U0396,,6010-Office Supplies,3618.06,Office Supplies charge
T000781,2025-09-27,U0105,,6020-Travel & Entertainment,1073.34,Travel & Entertainment charge
T000782,2026-04-11,U0342,,6030-Professional Fees,265.41,Professional Fees charge
T000783,2025-10-31,U0025,,6040-IT Software,987.97,IT Software charge
T000784,2025-11-28,U0345,,6070-Utilities,1436.28,Utilities charge
T000785,2026-08-04,U0392,,6020-Travel & Entertainment,976.52,Travel & Entertainment charge
T000786,2026-03-15,U0381,,6050-Facilities,87.6,Facilities charge
T000787,2025-11-01,U0010,,6020-Travel & Entertainment,221.44,Travel & Entertainment charge
T000788,2026-05-19,U0391,,6040-IT Software,375.3,IT Software charge
T000789,2026-05-04,U0329,U0344,6050-Facilities,454.01,Facilities charge
T000790,2026-03-16,U0106,,6080-Consulting,975.29,Consulting charge
T000791,2026-06-20,U0169,U0311,6030-Professional Fees,599.13,Professional Fees charge
T000792,2026-03-27,U0108,,6010-Office Supplies,113.42,Office Supplies charge
T000793,2026-05-09,U0306,,6020-Travel & Entertainment,748.61,Travel & Entertainment charge
T000794,2025-11-03,U0382,,6040-IT Software,964.53,IT Software charge
T000795,2025-09-21,U0162,U0120,6030-Professional Fees,4999.0,Professional Fees charge
T000796,2025-11-22,U0383,,6020-Travel & Entertainment,912.12,Travel & Entertainment charge
T000797,2025-10-14,U0025,,6020-Travel & Entertainment,1617.86,Travel & Entertainment charge
T000798,2025-11-27,U0314,,6070-Utilities,1233.13,Utilities charge
T000799,2026-02-01,U0143,,6010-Office Supplies,816.56,Office Supplies charge
T000800,2026-08-04,U0167,,6090-Equipment,456.15,Equipment charge
T000801,2026-05-26,U0177,,6060-Marketing,79.28,Marketing charge
T000802,2026-08-06,U0060,U0171,6010-Office Supplies,790.43,Office Supplies charge
T000803,2025-11-08,U0125,,6100-Freight & Shipping,619.22,Freight & Shipping charge
T000804,2025-11-05,U0159,,6100-Freight & Shipping,664.3,Freight & Shipping charge
T000805,2026-03-15,U0149,U0146,6030-Professional Fees,120.97,Professional Fees charge
T000806,2026-04-06,U0395,U0153,6030-Professional Fees,150.03,Professional Fees charge
T000807,2026-08-23,U0369,,6040-IT Software,1569.43,IT Software charge
T000808,2026-05-20,U0379,,6100-Freight & Shipping,471.77,Freight & Shipping charge
T000809,2026-04-11,U0178,,6070-Utilities,1042.79,Utilities charge
T000810,2026-01-17,U0048,,6020-Travel & Entertainment,508.34,Travel & Entertainment charge
T000811,2025-10-04,U0235,,6060-Marketing,509.14,Marketing charge
T000812,2026-01-18,U0188,U0010,6030-Professional Fees,1383.14,Professional Fees charge
T000813,2026-03-13,U0060,U0074,6040-IT Software,279.32,IT Software charge
T000814,2026-05-28,U0103,,6050-Facilities,547.7,Facilities charge
T000815,2026-05-29,U0058,,6060-Marketing,296.34,Marketing charge
T000816,2026-01-17,U0318,U0179,6100-Freight & Shipping,305.53,Freight & Shipping charge
T000817,2025-12-02,U0223,,6060-Marketing,350.69,Marketing charge
T000818,2026-06-10,U0307,,6100-Freight & Shipping,629.14,Freight & Shipping charge
T000819,2025-11-08,U0117,,6050-Facilities,4995.0,Facilities charge
T000820,2025-09-28,U0152,U0353,6060-Marketing,291.02,Marketing charge
T000821,2026-08-28,U0242,,6080-Consulting,1961.24,Consulting charge
T000822,2026-05-16,U0270,,6050-Facilities,184.18,Facilities charge
T000823,2026-02-04,U0132,,6020-Travel & Entertainment,401.19,Travel & Entertainment charge
T000824,2025-10-17,U0177,U0056,6020-Travel & Entertainment,303.78,Travel & Entertainment charge
T000825,2026-06-22,U0097,U0286,6010-Office Supplies,2420.37,Office Supplies charge
T000826,2026-04-06,U0010,U0288,6090-Equipment,611.68,Equipment charge
T000827,2026-08-17,U0297,,6090-Equipment,1533.07,Equipment charge
T000828,2025-12-07,U0356,,6010-Office Supplies,96.15,Office Supplies charge
T000829,2026-01-04,U0194,U0260,6090-Equipment,661.0,Equipment charge
T000830,2026-08-12,U0099,U0211,6090-Equipment,1311.06,Equipment charge
T000831,2026-05-22,U0078,,6060-Marketing,539.43,Marketing charge
T000832,2025-11-27,U0218,,6060-Marketing,1590.86,Marketing charge
T000833,2026-01-06,U0396,,6090-Equipment,278.94,Equipment charge
T000834,2026-02-01,U0165,U0369,6080-Consulting,2322.23,Consulting charge
T000835,2026-03-21,U0327,U0377,6040-IT Software,6178.24,IT Software charge
T000836,2025-09-19,U0297,,6080-Consulting,330.59,Consulting charge
T000837,2026-03-02,U0038,,6010-Office Supplies,301.86,Office Supplies charge
T000838,2025-10-25,U0203,,6010-Office Supplies,2437.49,Office Supplies charge
T000839,2026-03-01,U0232,,6010-Office Supplies,2800.43,Office Supplies charge
T000840,2026-05-29,U0052,,6090-Equipment,277.23,Equipment charge
T000841,2025-09-04,U0281,U0272,6030-Professional Fees,310.38,Professional Fees charge
T000842,2026-03-11,U0227,,6050-Facilities,361.42,Facilities charge
T000843,2026-01-16,U0309,,6020-Travel & Entertainment,112.29,Travel & Entertainment charge
T000844,2025-11-22,U0253,,6030-Professional Fees,179.38,Professional Fees charge
T000845,2026-08-30,U0205,U0078,6040-IT Software,163.28,IT Software charge
T000846,2026-04-04,U0227,U0116,6060-Marketing,211.75,Marketing charge
T000847,2026-08-07,U0277,,6050-Facilities,474.3,Facilities charge
T000848,2026-08-16,U0286,,6030-Professional Fees,637.55,Professional Fees charge
T000849,2026-05-15,U0231,,6070-Utilities,2712.3,Utilities charge
T000850,2025-11-04,U0016,U0400,6030-Professional Fees,164.32,Professional Fees charge
T000851,2025-09-27,U0136,,6060-Marketing,1454.99,Marketing charge
T000852,2026-04-11,U0009,,6080-Consulting,389.4,Consulting charge
T000853,2026-01-05,U0248,,6100-Freight & Shipping,466.65,Freight & Shipping charge
T000854,2026-01-22,U0143,,6020-Travel & Entertainment,1035.15,Travel & Entertainment charge
T000855,2026-08-08,U0142,,6070-Utilities,143.31,Utilities charge
T000856,2026-08-25,U0062,U0342,6090-Equipment,750.43,Equipment charge
T000857,2026-07-22,U0367,U0027,6030-Professional Fees,591.76,Professional Fees charge
T000858,2025-12-08,U0157,,6030-Professional Fees,847.0,Professional Fees charge
T000859,2025-09-27,U0055,,6070-Utilities,677.28,Utilities charge
T000860,2025-12-28,U0369,U0295,6040-IT Software,7338.06,IT Software charge
T000861,2026-07-27,U0247,U0160,6010-Office Supplies,244.32,Office Supplies charge
T000862,2026-08-31,U0201,,6070-Utilities,274.76,Utilities charge
T000863,2025-09-21,U0107,,6010-Office Supplies,248.28,Office Supplies charge
T000864,2026-01-25,U0123,,6080-Consulting,267.46,Consulting charge
T000865,2025-12-04,U0249,,6050-Facilities,244.42,Facilities charge
T000866,2025-10-28,U0172,,6020-Travel & Entertainment,1822.42,Travel & Entertainment charge
T000867,2026-02-17,U0076,,6060-Marketing,2350.9,Marketing charge
T000868,2026-05-29,U0340,,6100-Freight & Shipping,263.01,Freight & Shipping charge
T000869,2026-06-27,U0122,U0368,6070-Utilities,197.24,Utilities charge
T000870,2025-11-01,U0349,,6010-Office Supplies,827.62,Office Supplies charge
T000871,2025-12-07,U0384,,6040-IT Software,268.42,IT Software charge
T000872,2026-06-07,U0047,,6100-Freight & Shipping,988.54,Freight & Shipping charge
T000873,2026-06-01,U0118,U0318,6030-Professional Fees,615.98,Professional Fees charge
T000874,2026-06-14,U0145,,6060-Marketing,93.01,Marketing charge
T000875,2026-04-12,U0070,,6020-Travel & Entertainment,2703.37,Travel & Entertainment charge
T000876,2025-09-12,U0291,,6030-Professional Fees,3552.71,Professional Fees charge
T000877,2026-01-27,U0076,U0113,6010-Office Supplies,251.12,Office Supplies charge
T000878,2026-05-12,U0229,,6090-Equipment,321.67,Equipment charge
T000879,2026-04-13,U0097,,6090-Equipment,674.82,Equipment charge
T000880,2026-07-08,U0232,U0329,6050-Facilities,711.88,Facilities charge
T000881,2026-07-01,U0126,,6010-Office Supplies,1016.78,Office Supplies charge
T000882,2026-05-16,U0263,,6090-Equipment,4497.27,Equipment charge
T000883,2026-08-29,U0168,U0031,6050-Facilities,405.6,Facilities charge
T000884,2025-12-31,U0308,U0159,6050-Facilities,204.77,Facilities charge
T000885,2026-01-17,U0078,U0123,6010-Office Supplies,108.07,Office Supplies charge
T000886,2025-10-30,U0308,,6010-Office Supplies,220.52,Office Supplies charge
T000887,2026-02-14,U0211,,6020-Travel & Entertainment,475.12,Travel & Entertainment charge
T000888,2025-11-08,U0151,U0038,6070-Utilities,3547.55,Utilities charge
T000889,2025-09-06,U0364,,6060-Marketing,278.84,Marketing charge
T000890,2026-01-10,U0104,,6010-Office Supplies,630.28,Office Supplies charge
T000891,2025-10-25,U0336,U0365,6070-Utilities,483.93,Utilities charge
T000892,2026-07-07,U0369,,6090-Equipment,1821.17,Equipment charge
T000893,2026-01-16,U0183,U0229,6040-IT Software,7939.66,IT Software charge
T000894,2026-04-17,U0091,,6040-IT Software,274.8,IT Software charge
T000895,2026-05-04,U0087,,6020-Travel & Entertainment,287.61,Travel & Entertainment charge
T000896,2025-12-06,U0104,,6100-Freight & Shipping,1553.98,Freight & Shipping charge
T000897,2026-01-23,U0379,,6010-Office Supplies,1043.23,Office Supplies charge
T000898,2026-08-18,U0226,U0248,6100-Freight & Shipping,3757.01,Freight & Shipping charge
T000899,2026-04-21,U0140,,6070-Utilities,936.66,Utilities charge
T000900,2026-07-06,U0011,U0013,6020-Travel & Entertainment,331.88,Travel & Entertainment charge
T000901,2025-09-23,U0376,U0085,6030-Professional Fees,943.62,Professional Fees charge
T000902,2026-07-05,U0365,U0064,6010-Office Supplies,1668.32,Office Supplies charge
T000903,2026-02-21,U0313,,6020-Travel & Entertainment,1215.04,Travel & Entertainment charge
T000904,2026-04-16,U0324,,6030-Professional Fees,860.92,Professional Fees charge
T000905,2025-09-29,U0139,,6090-Equipment,1592.95,Equipment charge
T000906,2025-09-11,U0073,U0296,6010-Office Supplies,1783.31,Office Supplies charge
T000907,2025-11-12,U0239,U0248,6010-Office Supplies,2253.8,Office Supplies charge
T000908,2025-11-15,U0221,U0400,6060-Marketing,1005.84,Marketing charge
T000909,2026-08-18,U0220,,6020-Travel & Entertainment,410.01,Travel & Entertainment charge
T000910,2025-10-23,U0129,,6050-Facilities,579.05,Facilities charge
T000911,2026-03-04,U0070,,6020-Travel & Entertainment,1857.82,Travel & Entertainment charge
T000912,2026-04-08,U0105,U0247,6090-Equipment,200.61,Equipment charge
T000913,2026-08-08,U0088,U0063,6050-Facilities,739.18,Facilities charge
T000914,2026-05-14,U0154,,6060-Marketing,319.68,Marketing charge
T000915,2025-09-02,U0048,U0088,6030-Professional Fees,508.58,Professional Fees charge
T000916,2026-04-17,U0223,U0248,6080-Consulting,2010.82,Consulting charge
T000917,2025-11-14,U0159,U0222,6020-Travel & Entertainment,608.02,Travel & Entertainment charge
T000918,2026-02-11,U0202,,6080-Consulting,518.57,Consulting charge
T000919,2026-07-06,U0238,,6060-Marketing,110.41,Marketing charge
T000920,2026-03-16,U0140,,6070-Utilities,1119.77,Utilities charge
T000921,2026-05-31,U0285,,6090-Equipment,1002.28,Equipment charge
T000922,2026-04-04,U0335,U0127,6090-Equipment,5321.87,Equipment charge
T000923,2026-05-01,U0146,,6060-Marketing,4999.0,Marketing charge
T000924,2026-02-26,U0039,,6060-Marketing,351.23,Marketing charge
T000925,2026-01-29,U0082,,6080-Consulting,627.07,Consulting charge
T000926,2026-01-03,U0243,U0081,6040-IT Software,648.28,IT Software charge
T000927,2026-08-23,U0070,U0247,6030-Professional Fees,2793.91,Professional Fees charge
T000928,2025-09-28,U0214,U0345,6020-Travel & Entertainment,443.71,Travel & Entertainment charge
T000929,2025-09-16,U0093,U0048,6030-Professional Fees,669.76,Professional Fees charge
T000930,2026-06-19,U0011,U0084,6070-Utilities,961.68,Utilities charge
T000931,2026-08-24,U0305,,6050-Facilities,605.03,Facilities charge
T000932,2026-07-28,U0257,U0376,6010-Office Supplies,301.55,Office Supplies charge
T000933,2026-07-07,U0024,U0246,6030-Professional Fees,610.02,Professional Fees charge
T000934,2026-04-21,U0397,U0328,6090-Equipment,1605.19,Equipment charge
T000935,2026-02-04,U0289,U0056,6040-IT Software,159.31,IT Software charge
T000936,2026-03-13,U0301,,6030-Professional Fees,570.36,Professional Fees charge
T000937,2025-12-22,U0037,,6070-Utilities,228.12,Utilities charge
T000938,2026-07-07,U0322,,6020-Travel & Entertainment,1834.54,Travel & Entertainment charge
T000939,2026-08-01,U0177,U0215,6070-Utilities,92.25,Utilities charge
T000940,2026-04-06,U0379,U0207,6040-IT Software,266.45,IT Software charge
T000941,2026-02-19,U0349,U0064,6010-Office Supplies,746.15,Office Supplies charge
T000942,2025-12-13,U0039,U0024,6100-Freight & Shipping,9800.0,Freight & Shipping charge
T000943,2026-01-16,U0138,,6020-Travel & Entertainment,2757.49,Travel & Entertainment charge
T000944,2026-05-06,U0324,U0175,6010-Office Supplies,458.37,Office Supplies charge
T000945,2026-03-02,U0009,,6050-Facilities,267.54,Facilities charge
T000946,2026-03-20,U0178,,6060-Marketing,3902.11,Marketing charge
T000947,2026-02-17,U0059,,6070-Utilities,100.2,Utilities charge
T000948,2025-11-16,U0291,,6010-Office Supplies,43.87,Office Supplies charge
T000949,2025-09-20,U0338,,6050-Facilities,799.52,Facilities charge
T000950,2026-07-18,U0049,U0126,6020-Travel & Entertainment,283.65,Travel & Entertainment charge
T000951,2026-08-01,U0397,U0289,6030-Professional Fees,160.24,Professional Fees charge
T000952,2026-07-09,U0298,,6090-Equipment,1074.05,Equipment charge
T000953,2026-02-21,U0077,,6050-Facilities,644.31,Facilities charge
T000954,2025-09-21,U0249,,6070-Utilities,264.94,Utilities charge
T000955,2025-10-09,U0351,,6030-Professional Fees,120.5,Professional Fees charge
T000956,2025-09-08,U0059,,6030-Professional Fees,1286.53,Professional Fees charge
T000957,2026-05-14,U0053,U0169,6020-Travel & Entertainment,1007.49,Travel & Entertainment charge
T000958,2025-10-05,U0095,,6050-Facilities,441.82,Facilities charge
T000959,2025-12-01,U0045,,6080-Consulting,3756.72,Consulting charge
T000960,2026-04-15,U0147,,6030-Professional Fees,151.85,Professional Fees charge
T000961,2025-09-21,U0281,,6060-Marketing,92.01,Marketing charge
T000962,2026-08-15,U0361,,6030-Professional Fees,230.19,Professional Fees charge
T000963,2026-02-08,U0363,,6060-Marketing,468.65,Marketing charge
T000964,2026-01-13,U0260,,6010-Office Supplies,643.98,Office Supplies charge
T000965,2025-11-22,U0146,U0129,6090-Equipment,9900.0,Equipment charge
T000966,2026-04-25,U0222,,6020-Travel & Entertainment,377.9,Travel & Entertainment charge
T000967,2026-04-27,U0308,,6020-Travel & Entertainment,725.79,Travel & Entertainment charge
T000968,2026-04-10,U0229,U0193,6040-IT Software,124.38,IT Software charge
T000969,2026-05-07,U0350,,6040-IT Software,2411.83,IT Software charge
T000970,2026-04-21,U0159,,6010-Office Supplies,450.17,Office Supplies charge
T000971,2026-07-25,U0086,U0349,6040-IT Software,1684.17,IT Software charge
T000972,2025-10-02,U0218,,6060-Marketing,718.38,Marketing charge
T000973,2025-09-28,U0124,,6040-IT Software,814.38,IT Software charge
T000974,2026-04-05,U0399,U0084,6050-Facilities,922.18,Facilities charge
T000975,2026-01-19,U0044,,6070-Utilities,806.32,Utilities charge
T000976,2026-04-03,U0261,,6090-Equipment,999.24,Equipment charge
T000977,2025-09-28,U0108,,6020-Travel & Entertainment,2126.15,Travel & Entertainment charge
T000978,2025-11-24,U0169,,6040-IT Software,611.66,IT Software charge
T000979,2026-06-02,U0275,,6030-Professional Fees,1074.82,Professional Fees charge
T000980,2026-03-19,U0328,,6010-Office Supplies,446.43,Office Supplies charge
T000981,2025-10-10,U0116,,6100-Freight & Shipping,2402.17,Freight & Shipping charge
T000982,2025-09-08,U0179,,6030-Professional Fees,234.15,Professional Fees charge
T000983,2026-02-10,U0288,,6020-Travel & Entertainment,3572.55,Travel & Entertainment charge
T000984,2026-05-25,U0150,,6010-Office Supplies,471.46,Office Supplies charge
T000985,2026-07-22,U0074,,6080-Consulting,102.12,Consulting charge
T000986,2025-12-21,U0026,,6040-IT Software,567.32,IT Software charge
T000987,2026-07-05,U0098,U0113,6070-Utilities,232.95,Utilities charge
T000988,2026-06-23,U0396,,6010-Office Supplies,1242.29,Office Supplies charge
T000989,2026-02-05,U0171,U0289,6090-Equipment,240.35,Equipment charge
T000990,2026-04-22,U0381,,6070-Utilities,301.63,Utilities charge
T000991,2026-04-07,U0313,,6090-Equipment,61.65,Equipment charge
T000992,2026-04-23,U0104,,6070-Utilities,299.6,Utilities charge
T000993,2026-06-05,U0096,,6070-Utilities,34.25,Utilities charge
T000994,2026-04-12,U0397,,6050-Facilities,86.29,Facilities charge
T000995,2025-10-15,U0060,U0238,6020-Travel & Entertainment,1137.35,Travel & Entertainment charge
T000996,2026-05-13,U0063,U0258,6100-Freight & Shipping,1169.56,Freight & Shipping charge
T000997,2026-06-25,U0291,,6010-Office Supplies,786.82,Office Supplies charge
T000998,2025-12-24,U0123,U0273,6080-Consulting,170.09,Consulting charge
T000999,2026-02-27,U0073,,6080-Consulting,467.56,Consulting charge
T001000,2025-09-04,U0227,,6060-Marketing,490.8,Marketing charge
T001001,2026-08-04,U0153,,6050-Facilities,137.8,Facilities charge
T001002,2025-09-14,U0162,U0216,6040-IT Software,4900.0,IT Software charge
T001003,2026-07-05,U0299,,6060-Marketing,2575.34,Marketing charge
T001004,2026-01-02,U0249,U0377,6090-Equipment,1293.49,Equipment charge
T001005,2025-09-27,U0226,,6100-Freight & Shipping,386.43,Freight & Shipping charge
T001006,2025-11-28,U0223,,6070-Utilities,507.54,Utilities charge
T001007,2025-12-28,U0252,U0070,6020-Travel & Entertainment,619.69,Travel & Entertainment charge
T001008,2026-06-23,U0368,,6070-Utilities,52.15,Utilities charge
T001009,2026-06-11,U0149,U0056,6030-Professional Fees,375.44,Professional Fees charge
T001010,2026-04-12,U0020,,6010-Office Supplies,232.72,Office Supplies charge
T001011,2026-07-14,U0021,U0220,6090-Equipment,163.73,Equipment charge
T001012,2025-11-06,U0018,,6080-Consulting,361.69,Consulting charge
T001013,2026-01-01,U0109,,6040-IT Software,3559.78,IT Software charge
T001014,2026-03-13,U0140,U0085,6050-Facilities,997.18,Facilities charge
T001015,2025-09-12,U0365,U0345,6100-Freight & Shipping,262.88,Freight & Shipping charge
T001016,2025-10-25,U0072,,6030-Professional Fees,925.04,Professional Fees charge
T001017,2025-10-10,U0056,,6080-Consulting,2296.84,Consulting charge
T001018,2026-03-20,U0121,U0046,6020-Travel & Entertainment,1362.53,Travel & Entertainment charge
T001019,2026-07-18,U0281,,6020-Travel & Entertainment,526.15,Travel & Entertainment charge
T001020,2026-07-22,U0177,U0010,6080-Consulting,241.86,Consulting charge
T001021,2026-08-04,U0105,,6100-Freight & Shipping,1062.14,Freight & Shipping charge
T001022,2026-02-23,U0070,,6060-Marketing,759.63,Marketing charge
T001023,2025-09-03,U0315,U0072,6030-Professional Fees,1319.11,Professional Fees charge
T001024,2026-07-08,U0113,,6010-Office Supplies,990.97,Office Supplies charge
T001025,2025-12-20,U0090,U0186,6060-Marketing,1563.23,Marketing charge
T001026,2025-12-22,U0081,,6020-Travel & Entertainment,273.48,Travel & Entertainment charge
T001027,2026-01-19,U0153,U0319,6080-Consulting,2098.83,Consulting charge
T001028,2026-01-29,U0382,,6080-Consulting,612.38,Consulting charge
T001029,2026-03-24,U0296,U0160,6040-IT Software,4830.89,IT Software charge
T001030,2025-10-23,U0226,,6100-Freight & Shipping,230.88,Freight & Shipping charge
T001031,2025-12-15,U0097,,6080-Consulting,3326.11,Consulting charge
T001032,2026-01-18,U0345,,6060-Marketing,612.59,Marketing charge
T001033,2025-12-12,U0248,,6100-Freight & Shipping,240.67,Freight & Shipping charge
T001034,2026-04-19,U0041,,6030-Professional Fees,289.38,Professional Fees charge
T001035,2026-06-28,U0145,,6070-Utilities,346.41,Utilities charge
T001036,2026-05-30,U0377,U0182,6060-Marketing,785.71,Marketing charge
T001037,2025-12-05,U0248,U0214,6060-Marketing,875.78,Marketing charge
T001038,2025-11-14,U0214,,6060-Marketing,262.15,Marketing charge
T001039,2026-02-16,U0010,,6040-IT Software,479.72,IT Software charge
T001040,2026-06-15,U0134,U0305,6020-Travel & Entertainment,5200.43,Travel & Entertainment charge
T001041,2025-10-23,U0126,,6090-Equipment,3295.45,Equipment charge
T001042,2025-10-09,U0392,,6100-Freight & Shipping,796.28,Freight & Shipping charge
T001043,2026-02-10,U0251,U0286,6060-Marketing,513.78,Marketing charge
T001044,2025-09-24,U0288,U0100,6050-Facilities,562.3,Facilities charge
T001045,2026-02-15,U0348,,6100-Freight & Shipping,967.65,Freight & Shipping charge
T001046,2025-09-10,U0162,,6100-Freight & Shipping,159.96,Freight & Shipping charge
T001047,2025-11-07,U0162,,6070-Utilities,371.25,Utilities charge
T001048,2025-09-21,U0305,U0058,6060-Marketing,78.61,Marketing charge
T001049,2026-02-02,U0239,,6050-Facilities,764.44,Facilities charge
T001050,2026-06-12,U0049,U0170,6060-Marketing,1004.17,Marketing charge
T001051,2026-05-11,U0262,,6020-Travel & Entertainment,289.6,Travel & Entertainment charge
T001052,2025-09-15,U0062,U0064,6040-IT Software,2783.28,IT Software charge
T001053,2026-08-19,U0182,U0212,6070-Utilities,127.95,Utilities charge
T001054,2025-09-03,U0310,,6010-Office Supplies,98.41,Office Supplies charge
T001055,2025-09-25,U0066,,6050-Facilities,630.74,Facilities charge
T001056,2026-03-14,U0354,,6050-Facilities,1559.01,Facilities charge
T001057,2026-04-24,U0336,,6020-Travel & Entertainment,3141.08,Travel & Entertainment charge
T001058,2026-03-31,U0337,,6080-Consulting,297.44,Consulting charge
T001059,2026-06-23,U0138,,6080-Consulting,1614.13,Consulting charge
T001060,2026-05-06,U0181,,6040-IT Software,472.31,IT Software charge
T001061,2026-02-28,U0051,U0381,6090-Equipment,407.53,Equipment charge
T001062,2026-08-22,U0120,,6020-Travel & Entertainment,1302.48,Travel & Entertainment charge
T001063,2025-09-07,U0123,,6040-IT Software,1009.85,IT Software charge
T001064,2025-10-24,U0281,,6060-Marketing,87.01,Marketing charge
T001065,2026-05-22,U0305,,6060-Marketing,2500.37,Marketing charge
T001066,2026-08-02,U0262,U0076,6030-Professional Fees,2248.68,Professional Fees charge
T001067,2026-03-06,U0127,,6070-Utilities,247.62,Utilities charge
T001068,2025-12-13,U0296,U0097,6070-Utilities,761.57,Utilities charge
T001069,2026-02-05,U0400,U0064,6100-Freight & Shipping,848.47,Freight & Shipping charge
T001070,2026-01-02,U0066,U0021,6010-Office Supplies,656.38,Office Supplies charge
T001071,2026-08-05,U0275,U0318,6090-Equipment,268.99,Equipment charge
T001072,2026-03-01,U0052,,6070-Utilities,235.38,Utilities charge
T001073,2026-05-19,U0249,U0060,6060-Marketing,479.09,Marketing charge
T001074,2026-07-30,U0033,,6070-Utilities,1790.06,Utilities charge
T001075,2025-12-06,U0167,U0353,6070-Utilities,896.02,Utilities charge
T001076,2026-05-24,U0285,U0143,6070-Utilities,327.77,Utilities charge
T001077,2025-12-22,U0066,U0153,6020-Travel & Entertainment,1151.56,Travel & Entertainment charge
T001078,2025-10-04,U0137,U0362,6090-Equipment,21.47,Equipment charge
T001079,2026-03-20,U0234,,6070-Utilities,1743.49,Utilities charge
T001080,2026-05-12,U0153,U0374,6040-IT Software,72.7,IT Software charge
T001081,2026-08-28,U0164,U0108,6100-Freight & Shipping,330.73,Freight & Shipping charge
T001082,2026-08-25,U0291,,6100-Freight & Shipping,143.79,Freight & Shipping charge
T001083,2025-11-27,U0137,U0189,6060-Marketing,118.61,Marketing charge
T001084,2025-11-12,U0263,,6010-Office Supplies,1766.77,Office Supplies charge
T001085,2025-11-30,U0016,U0009,6050-Facilities,294.57,Facilities charge
T001086,2026-02-28,U0344,,6080-Consulting,721.37,Consulting charge
T001087,2026-04-30,U0142,U0398,6020-Travel & Entertainment,467.96,Travel & Entertainment charge
T001088,2025-12-26,U0165,,6090-Equipment,832.76,Equipment charge
T001089,2025-10-22,U0058,,6050-Facilities,536.2,Facilities charge
T001090,2026-02-27,U0284,,6090-Equipment,120.15,Equipment charge
T001091,2026-04-23,U0208,,6010-Office Supplies,1474.23,Office Supplies charge
T001092,2026-05-24,U0188,U0300,6100-Freight & Shipping,286.25,Freight & Shipping charge
T001093,2025-09-11,U0374,,6030-Professional Fees,88.92,Professional Fees charge
T001094,2025-11-12,U0386,U0249,6060-Marketing,307.68,Marketing charge
T001095,2025-12-15,U0206,,6020-Travel & Entertainment,2567.88,Travel & Entertainment charge
T001096,2025-10-26,U0374,,6050-Facilities,1255.44,Facilities charge
T001097,2026-05-28,U0260,,6030-Professional Fees,335.79,Professional Fees charge
T001098,2026-03-20,U0187,,6100-Freight & Shipping,335.57,Freight & Shipping charge
T001099,2025-12-07,U0175,,6010-Office Supplies,345.92,Office Supplies charge
T001100,2025-11-02,U0354,,6070-Utilities,4838.8,Utilities charge
T001101,2026-01-26,U0198,,6020-Travel & Entertainment,750.04,Travel & Entertainment charge
T001102,2025-11-15,U0399,,6080-Consulting,790.8,Consulting charge
T001103,2026-07-17,U0165,,6090-Equipment,1530.44,Equipment charge
T001104,2026-07-04,U0146,U0004,6050-Facilities,9800.0,Facilities charge
T001105,2026-02-28,U0249,U0162,6010-Office Supplies,640.77,Office Supplies charge
T001106,2026-08-07,U0291,U0154,6090-Equipment,370.57,Equipment charge
T001107,2025-12-10,U0085,U0128,6070-Utilities,397.03,Utilities charge
T001108,2026-05-01,U0024,,6060-Marketing,455.43,Marketing charge
T001109,2026-04-05,U0221,U0149,6070-Utilities,472.98,Utilities charge
T001110,2026-07-03,U0171,,6050-Facilities,1097.06,Facilities charge
T001111,2026-06-24,U0182,U0080,6030-Professional Fees,521.72,Professional Fees charge
T001112,2026-06-11,U0241,U0327,6040-IT Software,1103.13,IT Software charge
T001113,2026-04-25,U0365,,6090-Equipment,450.88,Equipment charge
T001114,2025-10-20,U0252,,6030-Professional Fees,537.27,Professional Fees charge
T001115,2026-08-17,U0291,,6060-Marketing,54.71,Marketing charge
T001116,2026-03-30,U0243,,6080-Consulting,1350.14,Consulting charge
T001117,2025-10-16,U0243,,6030-Professional Fees,721.36,Professional Fees charge
T001118,2026-06-25,U0139,,6090-Equipment,1477.06,Equipment charge
T001119,2026-01-29,U0325,,6010-Office Supplies,20.37,Office Supplies charge
T001120,2026-08-10,U0233,,6010-Office Supplies,4901.09,Office Supplies charge
T001121,2026-04-24,U0299,U0382,6010-Office Supplies,422.61,Office Supplies charge
T001122,2026-02-18,U0064,U0279,6100-Freight & Shipping,1667.37,Freight & Shipping charge
T001123,2025-10-02,U0187,,6020-Travel & Entertainment,156.98,Travel & Entertainment charge
T001124,2026-08-26,U0036,,6040-IT Software,966.86,IT Software charge
T001125,2025-11-09,U0286,,6040-IT Software,154.66,IT Software charge
T001126,2026-02-02,U0091,,6050-Facilities,248.11,Facilities charge
T001127,2026-07-17,U0280,U0351,6040-IT Software,4045.8,IT Software charge
T001128,2026-05-25,U0071,U0018,6020-Travel & Entertainment,399.51,Travel & Entertainment charge
T001129,2026-04-16,U0292,U0234,6070-Utilities,625.89,Utilities charge
T001130,2025-12-04,U0279,,6040-IT Software,1283.15,IT Software charge
T001131,2026-08-15,U0354,,6080-Consulting,850.01,Consulting charge
T001132,2025-11-14,U0250,,6010-Office Supplies,581.41,Office Supplies charge
T001133,2026-01-02,U0385,,6030-Professional Fees,736.17,Professional Fees charge
T001134,2026-05-02,U0117,U0341,6080-Consulting,6930.98,Consulting charge
T001135,2026-03-08,U0285,,6050-Facilities,462.49,Facilities charge
T001136,2026-04-26,U0064,U0163,6070-Utilities,614.75,Utilities charge
T001137,2025-11-01,U0264,,6100-Freight & Shipping,1565.12,Freight & Shipping charge
T001138,2026-07-28,U0025,,6100-Freight & Shipping,1662.5,Freight & Shipping charge
T001139,2025-11-11,U0203,,6080-Consulting,1818.44,Consulting charge
T001140,2025-11-21,U0009,,6060-Marketing,994.86,Marketing charge
T001141,2026-02-26,U0122,U0385,6090-Equipment,140.15,Equipment charge
T001142,2026-02-28,U0089,,6100-Freight & Shipping,2971.36,Freight & Shipping charge
T001143,2026-01-21,U0082,U0379,6050-Facilities,139.63,Facilities charge
T001144,2026-03-12,U0279,U0294,6080-Consulting,687.39,Consulting charge
T001145,2026-05-28,U0386,,6050-Facilities,214.93,Facilities charge
T001146,2026-02-26,U0335,,6100-Freight & Shipping,459.18,Freight & Shipping charge
T001147,2025-09-16,U0031,,6030-Professional Fees,707.43,Professional Fees charge
T001148,2026-08-14,U0288,U0136,6080-Consulting,701.69,Consulting charge
T001149,2025-11-29,U0063,,6070-Utilities,783.77,Utilities charge
T001150,2025-10-02,U0041,U0047,6100-Freight & Shipping,2907.6,Freight & Shipping charge
T001151,2026-03-11,U0256,U0103,6100-Freight & Shipping,811.5,Freight & Shipping charge
T001152,2025-10-26,U0181,,6080-Consulting,376.69,Consulting charge
T001153,2026-06-12,U0329,,6040-IT Software,1422.96,IT Software charge
T001154,2026-01-25,U0396,U0305,6040-IT Software,1823.33,IT Software charge
T001155,2025-10-15,U0113,,6100-Freight & Shipping,127.69,Freight & Shipping charge
T001156,2025-12-14,U0059,,6010-Office Supplies,950.64,Office Supplies charge
T001157,2026-03-28,U0206,U0108,6100-Freight & Shipping,1065.6,Freight & Shipping charge
T001158,2026-07-26,U0398,,6090-Equipment,355.2,Equipment charge
T001159,2026-05-01,U0328,,6090-Equipment,2237.86,Equipment charge
T001160,2025-11-10,U0322,,6020-Travel & Entertainment,417.77,Travel & Entertainment charge
T001161,2026-06-19,U0045,,6020-Travel & Entertainment,565.74,Travel & Entertainment charge
T001162,2025-10-31,U0061,,6080-Consulting,407.33,Consulting charge
T001163,2025-09-12,U0187,U0144,6040-IT Software,501.27,IT Software charge
T001164,2026-08-27,U0223,,6060-Marketing,147.54,Marketing charge
T001165,2025-10-09,U0164,,6090-Equipment,101.08,Equipment charge
T001166,2026-05-15,U0353,U0066,6050-Facilities,2846.81,Facilities charge
T001167,2026-04-30,U0336,U0243,6050-Facilities,194.09,Facilities charge
T001168,2025-12-12,U0149,U0119,6060-Marketing,165.58,Marketing charge
T001169,2026-02-16,U0316,U0325,6010-Office Supplies,46.12,Office Supplies charge
T001170,2026-08-26,U0353,U0241,6010-Office Supplies,243.99,Office Supplies charge
T001171,2026-07-11,U0347,,6020-Travel & Entertainment,114.96,Travel & Entertainment charge
T001172,2026-01-17,U0076,,6010-Office Supplies,2999.55,Office Supplies charge
T001173,2026-07-30,U0130,,6060-Marketing,1496.37,Marketing charge
T001174,2025-09-11,U0131,,6010-Office Supplies,231.14,Office Supplies charge
T001175,2026-06-01,U0115,U0015,6100-Freight & Shipping,5870.41,Freight & Shipping charge
T001176,2026-05-05,U0318,,6010-Office Supplies,1450.9,Office Supplies charge
T001177,2026-04-09,U0074,U0070,6070-Utilities,344.7,Utilities charge
T001178,2026-03-08,U0356,,6060-Marketing,31.52,Marketing charge
T001179,2025-12-31,U0038,,6040-IT Software,6124.4,IT Software charge
T001180,2026-06-02,U0238,,6100-Freight & Shipping,106.85,Freight & Shipping charge
T001181,2025-09-30,U0143,,6020-Travel & Entertainment,80.65,Travel & Entertainment charge
T001182,2025-09-23,U0161,,6060-Marketing,1517.51,Marketing charge
T001183,2026-01-28,U0140,U0072,6030-Professional Fees,7213.63,Professional Fees charge
T001184,2025-10-10,U0385,,6020-Travel & Entertainment,2259.05,Travel & Entertainment charge
T001185,2026-08-28,U0286,,6060-Marketing,916.26,Marketing charge
T001186,2026-02-02,U0257,U0384,6060-Marketing,947.88,Marketing charge
T001187,2026-05-28,U0140,,6050-Facilities,1259.86,Facilities charge
T001188,2025-09-28,U0063,,6060-Marketing,1135.49,Marketing charge
T001189,2026-05-07,U0362,,6050-Facilities,671.36,Facilities charge
T001190,2025-12-28,U0300,U0214,6050-Facilities,552.59,Facilities charge
T001191,2025-09-19,U0084,,6040-IT Software,459.96,IT Software charge
T001192,2025-10-29,U0262,U0159,6010-Office Supplies,215.0,Office Supplies charge
T001193,2026-03-16,U0340,U0159,6050-Facilities,361.86,Facilities charge
T001194,2026-03-16,U0353,,6080-Consulting,76.53,Consulting charge
T001195,2025-09-23,U0257,U0249,6040-IT Software,442.23,IT Software charge
T001196,2025-09-27,U0307,,6050-Facilities,166.09,Facilities charge
T001197,2026-07-09,U0020,,6060-Marketing,146.36,Marketing charge
T001198,2025-12-20,U0341,,6010-Office Supplies,600.57,Office Supplies charge
T001199,2026-04-07,U0251,,6010-Office Supplies,2278.34,Office Supplies charge
T001200,2026-01-26,U0396,,6090-Equipment,1353.09,Equipment charge
T001201,2026-05-24,U0326,,6050-Facilities,87.57,Facilities charge
T001202,2025-11-07,U0136,,6010-Office Supplies,165.9,Office Supplies charge
T001203,2025-10-14,U0157,U0329,6040-IT Software,1386.93,IT Software charge
T001204,2025-09-20,U0227,U0144,6100-Freight & Shipping,167.21,Freight & Shipping charge
T001205,2026-07-09,U0383,,6010-Office Supplies,384.87,Office Supplies charge
T001206,2026-01-14,U0181,U0009,6030-Professional Fees,902.4,Professional Fees charge
T001207,2025-09-19,U0269,,6060-Marketing,169.83,Marketing charge
T001208,2026-03-29,U0126,U0354,6010-Office Supplies,553.31,Office Supplies charge
T001209,2026-02-08,U0318,U0158,6020-Travel & Entertainment,113.59,Travel & Entertainment charge
T001210,2026-05-12,U0148,U0361,6030-Professional Fees,254.3,Professional Fees charge
T001211,2025-09-26,U0384,U0400,6040-IT Software,700.48,IT Software charge
T001212,2026-04-14,U0293,,6100-Freight & Shipping,85.43,Freight & Shipping charge
T001213,2025-10-02,U0131,U0203,6050-Facilities,799.93,Facilities charge
T001214,2025-09-23,U0311,U0293,6100-Freight & Shipping,482.22,Freight & Shipping charge
T001215,2025-10-28,U0257,U0329,6090-Equipment,904.82,Equipment charge
T001216,2026-08-15,U0214,,6070-Utilities,630.37,Utilities charge
T001217,2025-11-13,U0161,,6010-Office Supplies,2209.57,Office Supplies charge
T001218,2026-03-28,U0189,,6060-Marketing,565.52,Marketing charge
T001219,2025-09-16,U0362,U0088,6030-Professional Fees,307.25,Professional Fees charge
T001220,2025-09-14,U0341,,6020-Travel & Entertainment,563.7,Travel & Entertainment charge
T001221,2026-05-19,U0295,,6100-Freight & Shipping,895.72,Freight & Shipping charge
T001222,2026-06-26,U0217,U0382,6010-Office Supplies,519.96,Office Supplies charge
T001223,2025-10-10,U0049,,6040-IT Software,515.25,IT Software charge
T001224,2026-06-08,U0367,U0305,6070-Utilities,227.65,Utilities charge
T001225,2026-07-08,U0035,,6080-Consulting,237.65,Consulting charge
T001226,2026-01-16,U0179,U0139,6040-IT Software,105.33,IT Software charge
T001227,2026-01-03,U0186,,6060-Marketing,3376.3,Marketing charge
T001228,2026-08-21,U0069,,6040-IT Software,125.43,IT Software charge
T001229,2026-03-05,U0236,,6020-Travel & Entertainment,229.94,Travel & Entertainment charge
T001230,2026-08-01,U0207,,6080-Consulting,223.58,Consulting charge
T001231,2025-12-27,U0242,,6100-Freight & Shipping,1318.72,Freight & Shipping charge
T001232,2026-01-04,U0310,,6070-Utilities,356.22,Utilities charge
T001233,2026-01-12,U0351,U0236,6050-Facilities,1944.03,Facilities charge
T001234,2026-05-17,U0243,,6030-Professional Fees,234.9,Professional Fees charge
T001235,2026-06-11,U0146,,6080-Consulting,2000.0,Consulting charge
T001236,2025-11-04,U0061,U0099,6010-Office Supplies,669.74,Office Supplies charge
T001237,2025-11-07,U0046,,6090-Equipment,196.59,Equipment charge
T001238,2026-03-01,U0245,U0167,6030-Professional Fees,5216.93,Professional Fees charge
T001239,2026-02-20,U0070,,6060-Marketing,133.44,Marketing charge
T001240,2025-10-08,U0031,,6060-Marketing,692.84,Marketing charge
T001241,2026-04-19,U0367,,6070-Utilities,989.46,Utilities charge
T001242,2025-12-03,U0078,,6100-Freight & Shipping,776.8,Freight & Shipping charge
T001243,2025-11-17,U0051,,6010-Office Supplies,401.89,Office Supplies charge
T001244,2026-04-21,U0381,U0340,6070-Utilities,427.18,Utilities charge
T001245,2025-10-20,U0160,,6040-IT Software,517.08,IT Software charge
T001246,2026-05-24,U0324,,6090-Equipment,419.18,Equipment charge
T001247,2026-01-25,U0247,,6060-Marketing,1422.64,Marketing charge
T001248,2025-09-22,U0085,U0359,6040-IT Software,5605.9,IT Software charge
T001249,2025-10-21,U0177,U0157,6060-Marketing,266.87,Marketing charge
T001250,2026-04-13,U0281,U0148,6040-IT Software,109.2,IT Software charge
T001251,2025-10-25,U0351,U0120,6040-IT Software,447.15,IT Software charge
T001252,2026-05-19,U0318,U0311,6030-Professional Fees,8414.24,Professional Fees charge
T001253,2025-12-09,U0310,,6010-Office Supplies,203.56,Office Supplies charge
T001254,2025-12-14,U0212,,6050-Facilities,2990.0,Facilities charge
T001255,2026-05-25,U0257,U0066,6030-Professional Fees,3119.63,Professional Fees charge
T001256,2026-04-16,U0071,U0082,6070-Utilities,268.02,Utilities charge
T001257,2026-08-09,U0159,,6020-Travel & Entertainment,921.39,Travel & Entertainment charge
T001258,2025-10-09,U0128,,6060-Marketing,2954.95,Marketing charge
T001259,2026-07-20,U0262,U0178,6090-Equipment,324.72,Equipment charge
T001260,2026-04-10,U0027,,6020-Travel & Entertainment,393.89,Travel & Entertainment charge
T001261,2025-12-07,U0179,,6090-Equipment,259.86,Equipment charge
T001262,2026-07-22,U0026,,6010-Office Supplies,161.38,Office Supplies charge
T001263,2026-08-11,U0127,U0109,6040-IT Software,241.24,IT Software charge
T001264,2026-01-23,U0287,,6030-Professional Fees,128.21,Professional Fees charge
T001265,2025-12-19,U0298,,6010-Office Supplies,511.57,Office Supplies charge
T001266,2025-12-16,U0353,,6030-Professional Fees,211.25,Professional Fees charge
T001267,2026-03-14,U0355,,6100-Freight & Shipping,637.25,Freight & Shipping charge
T001268,2026-08-03,U0306,,6030-Professional Fees,88.99,Professional Fees charge
T001269,2026-08-09,U0166,,6080-Consulting,709.08,Consulting charge
T001270,2026-03-02,U0347,U0067,6090-Equipment,1232.6,Equipment charge
T001271,2026-04-03,U0164,,6080-Consulting,54.98,Consulting charge
T001272,2025-11-30,U0069,,6080-Consulting,743.57,Consulting charge
T001273,2026-08-23,U0198,,6070-Utilities,1901.57,Utilities charge
T001274,2026-05-09,U0279,U0165,6100-Freight & Shipping,130.24,Freight & Shipping charge
T001275,2026-05-18,U0153,,6040-IT Software,3102.08,IT Software charge
T001276,2026-06-15,U0040,,6060-Marketing,781.27,Marketing charge
T001277,2026-04-15,U0225,,6070-Utilities,226.89,Utilities charge
T001278,2026-05-07,U0153,,6040-IT Software,463.43,IT Software charge
T001279,2026-04-18,U0174,,6070-Utilities,910.65,Utilities charge
T001280,2025-12-15,U0309,,6020-Travel & Entertainment,535.72,Travel & Entertainment charge
T001281,2025-11-06,U0186,,6100-Freight & Shipping,891.26,Freight & Shipping charge
T001282,2026-03-14,U0016,,6020-Travel & Entertainment,178.98,Travel & Entertainment charge
T001283,2026-06-11,U0202,,6020-Travel & Entertainment,593.65,Travel & Entertainment charge
T001284,2026-06-02,U0207,,6040-IT Software,104.05,IT Software charge
T001285,2025-12-27,U0227,,6050-Facilities,436.0,Facilities charge
T001286,2026-03-31,U0187,U0011,6040-IT Software,182.31,IT Software charge
T001287,2025-09-11,U0026,,6090-Equipment,219.4,Equipment charge
T001288,2025-09-22,U0280,U0369,6030-Professional Fees,1919.27,Professional Fees charge
T001289,2025-09-18,U0142,,6050-Facilities,1636.71,Facilities charge
T001290,2026-08-02,U0217,,6070-Utilities,963.0,Utilities charge
T001291,2025-10-14,U0154,,6020-Travel & Entertainment,148.18,Travel & Entertainment charge
T001292,2025-09-11,U0239,,6010-Office Supplies,347.91,Office Supplies charge
T001293,2025-10-19,U0089,U0352,6100-Freight & Shipping,1871.34,Freight & Shipping charge
T001294,2026-02-13,U0176,U0157,6070-Utilities,575.87,Utilities charge
T001295,2025-12-13,U0264,U0274,6020-Travel & Entertainment,6318.66,Travel & Entertainment charge
T001296,2026-01-28,U0216,,6070-Utilities,759.49,Utilities charge
T001297,2026-01-21,U0323,,6080-Consulting,608.66,Consulting charge
T001298,2026-06-07,U0162,,6070-Utilities,2000.0,Utilities charge
T001299,2025-12-24,U0261,,6100-Freight & Shipping,350.71,Freight & Shipping charge
T001300,2026-04-17,U0133,U0177,6060-Marketing,570.72,Marketing charge
T001301,2025-11-13,U0188,U0284,6020-Travel & Entertainment,416.67,Travel & Entertainment charge
T001302,2026-01-06,U0342,,6020-Travel & Entertainment,1073.76,Travel & Entertainment charge
T001303,2026-05-26,U0274,U0286,6100-Freight & Shipping,1411.45,Freight & Shipping charge
T001304,2026-03-30,U0145,,6050-Facilities,207.56,Facilities charge
T001305,2026-02-12,U0026,,6100-Freight & Shipping,113.94,Freight & Shipping charge
T001306,2026-08-20,U0153,,6040-IT Software,65.38,IT Software charge
T001307,2026-05-14,U0315,U0267,6060-Marketing,861.6,Marketing charge
T001308,2026-05-22,U0279,,6090-Equipment,146.39,Equipment charge
T001309,2025-10-24,U0050,,6070-Utilities,46.15,Utilities charge
T001310,2025-11-22,U0011,U0255,6090-Equipment,755.54,Equipment charge
T001311,2025-09-20,U0068,U0303,6070-Utilities,7648.76,Utilities charge
T001312,2025-11-11,U0281,U0070,6090-Equipment,489.47,Equipment charge
T001313,2026-01-29,U0251,,6050-Facilities,1239.35,Facilities charge
T001314,2026-06-16,U0214,,6030-Professional Fees,539.16,Professional Fees charge
T001315,2026-07-12,U0119,U0268,6060-Marketing,441.96,Marketing charge
T001316,2026-02-17,U0122,,6030-Professional Fees,1354.22,Professional Fees charge
T001317,2025-09-06,U0274,U0043,6060-Marketing,358.06,Marketing charge
T001318,2026-02-07,U0004,U0266,6040-IT Software,661.25,IT Software charge
T001319,2025-10-19,U0187,,6010-Office Supplies,701.95,Office Supplies charge
T001320,2026-02-27,U0043,,6090-Equipment,236.3,Equipment charge
T001321,2025-12-08,U0013,,6050-Facilities,1467.4,Facilities charge
T001322,2026-06-27,U0247,,6050-Facilities,406.48,Facilities charge
T001323,2026-06-15,U0146,U0344,6090-Equipment,214.58,Equipment charge
T001324,2025-10-23,U0090,U0062,6040-IT Software,889.06,IT Software charge
T001325,2026-05-26,U0074,,6100-Freight & Shipping,183.4,Freight & Shipping charge
T001326,2026-07-01,U0331,,6100-Freight & Shipping,508.26,Freight & Shipping charge
T001327,2026-08-09,U0356,U0133,6080-Consulting,487.83,Consulting charge
T001328,2025-10-17,U0125,U0001,6100-Freight & Shipping,1626.99,Freight & Shipping charge
T001329,2025-10-10,U0182,,6010-Office Supplies,830.62,Office Supplies charge
T001330,2026-08-07,U0246,,6080-Consulting,479.37,Consulting charge
T001331,2026-01-02,U0070,,6090-Equipment,1211.41,Equipment charge
T001332,2026-03-01,U0274,,6050-Facilities,2273.85,Facilities charge
T001333,2026-07-07,U0049,,6040-IT Software,910.13,IT Software charge
T001334,2026-08-31,U0159,,6030-Professional Fees,498.39,Professional Fees charge
T001335,2026-08-22,U0282,,6050-Facilities,116.39,Facilities charge
T001336,2026-07-31,U0251,,6060-Marketing,152.68,Marketing charge
T001337,2026-08-10,U0269,U0323,6060-Marketing,352.22,Marketing charge
T001338,2026-03-15,U0112,,6060-Marketing,252.03,Marketing charge
T001339,2025-12-10,U0010,U0340,6080-Consulting,401.15,Consulting charge
T001340,2026-02-16,U0175,,6020-Travel & Entertainment,524.43,Travel & Entertainment charge
T001341,2025-09-07,U0291,,6100-Freight & Shipping,882.41,Freight & Shipping charge
T001342,2026-05-04,U0375,,6070-Utilities,455.98,Utilities charge
T001343,2026-01-19,U0145,,6010-Office Supplies,841.47,Office Supplies charge
T001344,2026-07-09,U0273,,6080-Consulting,528.96,Consulting charge
T001345,2026-06-07,U0379,U0090,6020-Travel & Entertainment,56.09,Travel & Entertainment charge
T001346,2025-11-07,U0104,,6020-Travel & Entertainment,175.34,Travel & Entertainment charge
T001347,2026-04-16,U0037,,6010-Office Supplies,420.52,Office Supplies charge
T001348,2025-12-09,U0159,,6100-Freight & Shipping,130.23,Freight & Shipping charge
T001349,2026-02-10,U0393,,6030-Professional Fees,953.29,Professional Fees charge
T001350,2026-05-23,U0210,,6010-Office Supplies,2654.01,Office Supplies charge
T001351,2026-08-09,U0390,,6010-Office Supplies,1883.03,Office Supplies charge
T001352,2025-11-15,U0289,,6050-Facilities,389.64,Facilities charge
T001353,2026-07-09,U0158,,6040-IT Software,2539.69,IT Software charge
T001354,2025-09-02,U0371,,6050-Facilities,580.29,Facilities charge
T001355,2026-04-27,U0192,U0269,6100-Freight & Shipping,340.09,Freight & Shipping charge
T001356,2025-10-30,U0054,U0180,6020-Travel & Entertainment,250.95,Travel & Entertainment charge
T001357,2026-07-18,U0341,,6010-Office Supplies,353.29,Office Supplies charge
T001358,2026-07-24,U0126,,6060-Marketing,321.5,Marketing charge
T001359,2026-02-05,U0142,,6040-IT Software,594.34,IT Software charge
T001360,2025-09-28,U0175,U0082,6070-Utilities,587.94,Utilities charge
T001361,2026-02-09,U0325,U0117,6070-Utilities,494.4,Utilities charge
T001362,2026-01-30,U0104,U0284,6050-Facilities,796.82,Facilities charge
T001363,2026-06-24,U0203,,6060-Marketing,1825.69,Marketing charge
T001364,2026-07-21,U0260,,6030-Professional Fees,1400.39,Professional Fees charge
T001365,2025-11-19,U0221,,6090-Equipment,96.22,Equipment charge
T001366,2026-02-25,U0251,,6050-Facilities,29.69,Facilities charge
T001367,2026-06-10,U0291,,6050-Facilities,1377.12,Facilities charge
T001368,2025-12-21,U0148,,6080-Consulting,109.56,Consulting charge
T001369,2026-08-04,U0298,,6030-Professional Fees,384.81,Professional Fees charge
T001370,2026-03-10,U0182,,6100-Freight & Shipping,136.03,Freight & Shipping charge
T001371,2026-02-13,U0025,,6020-Travel & Entertainment,67.89,Travel & Entertainment charge
T001372,2025-11-21,U0009,,6070-Utilities,893.91,Utilities charge
T001373,2025-12-05,U0061,,6060-Marketing,1135.78,Marketing charge
T001374,2025-09-12,U0109,,6080-Consulting,261.34,Consulting charge
T001375,2026-08-22,U0331,,6070-Utilities,28.5,Utilities charge
T001376,2026-01-08,U0139,,6060-Marketing,270.19,Marketing charge
T001377,2026-02-01,U0232,,6010-Office Supplies,758.23,Office Supplies charge
T001378,2025-10-26,U0293,U0333,6070-Utilities,96.85,Utilities charge
T001379,2026-07-01,U0232,U0170,6010-Office Supplies,602.87,Office Supplies charge
T001380,2026-08-24,U0345,,6090-Equipment,484.52,Equipment charge
T001381,2025-11-06,U0082,U0055,6060-Marketing,931.9,Marketing charge
T001382,2025-11-12,U0175,U0001,6060-Marketing,562.02,Marketing charge
T001383,2025-11-15,U0386,,6040-IT Software,168.95,IT Software charge
T001384,2025-12-04,U0050,,6040-IT Software,1837.62,IT Software charge
T001385,2025-11-18,U0140,,6090-Equipment,413.9,Equipment charge
T001386,2025-11-21,U0276,,6060-Marketing,478.17,Marketing charge
T001387,2026-08-24,U0226,,6040-IT Software,176.51,IT Software charge
T001388,2026-08-28,U0268,U0075,6040-IT Software,302.59,IT Software charge
T001389,2025-11-08,U0179,,6070-Utilities,186.18,Utilities charge
T001390,2026-04-06,U0394,U0282,6100-Freight & Shipping,407.39,Freight & Shipping charge
T001391,2026-06-28,U0391,,6010-Office Supplies,3238.54,Office Supplies charge
T001392,2026-03-08,U0135,,6060-Marketing,108.95,Marketing charge
T001393,2026-07-04,U0353,,6070-Utilities,83.52,Utilities charge
T001394,2026-05-14,U0081,,6040-IT Software,2485.64,IT Software charge
T001395,2026-02-21,U0056,,6070-Utilities,391.41,Utilities charge
T001396,2026-02-07,U0162,,6070-Utilities,236.04,Utilities charge
T001397,2026-04-04,U0149,,6030-Professional Fees,1546.73,Professional Fees charge
T001398,2026-04-27,U0064,,6020-Travel & Entertainment,253.11,Travel & Entertainment charge
T001399,2026-03-27,U0384,U0293,6010-Office Supplies,3672.44,Office Supplies charge
T001400,2025-09-28,U0359,,6080-Consulting,2000.0,Consulting charge
T001401,2026-07-22,U0148,,6020-Travel & Entertainment,1038.69,Travel & Entertainment charge
T001402,2026-05-16,U0260,,6060-Marketing,288.1,Marketing charge
T001403,2026-03-06,U0308,U0307,6020-Travel & Entertainment,5287.17,Travel & Entertainment charge
T001404,2026-08-12,U0220,,6020-Travel & Entertainment,253.08,Travel & Entertainment charge
T001405,2026-01-11,U0341,,6040-IT Software,1114.66,IT Software charge
T001406,2026-04-11,U0262,U0284,6010-Office Supplies,684.87,Office Supplies charge
T001407,2026-03-07,U0266,,6010-Office Supplies,2063.0,Office Supplies charge
T001408,2026-04-06,U0145,,6060-Marketing,2745.35,Marketing charge
T001409,2026-06-05,U0018,,6050-Facilities,510.41,Facilities charge
T001410,2026-04-17,U0014,U0068,6060-Marketing,215.13,Marketing charge
T001411,2025-09-19,U0204,U0052,6090-Equipment,817.27,Equipment charge
T001412,2025-10-19,U0308,,6030-Professional Fees,233.81,Professional Fees charge
T001413,2026-01-19,U0249,,6060-Marketing,4513.04,Marketing charge
T001414,2026-05-27,U0139,U0215,6100-Freight & Shipping,572.6,Freight & Shipping charge
T001415,2025-11-15,U0027,,6100-Freight & Shipping,329.69,Freight & Shipping charge
T001416,2026-03-15,U0061,U0374,6090-Equipment,603.74,Equipment charge
T001417,2026-04-05,U0171,,6070-Utilities,111.96,Utilities charge
T001418,2026-08-01,U0147,,6020-Travel & Entertainment,169.22,Travel & Entertainment charge
T001419,2025-12-08,U0069,,6100-Freight & Shipping,1845.41,Freight & Shipping charge
T001420,2026-06-04,U0297,U0331,6040-IT Software,239.23,IT Software charge
T001421,2025-12-20,U0274,,6070-Utilities,155.77,Utilities charge
T001422,2026-01-20,U0109,,6090-Equipment,889.2,Equipment charge
T001423,2026-08-14,U0106,,6050-Facilities,1815.79,Facilities charge
T001424,2026-04-01,U0015,,6030-Professional Fees,1086.64,Professional Fees charge
T001425,2026-02-10,U0371,U0183,6020-Travel & Entertainment,1473.88,Travel & Entertainment charge
T001426,2025-10-03,U0128,,6100-Freight & Shipping,214.33,Freight & Shipping charge
T001427,2026-06-29,U0266,,6070-Utilities,103.13,Utilities charge
T001428,2026-04-18,U0039,,6090-Equipment,4999.0,Equipment charge
T001429,2025-12-17,U0288,,6090-Equipment,2569.5,Equipment charge
T001430,2026-03-26,U0146,,6010-Office Supplies,345.52,Office Supplies charge
T001431,2026-07-21,U0049,,6080-Consulting,373.94,Consulting charge
T001432,2026-05-30,U0121,,6060-Marketing,2123.91,Marketing charge
T001433,2026-08-12,U0261,,6080-Consulting,908.55,Consulting charge
T001434,2026-07-17,U0098,,6060-Marketing,813.61,Marketing charge
T001435,2026-01-24,U0017,U0217,6090-Equipment,5332.11,Equipment charge
T001436,2025-11-07,U0310,,6070-Utilities,242.77,Utilities charge
T001437,2026-03-22,U0059,U0166,6040-IT Software,1367.34,IT Software charge
T001438,2025-11-21,U0105,,6070-Utilities,524.64,Utilities charge
T001439,2026-04-03,U0126,,6100-Freight & Shipping,662.12,Freight & Shipping charge
T001440,2025-10-25,U0367,,6060-Marketing,2647.35,Marketing charge
T001441,2026-03-26,U0130,U0261,6080-Consulting,861.45,Consulting charge
T001442,2025-11-30,U0093,,6070-Utilities,890.81,Utilities charge
T001443,2026-04-26,U0189,U0336,6030-Professional Fees,1603.2,Professional Fees charge
T001444,2026-04-03,U0383,,6070-Utilities,329.82,Utilities charge
T001445,2025-12-24,U0359,,6030-Professional Fees,195.76,Professional Fees charge
T001446,2026-07-04,U0050,,6100-Freight & Shipping,156.13,Freight & Shipping charge
T001447,2026-07-10,U0183,,6040-IT Software,56.66,IT Software charge
T001448,2025-10-17,U0399,,6060-Marketing,4730.7,Marketing charge
T001449,2026-03-19,U0383,U0095,6090-Equipment,146.42,Equipment charge
T001450,2026-03-08,U0264,,6040-IT Software,386.3,IT Software charge
T001451,2026-02-13,U0117,,6030-Professional Fees,363.4,Professional Fees charge
T001452,2026-06-23,U0120,,6080-Consulting,691.01,Consulting charge
T001453,2026-01-02,U0257,,6030-Professional Fees,1208.71,Professional Fees charge
T001454,2026-07-07,U0066,,6060-Marketing,1269.68,Marketing charge
T001455,2026-04-29,U0146,U0242,6020-Travel & Entertainment,2000.0,Travel & Entertainment charge
T001456,2026-06-03,U0149,,6020-Travel & Entertainment,259.46,Travel & Entertainment charge
T001457,2025-09-13,U0308,,6080-Consulting,410.0,Consulting charge
T001458,2026-03-23,U0166,,6010-Office Supplies,672.39,Office Supplies charge
T001459,2026-07-20,U0295,U0086,6080-Consulting,374.82,Consulting charge
T001460,2026-06-24,U0150,,6020-Travel & Entertainment,2887.31,Travel & Entertainment charge
T001461,2026-02-21,U0385,,6030-Professional Fees,845.62,Professional Fees charge
T001462,2026-01-14,U0122,,6020-Travel & Entertainment,1105.85,Travel & Entertainment charge
T001463,2026-08-30,U0264,,6080-Consulting,1021.65,Consulting charge
T001464,2026-01-30,U0193,,6080-Consulting,1791.52,Consulting charge
T001465,2026-06-18,U0148,,6050-Facilities,601.32,Facilities charge
T001466,2026-05-26,U0087,,6050-Facilities,118.33,Facilities charge
T001467,2026-03-05,U0324,,6050-Facilities,764.83,Facilities charge
T001468,2026-07-22,U0326,,6050-Facilities,240.69,Facilities charge
T001469,2025-11-19,U0167,U0221,6030-Professional Fees,275.48,Professional Fees charge
T001470,2026-07-24,U0147,U0173,6040-IT Software,939.17,IT Software charge
T001471,2026-06-27,U0087,,6010-Office Supplies,1923.9,Office Supplies charge
T001472,2026-03-27,U0298,U0194,6080-Consulting,504.41,Consulting charge
T001473,2025-11-19,U0376,,6100-Freight & Shipping,692.09,Freight & Shipping charge
T001474,2026-03-13,U0215,,6080-Consulting,3204.9,Consulting charge
T001475,2025-11-29,U0278,U0042,6080-Consulting,642.15,Consulting charge
T001476,2025-12-25,U0193,U0353,6050-Facilities,8620.1,Facilities charge
T001477,2026-07-30,U0071,,6040-IT Software,917.87,IT Software charge
T001478,2025-09-07,U0372,,6090-Equipment,71.03,Equipment charge
T001479,2026-08-07,U0208,U0186,6010-Office Supplies,1128.54,Office Supplies charge
T001480,2025-10-05,U0293,,6050-Facilities,749.4,Facilities charge
T001481,2025-10-11,U0310,,6010-Office Supplies,2035.97,Office Supplies charge
T001482,2026-01-10,U0140,,6030-Professional Fees,1033.29,Professional Fees charge
T001483,2025-12-26,U0140,,6080-Consulting,423.14,Consulting charge
T001484,2026-06-10,U0152,U0041,6050-Facilities,128.16,Facilities charge
T001485,2026-05-26,U0077,U0338,6050-Facilities,391.53,Facilities charge
T001486,2026-05-03,U0335,,6080-Consulting,193.34,Consulting charge
T001487,2026-02-11,U0035,U0052,6020-Travel & Entertainment,260.19,Travel & Entertainment charge
T001488,2025-12-11,U0275,U0282,6020-Travel & Entertainment,941.46,Travel & Entertainment charge
T001489,2026-06-19,U0170,,6010-Office Supplies,3092.99,Office Supplies charge
T001490,2026-04-15,U0067,,6040-IT Software,760.62,IT Software charge
T001491,2025-09-01,U0263,,6050-Facilities,132.23,Facilities charge
T001492,2026-07-21,U0285,,6030-Professional Fees,803.57,Professional Fees charge
T001493,2026-07-28,U0162,,6050-Facilities,1837.75,Facilities charge
T001494,2026-01-19,U0192,,6090-Equipment,251.95,Equipment charge
T001495,2025-11-23,U0117,U0251,6080-Consulting,5000.0,Consulting charge
T001496,2026-02-03,U0393,,6020-Travel & Entertainment,425.21,Travel & Entertainment charge
T001497,2026-08-18,U0372,U0065,6090-Equipment,500.78,Equipment charge
T001498,2025-12-19,U0133,,6050-Facilities,207.81,Facilities charge
T001499,2026-04-30,U0306,,6020-Travel & Entertainment,1005.37,Travel & Entertainment charge
T001500,2026-06-20,U0122,U0229,6030-Professional Fees,431.37,Professional Fees charge
T001501,2025-11-20,U0100,,6100-Freight & Shipping,781.71,Freight & Shipping charge
T001502,2026-05-01,U0298,,6100-Freight & Shipping,185.63,Freight & Shipping charge
T001503,2025-12-27,U0153,,6050-Facilities,304.54,Facilities charge
T001504,2026-03-09,U0172,,6030-Professional Fees,1090.75,Professional Fees charge
T001505,2026-04-19,U0178,,6050-Facilities,326.97,Facilities charge
T001506,2025-09-03,U0241,,6070-Utilities,3293.35,Utilities charge
T001507,2025-11-11,U0377,U0118,6080-Consulting,317.48,Consulting charge
T001508,2026-08-05,U0121,,6050-Facilities,630.9,Facilities charge
T001509,2026-04-07,U0181,,6070-Utilities,1374.51,Utilities charge
T001510,2025-12-20,U0117,,6100-Freight & Shipping,103.52,Freight & Shipping charge
T001511,2025-10-09,U0064,,6040-IT Software,71.03,IT Software charge
T001512,2026-04-29,U0342,,6010-Office Supplies,92.0,Office Supplies charge
T001513,2026-01-06,U0281,,6050-Facilities,1976.02,Facilities charge
T001514,2025-10-22,U0039,U0214,6010-Office Supplies,268.53,Office Supplies charge
T001515,2026-01-24,U0253,U0046,6020-Travel & Entertainment,8217.48,Travel & Entertainment charge
T001516,2026-03-31,U0183,,6030-Professional Fees,264.89,Professional Fees charge
T001517,2025-12-12,U0329,U0331,6090-Equipment,603.66,Equipment charge
T001518,2026-08-05,U0315,,6050-Facilities,2687.38,Facilities charge
T001519,2025-11-11,U0017,,6020-Travel & Entertainment,4476.97,Travel & Entertainment charge
T001520,2026-03-04,U0177,U0182,6080-Consulting,4758.34,Consulting charge
T001521,2025-12-26,U0270,U0148,6080-Consulting,1861.62,Consulting charge
T001522,2026-07-07,U0146,,6010-Office Supplies,1520.0,Office Supplies charge
T001523,2026-03-22,U0247,,6080-Consulting,945.56,Consulting charge
T001524,2026-02-15,U0162,,6060-Marketing,4900.0,Marketing charge
T001525,2026-01-23,U0284,U0047,6100-Freight & Shipping,1160.03,Freight & Shipping charge
T001526,2025-10-18,U0325,,6090-Equipment,268.73,Equipment charge
T001527,2025-10-15,U0296,,6100-Freight & Shipping,200.33,Freight & Shipping charge
T001528,2025-10-08,U0112,,6070-Utilities,490.92,Utilities charge
T001529,2026-07-31,U0089,,6060-Marketing,408.62,Marketing charge
T001530,2026-04-21,U0191,,6090-Equipment,299.3,Equipment charge
T001531,2025-09-11,U0250,U0223,6070-Utilities,1060.0,Utilities charge
T001532,2025-09-05,U0015,U0130,6040-IT Software,1409.28,IT Software charge
T001533,2026-08-12,U0337,,6060-Marketing,543.08,Marketing charge
T001534,2026-06-22,U0117,,6060-Marketing,2503.09,Marketing charge
T001535,2025-11-18,U0332,U0106,6040-IT Software,140.35,IT Software charge
T001536,2025-09-14,U0061,,6090-Equipment,398.21,Equipment charge
T001537,2026-06-04,U0075,,6060-Marketing,223.97,Marketing charge
T001538,2025-12-27,U0178,U0154,6040-IT Software,63.23,IT Software charge
T001539,2025-12-21,U0134,,6060-Marketing,449.91,Marketing charge
T001540,2025-11-03,U0255,,6070-Utilities,430.99,Utilities charge
T001541,2026-03-14,U0121,,6010-Office Supplies,2603.98,Office Supplies charge
T001542,2026-03-14,U0120,U0103,6100-Freight & Shipping,986.23,Freight & Shipping charge
T001543,2026-06-24,U0293,,6090-Equipment,159.72,Equipment charge
T001544,2026-05-09,U0071,,6100-Freight & Shipping,3787.65,Freight & Shipping charge
T001545,2025-12-07,U0239,,6040-IT Software,1887.74,IT Software charge
T001546,2026-05-03,U0206,,6050-Facilities,934.78,Facilities charge
T001547,2025-09-04,U0014,,6070-Utilities,384.09,Utilities charge
T001548,2026-03-01,U0061,,6060-Marketing,171.51,Marketing charge
T001549,2026-07-31,U0251,,6050-Facilities,327.2,Facilities charge
T001550,2026-07-27,U0382,U0157,6070-Utilities,1632.1,Utilities charge
T001551,2026-02-13,U0379,U0325,6010-Office Supplies,3916.86,Office Supplies charge
T001552,2025-11-05,U0009,,6090-Equipment,2690.73,Equipment charge
T001553,2025-10-02,U0027,,6100-Freight & Shipping,287.8,Freight & Shipping charge
T001554,2026-01-29,U0387,,6060-Marketing,143.8,Marketing charge
T001555,2025-11-28,U0242,,6030-Professional Fees,575.35,Professional Fees charge
T001556,2025-12-02,U0391,U0096,6060-Marketing,70.44,Marketing charge
T001557,2026-05-13,U0023,,6040-IT Software,703.09,IT Software charge
T001558,2026-07-16,U0151,U0021,6060-Marketing,418.9,Marketing charge
T001559,2025-09-18,U0272,U0217,6030-Professional Fees,295.11,Professional Fees charge
T001560,2026-05-27,U0347,U0129,6030-Professional Fees,85.27,Professional Fees charge
T001561,2026-04-03,U0056,,6020-Travel & Entertainment,866.93,Travel & Entertainment charge
T001562,2026-06-02,U0239,,6080-Consulting,274.25,Consulting charge
T001563,2025-09-01,U0372,,6050-Facilities,136.06,Facilities charge
T001564,2025-11-05,U0147,,6060-Marketing,20.92,Marketing charge
T001565,2026-08-09,U0355,,6020-Travel & Entertainment,478.06,Travel & Entertainment charge
T001566,2025-12-10,U0328,U0085,6030-Professional Fees,3461.57,Professional Fees charge
T001567,2026-08-04,U0130,,6020-Travel & Entertainment,3063.72,Travel & Entertainment charge
T001568,2026-07-12,U0161,U0387,6020-Travel & Entertainment,298.03,Travel & Entertainment charge
T001569,2026-02-16,U0171,,6080-Consulting,254.06,Consulting charge
T001570,2026-01-15,U0332,,6030-Professional Fees,825.22,Professional Fees charge
T001571,2026-06-24,U0086,,6010-Office Supplies,164.31,Office Supplies charge
T001572,2025-09-25,U0368,U0371,6040-IT Software,686.75,IT Software charge
T001573,2025-12-31,U0025,U0279,6030-Professional Fees,1144.46,Professional Fees charge
T001574,2026-02-24,U0279,,6040-IT Software,1900.03,IT Software charge
T001575,2026-03-27,U0332,,6080-Consulting,441.35,Consulting charge
T001576,2026-06-07,U0150,U0298,6080-Consulting,393.85,Consulting charge
T001577,2026-02-20,U0190,,6030-Professional Fees,187.58,Professional Fees charge
T001578,2026-06-09,U0281,,6080-Consulting,198.43,Consulting charge
T001579,2026-05-24,U0193,,6050-Facilities,384.09,Facilities charge
T001580,2025-09-14,U0375,U0264,6090-Equipment,738.12,Equipment charge
T001581,2025-11-01,U0066,U0200,6090-Equipment,1346.07,Equipment charge
T001582,2026-04-20,U0174,,6070-Utilities,203.67,Utilities charge
T001583,2025-12-03,U0292,,6070-Utilities,2545.18,Utilities charge
T001584,2025-12-09,U0295,U0014,6030-Professional Fees,365.68,Professional Fees charge
T001585,2026-03-01,U0116,U0307,6090-Equipment,481.3,Equipment charge
T001586,2025-09-25,U0302,U0307,6090-Equipment,216.6,Equipment charge
T001587,2026-03-11,U0098,U0371,6030-Professional Fees,34.24,Professional Fees charge
T001588,2025-12-25,U0359,,6030-Professional Fees,1303.03,Professional Fees charge
T001589,2025-12-13,U0246,,6050-Facilities,1108.24,Facilities charge
T001590,2026-01-30,U0232,,6070-Utilities,361.6,Utilities charge
T001591,2026-04-28,U0275,,6060-Marketing,530.43,Marketing charge
T001592,2025-10-09,U0001,,6050-Facilities,869.17,Facilities charge
T001593,2026-07-11,U0121,U0238,6100-Freight & Shipping,88.34,Freight & Shipping charge
T001594,2025-11-13,U0082,,6080-Consulting,275.35,Consulting charge
T001595,2026-03-20,U0139,,6030-Professional Fees,1180.5,Professional Fees charge
T001596,2026-01-06,U0114,,6060-Marketing,124.0,Marketing charge
T001597,2025-11-11,U0158,,6070-Utilities,680.56,Utilities charge
T001598,2025-11-17,U0393,,6040-IT Software,110.8,IT Software charge
T001599,2025-09-06,U0185,,6020-Travel & Entertainment,823.1,Travel & Entertainment charge
T001600,2026-07-04,U0365,,6080-Consulting,473.8,Consulting charge
T001601,2026-06-05,U0073,U0193,6100-Freight & Shipping,83.38,Freight & Shipping charge
T001602,2025-09-21,U0155,U0365,6070-Utilities,1774.39,Utilities charge
T001603,2026-04-07,U0269,,6100-Freight & Shipping,219.63,Freight & Shipping charge
T001604,2026-01-28,U0281,U0350,6040-IT Software,202.09,IT Software charge
T001605,2026-03-05,U0347,,6040-IT Software,614.39,IT Software charge
T001606,2026-04-04,U0250,,6010-Office Supplies,1743.24,Office Supplies charge
T001607,2026-01-20,U0160,,6050-Facilities,161.19,Facilities charge
T001608,2026-01-07,U0390,U0280,6060-Marketing,527.34,Marketing charge
T001609,2026-06-27,U0139,,6080-Consulting,789.74,Consulting charge
T001610,2025-10-24,U0152,,6080-Consulting,1056.18,Consulting charge
T001611,2026-07-08,U0216,,6090-Equipment,598.3,Equipment charge
T001612,2026-07-06,U0029,,6020-Travel & Entertainment,329.07,Travel & Entertainment charge
T001613,2026-06-22,U0060,,6020-Travel & Entertainment,198.27,Travel & Entertainment charge
T001614,2026-06-25,U0206,,6100-Freight & Shipping,541.72,Freight & Shipping charge
T001615,2026-02-25,U0028,,6080-Consulting,151.51,Consulting charge
T001616,2025-09-20,U0301,,6070-Utilities,19.82,Utilities charge
T001617,2026-08-09,U0250,U0368,6010-Office Supplies,796.49,Office Supplies charge
T001618,2025-10-21,U0186,,6050-Facilities,1331.86,Facilities charge
T001619,2026-01-08,U0263,,6060-Marketing,36.63,Marketing charge
T001620,2026-01-20,U0143,,6080-Consulting,162.28,Consulting charge
T001621,2026-01-13,U0371,,6030-Professional Fees,973.67,Professional Fees charge
T001622,2026-07-29,U0316,,6060-Marketing,4737.41,Marketing charge
T001623,2026-05-14,U0101,,6020-Travel & Entertainment,504.15,Travel & Entertainment charge
T001624,2026-02-10,U0131,,6050-Facilities,221.23,Facilities charge
T001625,2026-03-27,U0374,,6060-Marketing,402.95,Marketing charge
T001626,2025-12-13,U0219,,6050-Facilities,2235.82,Facilities charge
T001627,2026-04-13,U0190,,6060-Marketing,242.12,Marketing charge
T001628,2025-09-09,U0182,,6020-Travel & Entertainment,204.57,Travel & Entertainment charge
T001629,2026-08-25,U0293,,6090-Equipment,289.74,Equipment charge
T001630,2026-03-23,U0105,U0055,6100-Freight & Shipping,172.66,Freight & Shipping charge
T001631,2026-08-06,U0347,U0192,6070-Utilities,563.93,Utilities charge
T001632,2026-03-01,U0307,,6070-Utilities,2942.89,Utilities charge
T001633,2026-07-12,U0167,,6100-Freight & Shipping,703.02,Freight & Shipping charge
T001634,2026-04-15,U0130,U0158,6010-Office Supplies,373.31,Office Supplies charge
T001635,2026-05-12,U0020,,6040-IT Software,357.45,IT Software charge
T001636,2025-12-25,U0140,U0011,6080-Consulting,88.28,Consulting charge
T001637,2026-01-03,U0168,,6010-Office Supplies,1301.69,Office Supplies charge
T001638,2026-04-01,U0253,,6090-Equipment,452.32,Equipment charge
T001639,2025-12-05,U0238,,6090-Equipment,404.02,Equipment charge
T001640,2026-01-12,U0222,U0212,6060-Marketing,16521.51,Marketing charge
T001641,2025-12-30,U0208,U0078,6060-Marketing,684.46,Marketing charge
T001642,2026-08-26,U0181,,6040-IT Software,215.51,IT Software charge
T001643,2026-05-18,U0059,U0351,6080-Consulting,308.28,Consulting charge
T001644,2026-02-26,U0131,U0154,6090-Equipment,1742.87,Equipment charge
T001645,2025-09-28,U0331,,6080-Consulting,558.13,Consulting charge
T001646,2025-10-04,U0252,,6030-Professional Fees,101.28,Professional Fees charge
T001647,2025-09-30,U0381,,6060-Marketing,1354.45,Marketing charge
T001648,2026-08-16,U0041,,6060-Marketing,236.29,Marketing charge
T001649,2026-01-08,U0327,,6010-Office Supplies,3868.52,Office Supplies charge
T001650,2026-03-22,U0078,,6040-IT Software,1616.56,IT Software charge
T001651,2026-02-03,U0394,,6060-Marketing,301.25,Marketing charge
T001652,2026-03-28,U0294,,6030-Professional Fees,2016.5,Professional Fees charge
T001653,2026-02-09,U0338,U0205,6010-Office Supplies,530.94,Office Supplies charge
T001654,2025-11-01,U0338,,6020-Travel & Entertainment,1258.97,Travel & Entertainment charge
T001655,2025-12-09,U0095,,6040-IT Software,839.84,IT Software charge
T001656,2025-12-02,U0105,,6010-Office Supplies,194.22,Office Supplies charge
T001657,2026-02-17,U0071,,6020-Travel & Entertainment,242.77,Travel & Entertainment charge
T001658,2026-03-18,U0399,,6070-Utilities,1529.9,Utilities charge
T001659,2025-12-03,U0193,U0250,6020-Travel & Entertainment,340.95,Travel & Entertainment charge
T001660,2026-05-14,U0145,,6020-Travel & Entertainment,316.08,Travel & Entertainment charge
T001661,2026-02-27,U0131,,6020-Travel & Entertainment,172.32,Travel & Entertainment charge
T001662,2026-01-10,U0302,U0322,6010-Office Supplies,785.22,Office Supplies charge
T001663,2026-08-16,U0039,U0306,6060-Marketing,4763.69,Marketing charge
T001664,2025-09-03,U0011,U0327,6060-Marketing,152.28,Marketing charge
T001665,2026-03-11,U0324,U0362,6020-Travel & Entertainment,506.05,Travel & Entertainment charge
T001666,2025-12-03,U0288,,6090-Equipment,2329.58,Equipment charge
T001667,2025-11-19,U0398,U0255,6100-Freight & Shipping,451.42,Freight & Shipping charge
T001668,2026-05-18,U0104,,6030-Professional Fees,810.47,Professional Fees charge
T001669,2025-09-20,U0362,,6090-Equipment,153.14,Equipment charge
T001670,2026-02-07,U0071,,6050-Facilities,789.29,Facilities charge
T001671,2026-05-24,U0341,,6030-Professional Fees,401.07,Professional Fees charge
T001672,2025-11-19,U0349,,6100-Freight & Shipping,1457.25,Freight & Shipping charge
T001673,2026-06-08,U0386,,6070-Utilities,1819.15,Utilities charge
T001674,2026-06-11,U0391,U0137,6020-Travel & Entertainment,8505.94,Travel & Entertainment charge
T001675,2025-12-06,U0284,U0277,6070-Utilities,932.25,Utilities charge
T001676,2026-08-29,U0386,,6100-Freight & Shipping,705.13,Freight & Shipping charge
T001677,2026-08-02,U0388,,6060-Marketing,610.22,Marketing charge
T001678,2026-05-26,U0307,,6070-Utilities,334.13,Utilities charge
T001679,2026-02-12,U0161,U0365,6030-Professional Fees,715.04,Professional Fees charge
T001680,2026-03-26,U0247,,6070-Utilities,356.05,Utilities charge
T001681,2025-10-24,U0284,,6060-Marketing,593.07,Marketing charge
T001682,2026-05-13,U0173,,6050-Facilities,2099.3,Facilities charge
T001683,2025-09-22,U0305,,6040-IT Software,162.85,IT Software charge
T001684,2026-06-20,U0338,,6090-Equipment,1726.53,Equipment charge
T001685,2026-06-01,U0032,,6010-Office Supplies,2098.18,Office Supplies charge
T001686,2026-02-28,U0111,,6090-Equipment,432.73,Equipment charge
T001687,2026-05-19,U0251,,6090-Equipment,47.75,Equipment charge
T001688,2026-08-24,U0397,U0109,6010-Office Supplies,252.5,Office Supplies charge
T001689,2026-08-31,U0128,U0120,6060-Marketing,2052.25,Marketing charge
T001690,2025-10-30,U0162,,6100-Freight & Shipping,9800.0,Freight & Shipping charge
T001691,2026-08-04,U0138,,6060-Marketing,480.51,Marketing charge
T001692,2026-03-10,U0131,U0143,6070-Utilities,164.15,Utilities charge
T001693,2026-08-09,U0362,,6050-Facilities,282.8,Facilities charge
T001694,2026-08-30,U0328,,6050-Facilities,1242.25,Facilities charge
T001695,2026-03-29,U0155,,6010-Office Supplies,899.11,Office Supplies charge
T001696,2025-12-07,U0159,U0229,6080-Consulting,378.86,Consulting charge
T001697,2026-08-23,U0029,,6080-Consulting,329.14,Consulting charge
T001698,2026-07-24,U0045,,6020-Travel & Entertainment,320.24,Travel & Entertainment charge
T001699,2025-10-05,U0282,U0147,6030-Professional Fees,178.64,Professional Fees charge
T001700,2026-08-22,U0397,U0327,6070-Utilities,2912.93,Utilities charge
T001701,2025-10-26,U0149,,6020-Travel & Entertainment,345.66,Travel & Entertainment charge
T001702,2025-10-15,U0118,U0300,6090-Equipment,1879.71,Equipment charge
T001703,2026-04-29,U0026,U0223,6080-Consulting,2626.61,Consulting charge
T001704,2025-10-13,U0108,,6020-Travel & Entertainment,1477.55,Travel & Entertainment charge
T001705,2025-11-13,U0253,U0292,6080-Consulting,306.5,Consulting charge
T001706,2025-12-17,U0111,U0090,6060-Marketing,768.24,Marketing charge
T001707,2026-01-07,U0192,U0377,6030-Professional Fees,479.81,Professional Fees charge
T001708,2026-03-20,U0037,U0042,6070-Utilities,182.35,Utilities charge
T001709,2025-12-04,U0130,,6040-IT Software,704.01,IT Software charge
T001710,2026-04-14,U0018,,6020-Travel & Entertainment,134.7,Travel & Entertainment charge
T001711,2026-06-13,U0164,,6030-Professional Fees,1819.74,Professional Fees charge
T001712,2025-10-28,U0038,,6020-Travel & Entertainment,295.57,Travel & Entertainment charge
T001713,2025-11-26,U0359,U0063,6060-Marketing,614.79,Marketing charge
T001714,2025-12-29,U0399,,6010-Office Supplies,672.91,Office Supplies charge
T001715,2026-06-18,U0222,,6020-Travel & Entertainment,370.63,Travel & Entertainment charge
T001716,2026-06-16,U0026,,6090-Equipment,939.51,Equipment charge
T001717,2026-06-20,U0275,,6070-Utilities,292.25,Utilities charge
T001718,2025-12-31,U0260,,6080-Consulting,1284.89,Consulting charge
T001719,2026-04-21,U0371,U0309,6080-Consulting,112.1,Consulting charge
T001720,2025-12-24,U0206,,6030-Professional Fees,566.24,Professional Fees charge
T001721,2026-01-10,U0222,U0170,6030-Professional Fees,4158.13,Professional Fees charge
T001722,2025-09-22,U0085,,6080-Consulting,163.96,Consulting charge
T001723,2026-03-25,U0131,,6030-Professional Fees,233.8,Professional Fees charge
T001724,2026-04-04,U0234,,6070-Utilities,867.23,Utilities charge
T001725,2026-04-26,U0222,,6060-Marketing,600.37,Marketing charge
T001726,2026-05-30,U0078,,6040-IT Software,724.65,IT Software charge
T001727,2025-12-09,U0327,,6100-Freight & Shipping,843.96,Freight & Shipping charge
T001728,2026-03-11,U0236,U0065,6050-Facilities,990.48,Facilities charge
T001729,2026-07-31,U0313,,6080-Consulting,1670.15,Consulting charge
T001730,2026-03-31,U0363,,6010-Office Supplies,773.4,Office Supplies charge
T001731,2026-08-04,U0093,,6070-Utilities,377.9,Utilities charge
T001732,2025-09-13,U0256,,6040-IT Software,1032.6,IT Software charge
T001733,2026-08-15,U0155,,6100-Freight & Shipping,3983.32,Freight & Shipping charge
T001734,2025-12-11,U0331,,6030-Professional Fees,425.86,Professional Fees charge
T001735,2026-05-08,U0076,,6060-Marketing,168.68,Marketing charge
T001736,2026-07-19,U0306,,6010-Office Supplies,1665.35,Office Supplies charge
T001737,2025-09-11,U0052,,6010-Office Supplies,431.64,Office Supplies charge
T001738,2025-10-17,U0187,,6060-Marketing,45.15,Marketing charge
T001739,2025-12-19,U0089,,6050-Facilities,1251.58,Facilities charge
T001740,2026-06-26,U0178,,6080-Consulting,273.46,Consulting charge
T001741,2026-02-03,U0165,U0089,6020-Travel & Entertainment,446.04,Travel & Entertainment charge
T001742,2026-04-01,U0096,,6020-Travel & Entertainment,709.94,Travel & Entertainment charge
T001743,2026-06-15,U0094,,6090-Equipment,607.62,Equipment charge
T001744,2026-08-20,U0160,,6040-IT Software,1075.35,IT Software charge
T001745,2026-04-16,U0087,U0220,6020-Travel & Entertainment,305.2,Travel & Entertainment charge
T001746,2026-03-14,U0274,U0207,6080-Consulting,866.46,Consulting charge
T001747,2026-06-27,U0255,,6100-Freight & Shipping,370.37,Freight & Shipping charge
T001748,2026-08-10,U0284,,6100-Freight & Shipping,1110.64,Freight & Shipping charge
T001749,2026-03-09,U0052,,6020-Travel & Entertainment,969.62,Travel & Entertainment charge
T001750,2026-03-21,U0395,,6030-Professional Fees,176.09,Professional Fees charge
T001751,2025-12-10,U0391,,6060-Marketing,1627.14,Marketing charge
T001752,2026-03-01,U0051,,6100-Freight & Shipping,273.26,Freight & Shipping charge
T001753,2026-06-30,U0362,,6070-Utilities,1198.54,Utilities charge
T001754,2025-12-08,U0145,,6090-Equipment,738.05,Equipment charge
T001755,2026-05-09,U0018,U0138,6060-Marketing,3721.95,Marketing charge
T001756,2026-01-13,U0173,,6080-Consulting,385.36,Consulting charge
T001757,2026-08-03,U0155,,6080-Consulting,335.54,Consulting charge
T001758,2026-03-14,U0117,U0273,6100-Freight & Shipping,4900.0,Freight & Shipping charge
T001759,2026-03-18,U0218,U0216,6010-Office Supplies,482.33,Office Supplies charge
T001760,2026-03-07,U0189,,6090-Equipment,353.01,Equipment charge
T001761,2026-08-29,U0235,,6060-Marketing,1187.89,Marketing charge
T001762,2026-06-10,U0149,U0261,6040-IT Software,83.27,IT Software charge
T001763,2025-10-14,U0392,,6060-Marketing,154.62,Marketing charge
T001764,2025-11-05,U0017,U0043,6020-Travel & Entertainment,152.23,Travel & Entertainment charge
T001765,2026-06-20,U0090,,6040-IT Software,1401.56,IT Software charge
T001766,2025-09-07,U0009,,6060-Marketing,3234.65,Marketing charge
T001767,2026-06-26,U0091,,6080-Consulting,439.27,Consulting charge
T001768,2025-10-25,U0389,,6100-Freight & Shipping,409.24,Freight & Shipping charge
T001769,2025-10-12,U0117,,6030-Professional Fees,532.22,Professional Fees charge
T001770,2026-04-10,U0003,,6040-IT Software,1768.82,IT Software charge
T001771,2026-02-12,U0222,,6090-Equipment,177.67,Equipment charge
T001772,2026-07-07,U0286,,6030-Professional Fees,640.47,Professional Fees charge
T001773,2025-10-02,U0342,U0104,6080-Consulting,1440.46,Consulting charge
T001774,2026-01-13,U0116,,6030-Professional Fees,855.09,Professional Fees charge
T001775,2026-08-25,U0111,U0109,6020-Travel & Entertainment,607.01,Travel & Entertainment charge
T001776,2025-12-26,U0181,,6030-Professional Fees,1482.0,Professional Fees charge
T001777,2026-07-05,U0168,U0248,6070-Utilities,25.19,Utilities charge
T001778,2026-02-24,U0144,,6040-IT Software,1038.64,IT Software charge
T001779,2026-01-07,U0398,U0041,6050-Facilities,239.97,Facilities charge
T001780,2026-02-24,U0285,,6010-Office Supplies,65.78,Office Supplies charge
T001781,2026-06-29,U0359,,6080-Consulting,4950.0,Consulting charge
T001782,2026-07-08,U0397,,6020-Travel & Entertainment,864.65,Travel & Entertainment charge
T001783,2026-04-19,U0180,,6060-Marketing,2232.83,Marketing charge
T001784,2026-02-01,U0288,,6080-Consulting,423.61,Consulting charge
T001785,2025-12-26,U0112,,6100-Freight & Shipping,1405.52,Freight & Shipping charge
T001786,2026-04-27,U0236,,6080-Consulting,2903.02,Consulting charge
T001787,2026-04-26,U0233,U0221,6080-Consulting,2093.11,Consulting charge
T001788,2025-09-13,U0242,,6030-Professional Fees,2992.79,Professional Fees charge
T001789,2025-11-16,U0368,,6070-Utilities,1114.7,Utilities charge
T001790,2025-11-28,U0387,U0058,6030-Professional Fees,535.38,Professional Fees charge
T001791,2026-03-20,U0014,,6080-Consulting,84.59,Consulting charge
T001792,2026-05-13,U0017,,6070-Utilities,375.9,Utilities charge
T001793,2026-01-21,U0317,,6040-IT Software,194.89,IT Software charge
T001794,2026-04-10,U0288,U0390,6070-Utilities,5367.07,Utilities charge
T001795,2026-02-28,U0039,,6020-Travel & Entertainment,406.07,Travel & Entertainment charge
T001796,2026-07-09,U0276,,6050-Facilities,564.27,Facilities charge
T001797,2025-12-20,U0286,,6070-Utilities,903.82,Utilities charge
T001798,2025-11-21,U0368,,6060-Marketing,516.96,Marketing charge
T001799,2026-07-11,U0248,,6020-Travel & Entertainment,3179.74,Travel & Entertainment charge
T001800,2026-03-11,U0192,,6030-Professional Fees,248.41,Professional Fees charge
T001801,2025-09-10,U0041,U0186,6080-Consulting,610.37,Consulting charge
T001802,2026-02-08,U0134,,6080-Consulting,217.74,Consulting charge
T001803,2026-02-17,U0332,,6040-IT Software,115.35,IT Software charge
T001804,2026-06-21,U0368,,6040-IT Software,251.4,IT Software charge
T001805,2026-05-09,U0143,U0296,6100-Freight & Shipping,473.08,Freight & Shipping charge
T001806,2026-03-16,U0058,U0285,6030-Professional Fees,307.28,Professional Fees charge
T001807,2026-07-06,U0267,,6050-Facilities,230.06,Facilities charge
T001808,2026-01-20,U0113,,6030-Professional Fees,104.9,Professional Fees charge
T001809,2026-01-05,U0274,,6040-IT Software,449.7,IT Software charge
T001810,2026-05-06,U0361,U0180,6090-Equipment,94.14,Equipment charge
T001811,2026-02-08,U0280,U0379,6100-Freight & Shipping,1136.9,Freight & Shipping charge
T001812,2026-07-03,U0111,,6100-Freight & Shipping,539.52,Freight & Shipping charge
T001813,2026-05-27,U0114,,6090-Equipment,99.16,Equipment charge
T001814,2026-08-25,U0245,U0168,6010-Office Supplies,350.68,Office Supplies charge
T001815,2025-09-15,U0018,,6070-Utilities,215.43,Utilities charge
T001816,2026-04-17,U0087,,6070-Utilities,700.01,Utilities charge
T001817,2025-10-26,U0177,U0352,6050-Facilities,2152.74,Facilities charge
T001818,2026-01-24,U0262,,6030-Professional Fees,62.63,Professional Fees charge
T001819,2025-11-03,U0014,,6010-Office Supplies,559.21,Office Supplies charge
T001820,2025-11-12,U0211,,6060-Marketing,413.17,Marketing charge
T001821,2026-07-19,U0020,,6070-Utilities,1031.2,Utilities charge
T001822,2026-07-11,U0185,,6010-Office Supplies,622.98,Office Supplies charge
T001823,2025-09-21,U0327,,6090-Equipment,215.47,Equipment charge
T001824,2026-05-13,U0077,U0062,6020-Travel & Entertainment,346.9,Travel & Entertainment charge
T001825,2025-11-23,U0301,,6040-IT Software,205.28,IT Software charge
T001826,2026-02-21,U0204,,6020-Travel & Entertainment,1609.39,Travel & Entertainment charge
T001827,2026-03-25,U0285,,6090-Equipment,504.44,Equipment charge
T001828,2026-08-22,U0227,U0121,6030-Professional Fees,3989.06,Professional Fees charge
T001829,2025-11-21,U0259,,6020-Travel & Entertainment,460.94,Travel & Entertainment charge
T001830,2026-01-01,U0131,,6010-Office Supplies,226.05,Office Supplies charge
T001831,2026-07-27,U0035,U0135,6040-IT Software,93.22,IT Software charge
T001832,2025-11-10,U0090,,6090-Equipment,67.8,Equipment charge
T001833,2026-08-10,U0369,,6070-Utilities,86.27,Utilities charge
T001834,2025-09-13,U0285,U0341,6070-Utilities,661.06,Utilities charge
T001835,2025-12-16,U0026,U0051,6040-IT Software,862.3,IT Software charge
T001836,2026-03-08,U0335,U0123,6090-Equipment,86.55,Equipment charge
T001837,2026-06-02,U0089,,6010-Office Supplies,1318.89,Office Supplies charge
T001838,2026-01-15,U0161,,6090-Equipment,289.64,Equipment charge
T001839,2026-07-09,U0118,,6050-Facilities,579.1,Facilities charge
T001840,2026-03-21,U0149,,6020-Travel & Entertainment,2902.83,Travel & Entertainment charge
T001841,2026-07-06,U0258,U0067,6090-Equipment,1321.5,Equipment charge
T001842,2026-03-18,U0029,,6020-Travel & Entertainment,366.73,Travel & Entertainment charge
T001843,2026-06-19,U0117,,6050-Facilities,184.88,Facilities charge
T001844,2026-02-03,U0342,,6060-Marketing,46.2,Marketing charge
T001845,2026-06-18,U0132,U0011,6050-Facilities,223.39,Facilities charge
T001846,2025-12-02,U0125,,6060-Marketing,390.63,Marketing charge
T001847,2026-02-15,U0222,,6080-Consulting,166.35,Consulting charge
T001848,2026-05-10,U0097,U0391,6080-Consulting,426.5,Consulting charge
T001849,2025-10-10,U0143,U0023,6100-Freight & Shipping,536.22,Freight & Shipping charge
T001850,2025-09-26,U0361,,6010-Office Supplies,384.77,Office Supplies charge
T001851,2026-04-16,U0172,,6070-Utilities,241.05,Utilities charge
T001852,2025-09-28,U0059,U0246,6060-Marketing,593.19,Marketing charge
T001853,2025-10-09,U0214,U0025,6050-Facilities,801.22,Facilities charge
T001854,2026-02-02,U0071,,6030-Professional Fees,148.5,Professional Fees charge
T001855,2025-11-01,U0119,,6010-Office Supplies,2326.28,Office Supplies charge
T001856,2025-09-08,U0103,U0335,6020-Travel & Entertainment,442.11,Travel & Entertainment charge
T001857,2026-01-18,U0321,,6050-Facilities,503.07,Facilities charge
T001858,2026-08-21,U0041,,6030-Professional Fees,1073.88,Professional Fees charge
T001859,2025-09-16,U0217,,6010-Office Supplies,636.85,Office Supplies charge
T001860,2025-11-29,U0238,U0041,6010-Office Supplies,1405.92,Office Supplies charge
T001861,2026-08-30,U0160,U0152,6050-Facilities,675.76,Facilities charge
T001862,2026-08-10,U0018,U0260,6050-Facilities,251.22,Facilities charge
T001863,2026-07-30,U0001,,6010-Office Supplies,733.37,Office Supplies charge
T001864,2026-06-14,U0251,,6080-Consulting,140.04,Consulting charge
T001865,2026-01-25,U0032,,6060-Marketing,555.25,Marketing charge
T001866,2026-06-06,U0273,,6030-Professional Fees,475.06,Professional Fees charge
T001867,2026-06-04,U0318,,6030-Professional Fees,391.93,Professional Fees charge
T001868,2025-11-29,U0235,,6100-Freight & Shipping,427.78,Freight & Shipping charge
T001869,2026-01-28,U0198,,6030-Professional Fees,62.18,Professional Fees charge
T001870,2026-08-12,U0286,,6090-Equipment,269.46,Equipment charge
T001871,2026-07-06,U0053,,6050-Facilities,545.73,Facilities charge
T001872,2026-07-28,U0205,,6080-Consulting,587.48,Consulting charge
T001873,2025-11-24,U0397,,6010-Office Supplies,159.1,Office Supplies charge
T001874,2025-11-14,U0364,,6100-Freight & Shipping,1982.83,Freight & Shipping charge
T001875,2026-06-21,U0094,,6030-Professional Fees,190.03,Professional Fees charge
T001876,2025-10-12,U0227,,6070-Utilities,1431.39,Utilities charge
T001877,2025-09-22,U0314,U0318,6090-Equipment,788.33,Equipment charge
T001878,2025-11-24,U0389,,6040-IT Software,242.05,IT Software charge
T001879,2025-10-30,U0282,,6060-Marketing,3473.24,Marketing charge
T001880,2026-03-22,U0316,,6090-Equipment,132.56,Equipment charge
T001881,2026-02-27,U0332,,6070-Utilities,1354.34,Utilities charge
T001882,2026-07-25,U0130,,6080-Consulting,1481.25,Consulting charge
T001883,2025-09-01,U0111,,6090-Equipment,235.64,Equipment charge
T001884,2026-08-22,U0045,,6050-Facilities,2279.5,Facilities charge
T001885,2026-06-05,U0122,U0014,6020-Travel & Entertainment,374.26,Travel & Entertainment charge
T001886,2026-01-30,U0023,,6020-Travel & Entertainment,676.93,Travel & Entertainment charge
T001887,2025-10-07,U0397,,6020-Travel & Entertainment,656.13,Travel & Entertainment charge
T001888,2026-03-21,U0117,U0362,6070-Utilities,9900.0,Utilities charge
T001889,2026-05-03,U0340,,6100-Freight & Shipping,425.07,Freight & Shipping charge
T001890,2026-05-14,U0024,U0275,6060-Marketing,1202.18,Marketing charge
T001891,2026-06-03,U0220,,6020-Travel & Entertainment,1179.49,Travel & Entertainment charge
T001892,2026-08-17,U0201,,6080-Consulting,72.0,Consulting charge
T001893,2025-10-15,U0281,U0140,6080-Consulting,2068.9,Consulting charge
T001894,2025-10-19,U0368,,6080-Consulting,79.14,Consulting charge
T001895,2026-04-29,U0350,,6010-Office Supplies,1534.26,Office Supplies charge
T001896,2025-12-20,U0261,U0075,6100-Freight & Shipping,1701.69,Freight & Shipping charge
T001897,2026-08-12,U0342,,6010-Office Supplies,148.4,Office Supplies charge
T001898,2025-12-02,U0291,,6080-Consulting,313.6,Consulting charge
T001899,2026-08-01,U0309,U0298,6010-Office Supplies,146.02,Office Supplies charge
T001900,2025-11-29,U0284,U0165,6080-Consulting,389.0,Consulting charge
T001901,2026-02-17,U0348,U0048,6070-Utilities,351.13,Utilities charge
T001902,2026-05-05,U0116,,6080-Consulting,1161.68,Consulting charge
T001903,2025-11-30,U0383,U0192,6070-Utilities,2082.53,Utilities charge
T001904,2026-06-26,U0398,,6080-Consulting,2287.59,Consulting charge
T001905,2025-10-22,U0069,,6030-Professional Fees,265.5,Professional Fees charge
T001906,2026-06-16,U0350,,6010-Office Supplies,391.45,Office Supplies charge
T001907,2025-09-11,U0249,,6090-Equipment,77.34,Equipment charge
T001908,2025-10-25,U0314,U0322,6070-Utilities,203.07,Utilities charge
T001909,2025-10-05,U0245,,6020-Travel & Entertainment,1424.16,Travel & Entertainment charge
T001910,2026-03-03,U0389,,6080-Consulting,2913.59,Consulting charge
T001911,2025-11-01,U0081,,6010-Office Supplies,126.75,Office Supplies charge
T001912,2025-12-10,U0389,,6080-Consulting,256.8,Consulting charge
T001913,2026-01-13,U0321,,6080-Consulting,478.64,Consulting charge
T001914,2026-06-26,U0108,U0119,6070-Utilities,670.6,Utilities charge
T001915,2026-02-01,U0087,,6030-Professional Fees,202.24,Professional Fees charge
T001916,2025-10-01,U0214,U0390,6090-Equipment,785.62,Equipment charge
T001917,2026-05-04,U0100,U0276,6090-Equipment,4999.0,Equipment charge
T001918,2026-05-04,U0276,,6040-IT Software,292.59,IT Software charge
T001919,2026-07-19,U0369,U0391,6090-Equipment,484.98,Equipment charge
T001920,2026-05-20,U0075,U0297,6030-Professional Fees,898.67,Professional Fees charge
T001921,2026-06-17,U0046,,6030-Professional Fees,496.24,Professional Fees charge
T001922,2026-03-05,U0364,,6040-IT Software,304.9,IT Software charge
T001923,2025-09-22,U0250,U0393,6060-Marketing,436.78,Marketing charge
T001924,2026-03-20,U0215,,6080-Consulting,447.11,Consulting charge
T001925,2026-05-04,U0075,,6100-Freight & Shipping,327.99,Freight & Shipping charge
T001926,2026-07-28,U0235,,6030-Professional Fees,370.67,Professional Fees charge
T001927,2025-10-09,U0287,,6070-Utilities,2859.81,Utilities charge
T001928,2025-10-14,U0323,U0159,6030-Professional Fees,913.25,Professional Fees charge
T001929,2026-01-22,U0226,,6080-Consulting,356.01,Consulting charge
T001930,2026-02-03,U0192,,6090-Equipment,1060.66,Equipment charge
T001931,2026-05-20,U0272,,6080-Consulting,341.31,Consulting charge
T001932,2026-08-22,U0340,,6090-Equipment,1790.83,Equipment charge
T001933,2026-06-21,U0387,U0282,6030-Professional Fees,739.97,Professional Fees charge
T001934,2026-05-31,U0193,U0368,6090-Equipment,437.89,Equipment charge
T001935,2026-01-17,U0153,U0183,6050-Facilities,806.33,Facilities charge
T001936,2026-06-17,U0137,,6040-IT Software,87.53,IT Software charge
T001937,2026-05-24,U0189,,6070-Utilities,142.67,Utilities charge
T001938,2026-08-04,U0391,,6040-IT Software,132.51,IT Software charge
T001939,2026-08-19,U0082,,6050-Facilities,576.65,Facilities charge
T001940,2026-06-11,U0313,,6060-Marketing,3313.52,Marketing charge
T001941,2025-11-28,U0300,U0374,6020-Travel & Entertainment,5735.5,Travel & Entertainment charge
T001942,2025-12-15,U0142,,6100-Freight & Shipping,994.12,Freight & Shipping charge
T001943,2026-07-29,U0107,,6080-Consulting,854.85,Consulting charge
T001944,2026-06-18,U0154,U0352,6080-Consulting,67.95,Consulting charge
T001945,2026-01-08,U0045,,6020-Travel & Entertainment,271.25,Travel & Entertainment charge
T001946,2025-09-02,U0226,,6020-Travel & Entertainment,207.15,Travel & Entertainment charge
T001947,2026-04-21,U0286,U0327,6090-Equipment,248.9,Equipment charge
T001948,2025-12-11,U0243,,6050-Facilities,409.54,Facilities charge
T001949,2026-07-02,U0282,,6020-Travel & Entertainment,293.15,Travel & Entertainment charge
T001950,2025-11-11,U0071,,6030-Professional Fees,55.86,Professional Fees charge
T001951,2025-09-22,U0036,,6020-Travel & Entertainment,1121.81,Travel & Entertainment charge
T001952,2025-11-05,U0153,,6020-Travel & Entertainment,151.41,Travel & Entertainment charge
T001953,2025-09-21,U0119,U0364,6100-Freight & Shipping,641.09,Freight & Shipping charge
T001954,2026-01-24,U0158,U0351,6070-Utilities,4824.64,Utilities charge
T001955,2026-01-15,U0328,U0017,6090-Equipment,179.23,Equipment charge
T001956,2026-06-27,U0319,U0220,6060-Marketing,30.47,Marketing charge
T001957,2026-07-12,U0100,,6100-Freight & Shipping,4950.0,Freight & Shipping charge
T001958,2026-05-07,U0154,,6020-Travel & Entertainment,359.74,Travel & Entertainment charge
T001959,2026-01-02,U0128,,6080-Consulting,1654.17,Consulting charge
T001960,2026-06-24,U0359,U0258,6020-Travel & Entertainment,9900.0,Travel & Entertainment charge
T001961,2025-12-28,U0124,,6020-Travel & Entertainment,4247.91,Travel & Entertainment charge
T001962,2026-04-15,U0257,,6030-Professional Fees,127.42,Professional Fees charge
T001963,2026-03-14,U0355,U0394,6010-Office Supplies,850.96,Office Supplies charge
T001964,2026-04-12,U0284,U0294,6090-Equipment,295.35,Equipment charge
T001965,2026-03-18,U0356,,6080-Consulting,438.54,Consulting charge
T001966,2026-07-05,U0048,U0127,6070-Utilities,9034.25,Utilities charge
T001967,2026-02-28,U0177,,6070-Utilities,94.32,Utilities charge
T001968,2026-03-14,U0133,,6100-Freight & Shipping,651.39,Freight & Shipping charge
T001969,2026-06-16,U0400,U0017,6040-IT Software,824.24,IT Software charge
T001970,2026-06-20,U0223,U0253,6060-Marketing,1626.79,Marketing charge
T001971,2026-04-06,U0258,,6020-Travel & Entertainment,548.83,Travel & Entertainment charge
T001972,2026-03-07,U0153,U0338,6050-Facilities,691.49,Facilities charge
T001973,2026-05-23,U0377,U0026,6100-Freight & Shipping,320.28,Freight & Shipping charge
T001974,2026-03-06,U0219,U0094,6010-Office Supplies,662.51,Office Supplies charge
T001975,2026-07-13,U0056,U0147,6090-Equipment,337.81,Equipment charge
T001976,2025-11-16,U0261,,6050-Facilities,976.26,Facilities charge
T001977,2025-12-27,U0109,,6070-Utilities,328.14,Utilities charge
T001978,2025-10-18,U0133,,6100-Freight & Shipping,746.06,Freight & Shipping charge
T001979,2026-01-26,U0104,,6090-Equipment,477.14,Equipment charge
T001980,2025-12-30,U0098,U0048,6010-Office Supplies,1700.46,Office Supplies charge
T001981,2025-10-22,U0043,U0074,6050-Facilities,465.67,Facilities charge
T001982,2026-06-11,U0267,U0109,6060-Marketing,70.08,Marketing charge
T001983,2025-09-05,U0140,,6060-Marketing,1974.59,Marketing charge
T001984,2025-09-11,U0296,U0080,6090-Equipment,181.94,Equipment charge
T001985,2025-09-25,U0098,U0353,6080-Consulting,240.05,Consulting charge
T001986,2026-06-21,U0211,,6050-Facilities,255.9,Facilities charge
T001987,2026-01-06,U0066,,6030-Professional Fees,2234.74,Professional Fees charge
T001988,2026-03-22,U0162,U0234,6030-Professional Fees,5000.0,Professional Fees charge
T001989,2026-04-27,U0302,,6090-Equipment,47.03,Equipment charge
T001990,2026-01-07,U0234,U0289,6090-Equipment,15545.45,Equipment charge
T001991,2025-09-19,U0074,,6040-IT Software,1574.45,IT Software charge
T001992,2025-10-30,U0169,,6100-Freight & Shipping,629.9,Freight & Shipping charge
T001993,2026-03-11,U0170,U0014,6010-Office Supplies,463.88,Office Supplies charge
T001994,2026-04-11,U0125,,6030-Professional Fees,674.59,Professional Fees charge
T001995,2026-07-30,U0082,U0132,6050-Facilities,874.13,Facilities charge
T001996,2026-01-08,U0253,,6080-Consulting,1001.98,Consulting charge
T001997,2025-12-14,U0214,,6080-Consulting,907.93,Consulting charge
T001998,2025-11-14,U0140,U0270,6020-Travel & Entertainment,543.78,Travel & Entertainment charge
T001999,2026-08-01,U0221,U0297,6070-Utilities,396.6,Utilities charge
T002000,2026-05-03,U0318,,6010-Office Supplies,417.21,Office Supplies charge
T002001,2025-10-05,U0277,,6060-Marketing,397.66,Marketing charge
T002002,2025-11-24,U0293,U0324,6010-Office Supplies,1714.96,Office Supplies charge
T002003,2025-10-01,U0154,,6010-Office Supplies,946.63,Office Supplies charge
T002004,2025-09-13,U0214,,6080-Consulting,19.41,Consulting charge
T002005,2026-02-25,U0266,,6100-Freight & Shipping,1013.83,Freight & Shipping charge
T002006,2026-06-27,U0298,,6020-Travel & Entertainment,610.46,Travel & Entertainment charge
T002007,2026-05-22,U0250,,6010-Office Supplies,482.71,Office Supplies charge
T002008,2026-05-18,U0325,U0217,6020-Travel & Entertainment,321.38,Travel & Entertainment charge
T002009,2026-08-05,U0187,,6080-Consulting,1696.84,Consulting charge
T002010,2025-11-12,U0085,,6040-IT Software,1397.27,IT Software charge
T002011,2025-12-22,U0226,U0078,6010-Office Supplies,210.57,Office Supplies charge
T002012,2026-04-03,U0114,,6100-Freight & Shipping,771.05,Freight & Shipping charge
T002013,2026-04-07,U0089,,6090-Equipment,169.22,Equipment charge
T002014,2025-09-01,U0122,U0280,6020-Travel & Entertainment,108.03,Travel & Entertainment charge
T002015,2025-12-22,U0042,U0394,6080-Consulting,247.3,Consulting charge
T002016,2025-10-29,U0285,,6020-Travel & Entertainment,1272.37,Travel & Entertainment charge
T002017,2026-07-13,U0193,,6060-Marketing,1405.91,Marketing charge
T002018,2026-06-23,U0148,,6090-Equipment,866.44,Equipment charge
T002019,2026-07-21,U0187,,6060-Marketing,1094.01,Marketing charge
T002020,2026-05-25,U0340,,6050-Facilities,869.39,Facilities charge
T002021,2025-12-25,U0140,U0295,6010-Office Supplies,243.32,Office Supplies charge
T002022,2026-05-14,U0170,,6070-Utilities,792.44,Utilities charge
T002023,2025-10-25,U0147,,6030-Professional Fees,1188.5,Professional Fees charge
T002024,2026-01-06,U0127,,6080-Consulting,1129.71,Consulting charge
T002025,2026-05-17,U0313,,6060-Marketing,1822.21,Marketing charge
T002026,2026-02-17,U0326,U0278,6050-Facilities,1073.99,Facilities charge
T002027,2025-10-04,U0388,U0234,6060-Marketing,725.31,Marketing charge
T002028,2025-11-18,U0250,U0212,6070-Utilities,1599.05,Utilities charge
T002029,2026-02-05,U0070,,6040-IT Software,478.58,IT Software charge
T002030,2026-06-29,U0227,,6040-IT Software,186.78,IT Software charge
T002031,2026-01-03,U0163,,6100-Freight & Shipping,411.84,Freight & Shipping charge
T002032,2026-02-15,U0347,U0051,6100-Freight & Shipping,217.15,Freight & Shipping charge
T002033,2025-09-05,U0051,,6030-Professional Fees,234.46,Professional Fees charge
T002034,2026-08-24,U0056,U0105,6030-Professional Fees,420.33,Professional Fees charge
T002035,2025-11-08,U0024,,6050-Facilities,206.1,Facilities charge
T002036,2026-08-25,U0400,U0097,6060-Marketing,351.16,Marketing charge
T002037,2026-02-17,U0175,,6020-Travel & Entertainment,61.38,Travel & Entertainment charge
T002038,2026-07-12,U0028,U0101,6010-Office Supplies,623.05,Office Supplies charge
T002039,2026-05-10,U0225,U0305,6020-Travel & Entertainment,493.4,Travel & Entertainment charge
T002040,2026-07-11,U0045,,6050-Facilities,200.58,Facilities charge
T002041,2025-11-20,U0149,,6090-Equipment,1017.57,Equipment charge
T002042,2025-09-17,U0162,,6070-Utilities,1382.06,Utilities charge
T002043,2026-04-20,U0274,,6060-Marketing,84.07,Marketing charge
T002044,2026-08-28,U0383,,6070-Utilities,212.94,Utilities charge
T002045,2026-08-08,U0175,,6060-Marketing,211.44,Marketing charge
T002046,2025-09-19,U0091,,6020-Travel & Entertainment,175.23,Travel & Entertainment charge
T002047,2025-10-26,U0087,,6080-Consulting,1227.12,Consulting charge
T002048,2026-02-18,U0161,,6060-Marketing,398.14,Marketing charge
T002049,2026-03-29,U0251,,6020-Travel & Entertainment,368.35,Travel & Entertainment charge
T002050,2026-06-10,U0392,,6100-Freight & Shipping,54.37,Freight & Shipping charge
T002051,2026-08-02,U0274,,6010-Office Supplies,991.24,Office Supplies charge
T002052,2025-10-04,U0194,,6010-Office Supplies,126.07,Office Supplies charge
T002053,2026-03-19,U0145,,6030-Professional Fees,526.33,Professional Fees charge
T002054,2026-08-30,U0229,,6060-Marketing,668.55,Marketing charge
T002055,2026-08-04,U0245,,6060-Marketing,2201.13,Marketing charge
T002056,2025-09-04,U0108,,6030-Professional Fees,116.78,Professional Fees charge
T002057,2026-02-19,U0281,U0297,6030-Professional Fees,17.79,Professional Fees charge
T002058,2026-05-12,U0350,,6050-Facilities,603.19,Facilities charge
T002059,2025-09-20,U0241,,6010-Office Supplies,3570.86,Office Supplies charge
T002060,2025-11-15,U0162,U0387,6060-Marketing,9800.0,Marketing charge
T002061,2026-01-19,U0292,,6090-Equipment,1925.31,Equipment charge
T002062,2026-07-11,U0341,,6100-Freight & Shipping,620.56,Freight & Shipping charge
T002063,2026-04-21,U0028,,6100-Freight & Shipping,286.92,Freight & Shipping charge
T002064,2025-09-23,U0263,,6050-Facilities,1197.31,Facilities charge
T002065,2025-10-03,U0365,,6080-Consulting,168.86,Consulting charge
T002066,2026-07-09,U0268,,6100-Freight & Shipping,832.13,Freight & Shipping charge
T002067,2025-12-24,U0341,,6080-Consulting,859.21,Consulting charge
T002068,2025-12-27,U0027,U0307,6100-Freight & Shipping,1581.66,Freight & Shipping charge
T002069,2025-09-21,U0132,U0231,6040-IT Software,10256.08,IT Software charge
T002070,2026-04-09,U0003,,6010-Office Supplies,758.74,Office Supplies charge
T002071,2026-06-02,U0157,U0375,6090-Equipment,281.5,Equipment charge
T002072,2026-07-05,U0173,,6010-Office Supplies,479.08,Office Supplies charge
T002073,2026-08-05,U0308,U0135,6090-Equipment,70.39,Equipment charge
T002074,2026-06-15,U0223,,6060-Marketing,229.48,Marketing charge
T002075,2026-08-17,U0013,,6070-Utilities,314.12,Utilities charge
T002076,2025-09-11,U0277,,6020-Travel & Entertainment,276.86,Travel & Entertainment charge
T002077,2025-11-26,U0148,,6050-Facilities,582.65,Facilities charge
T002078,2025-12-14,U0247,,6030-Professional Fees,199.41,Professional Fees charge
T002079,2026-02-06,U0164,,6090-Equipment,1691.1,Equipment charge
T002080,2025-11-19,U0048,U0138,6020-Travel & Entertainment,492.86,Travel & Entertainment charge
T002081,2026-01-17,U0042,,6030-Professional Fees,487.73,Professional Fees charge
T002082,2026-05-15,U0072,U0392,6090-Equipment,343.54,Equipment charge
T002083,2026-01-21,U0355,U0104,6020-Travel & Entertainment,584.47,Travel & Entertainment charge
T002084,2025-12-06,U0222,,6090-Equipment,1221.22,Equipment charge
T002085,2025-10-15,U0361,,6020-Travel & Entertainment,189.84,Travel & Entertainment charge
T002086,2026-08-20,U0301,,6090-Equipment,238.91,Equipment charge
T002087,2026-02-27,U0368,,6010-Office Supplies,352.8,Office Supplies charge
T002088,2025-10-24,U0250,,6090-Equipment,112.12,Equipment charge
T002089,2025-12-07,U0098,,6100-Freight & Shipping,200.1,Freight & Shipping charge
T002090,2025-12-26,U0043,,6080-Consulting,291.83,Consulting charge
T002091,2026-07-26,U0181,U0262,6060-Marketing,1289.27,Marketing charge
T002092,2025-09-02,U0111,,6100-Freight & Shipping,657.75,Freight & Shipping charge
T002093,2026-07-30,U0214,,6060-Marketing,609.69,Marketing charge
T002094,2026-04-26,U0178,U0301,6020-Travel & Entertainment,1256.38,Travel & Entertainment charge
T002095,2025-10-30,U0323,,6100-Freight & Shipping,423.64,Freight & Shipping charge
T002096,2026-02-22,U0318,U0374,6020-Travel & Entertainment,757.11,Travel & Entertainment charge
T002097,2026-01-04,U0179,,6050-Facilities,439.86,Facilities charge
T002098,2025-10-25,U0027,,6010-Office Supplies,659.77,Office Supplies charge
T002099,2026-08-23,U0081,,6050-Facilities,259.55,Facilities charge
T002100,2026-02-22,U0160,,6070-Utilities,33.69,Utilities charge
T002101,2025-10-09,U0208,U0017,6080-Consulting,425.09,Consulting charge
T002102,2026-01-24,U0020,U0082,6060-Marketing,2356.71,Marketing charge
T002103,2026-07-06,U0302,,6100-Freight & Shipping,1364.9,Freight & Shipping charge
T002104,2026-01-14,U0058,U0333,6060-Marketing,1425.01,Marketing charge
T002105,2026-06-26,U0123,U0318,6020-Travel & Entertainment,1919.35,Travel & Entertainment charge
T002106,2025-10-11,U0313,,6090-Equipment,543.22,Equipment charge
T002107,2026-01-31,U0315,U0233,6090-Equipment,612.19,Equipment charge
T002108,2026-02-07,U0028,,6070-Utilities,249.78,Utilities charge
T002109,2025-11-10,U0035,,6020-Travel & Entertainment,348.04,Travel & Entertainment charge
T002110,2025-10-25,U0004,,6080-Consulting,970.05,Consulting charge
T002111,2026-06-05,U0234,,6020-Travel & Entertainment,1852.47,Travel & Entertainment charge
T002112,2026-01-05,U0323,U0328,6020-Travel & Entertainment,422.68,Travel & Entertainment charge
T002113,2026-07-20,U0063,,6010-Office Supplies,300.3,Office Supplies charge
T002114,2025-11-26,U0074,,6090-Equipment,493.04,Equipment charge
T002115,2026-05-26,U0397,,6050-Facilities,954.63,Facilities charge
T002116,2026-05-11,U0111,,6090-Equipment,100.66,Equipment charge
T002117,2026-08-08,U0354,,6070-Utilities,39.42,Utilities charge
T002118,2025-11-09,U0194,,6070-Utilities,268.92,Utilities charge
T002119,2026-01-26,U0333,,6050-Facilities,128.67,Facilities charge
T002120,2026-08-28,U0073,,6070-Utilities,281.76,Utilities charge
T002121,2025-10-29,U0001,,6070-Utilities,418.82,Utilities charge
T002122,2026-06-23,U0075,,6030-Professional Fees,299.29,Professional Fees charge
T002123,2026-01-06,U0392,U0143,6030-Professional Fees,2435.03,Professional Fees charge
T002124,2025-10-07,U0031,U0068,6070-Utilities,705.86,Utilities charge
T002125,2025-09-02,U0331,,6040-IT Software,685.76,IT Software charge
T002126,2026-03-31,U0013,,6020-Travel & Entertainment,976.94,Travel & Entertainment charge
T002127,2026-07-29,U0087,,6020-Travel & Entertainment,140.79,Travel & Entertainment charge
T002128,2026-03-13,U0237,,6090-Equipment,1545.38,Equipment charge
T002129,2026-07-23,U0118,,6030-Professional Fees,453.35,Professional Fees charge
T002130,2026-08-06,U0389,,6040-IT Software,1030.22,IT Software charge
T002131,2025-10-01,U0162,,6050-Facilities,4995.0,Facilities charge
T002132,2026-03-31,U0119,U0161,6020-Travel & Entertainment,151.56,Travel & Entertainment charge
T002133,2026-04-07,U0104,,6010-Office Supplies,89.2,Office Supplies charge
T002134,2026-06-28,U0042,,6080-Consulting,1211.58,Consulting charge
T002135,2025-12-12,U0260,,6050-Facilities,745.5,Facilities charge
T002136,2025-11-22,U0154,,6080-Consulting,182.68,Consulting charge
T002137,2025-12-30,U0014,,6080-Consulting,189.31,Consulting charge
T002138,2026-05-19,U0318,,6030-Professional Fees,1699.31,Professional Fees charge
T002139,2026-01-09,U0301,,6020-Travel & Entertainment,133.17,Travel & Entertainment charge
T002140,2026-03-26,U0175,,6010-Office Supplies,3001.72,Office Supplies charge
T002141,2026-01-02,U0064,U0392,6050-Facilities,182.97,Facilities charge
T002142,2026-07-12,U0320,,6100-Freight & Shipping,994.49,Freight & Shipping charge
T002143,2026-07-19,U0107,U0016,6080-Consulting,343.27,Consulting charge
T002144,2026-08-20,U0185,,6090-Equipment,956.72,Equipment charge
T002145,2025-12-09,U0278,,6030-Professional Fees,270.83,Professional Fees charge
T002146,2026-01-07,U0246,,6050-Facilities,411.96,Facilities charge
T002147,2026-07-06,U0391,U0273,6100-Freight & Shipping,515.43,Freight & Shipping charge
T002148,2025-12-10,U0363,,6040-IT Software,163.63,IT Software charge
T002149,2026-04-30,U0204,,6040-IT Software,1113.1,IT Software charge
T002150,2026-06-15,U0249,U0081,6010-Office Supplies,280.19,Office Supplies charge
T002151,2026-03-30,U0133,,6010-Office Supplies,383.19,Office Supplies charge
T002152,2025-10-23,U0046,U0125,6090-Equipment,165.04,Equipment charge
T002153,2026-03-09,U0126,U0340,6020-Travel & Entertainment,29.41,Travel & Entertainment charge
T002154,2025-11-01,U0236,,6050-Facilities,399.36,Facilities charge
T002155,2025-10-18,U0122,U0056,6060-Marketing,7001.48,Marketing charge
T002156,2026-07-04,U0144,,6090-Equipment,1168.02,Equipment charge
T002157,2025-09-23,U0138,,6080-Consulting,482.42,Consulting charge
T002158,2026-08-23,U0385,,6010-Office Supplies,369.01,Office Supplies charge
T002159,2026-03-30,U0125,,6060-Marketing,505.08,Marketing charge
T002160,2026-04-25,U0359,U0059,6050-Facilities,4999.0,Facilities charge
T002161,2026-06-20,U0365,U0093,6010-Office Supplies,899.49,Office Supplies charge
T002162,2025-09-24,U0134,U0077,6030-Professional Fees,134.44,Professional Fees charge
T002163,2026-04-24,U0168,U0078,6010-Office Supplies,1678.66,Office Supplies charge
T002164,2025-10-31,U0024,,6040-IT Software,1082.38,IT Software charge
T002165,2026-08-18,U0170,U0094,6070-Utilities,1085.73,Utilities charge
T002166,2026-03-13,U0274,U0103,6010-Office Supplies,798.17,Office Supplies charge
T002167,2026-04-04,U0399,U0046,6020-Travel & Entertainment,503.5,Travel & Entertainment charge
T002168,2026-04-01,U0090,,6020-Travel & Entertainment,1032.92,Travel & Entertainment charge
T002169,2026-01-15,U0098,,6090-Equipment,944.82,Equipment charge
T002170,2026-06-30,U0306,,6100-Freight & Shipping,333.8,Freight & Shipping charge
T002171,2026-07-02,U0093,U0260,6090-Equipment,262.18,Equipment charge
T002172,2025-11-28,U0246,,6100-Freight & Shipping,551.17,Freight & Shipping charge
T002173,2026-01-12,U0178,,6100-Freight & Shipping,2707.88,Freight & Shipping charge
T002174,2025-12-10,U0016,,6070-Utilities,126.09,Utilities charge
T002175,2025-10-17,U0269,,6100-Freight & Shipping,98.07,Freight & Shipping charge
T002176,2025-12-27,U0036,U0278,6090-Equipment,590.66,Equipment charge
T002177,2026-07-30,U0227,,6100-Freight & Shipping,521.12,Freight & Shipping charge
T002178,2026-05-24,U0036,U0075,6030-Professional Fees,596.26,Professional Fees charge
T002179,2025-09-26,U0138,,6090-Equipment,644.42,Equipment charge
T002180,2026-01-02,U0046,,6090-Equipment,385.48,Equipment charge
T002181,2025-10-18,U0310,,6050-Facilities,2537.28,Facilities charge
T002182,2025-09-23,U0105,,6070-Utilities,84.69,Utilities charge
T002183,2025-12-22,U0082,,6020-Travel & Entertainment,198.08,Travel & Entertainment charge
T002184,2026-04-05,U0045,,6090-Equipment,439.84,Equipment charge
T002185,2025-11-24,U0266,,6050-Facilities,80.84,Facilities charge
T002186,2025-09-06,U0024,,6010-Office Supplies,406.08,Office Supplies charge
T002187,2025-10-13,U0023,,6060-Marketing,3064.43,Marketing charge
T002188,2026-06-27,U0372,U0060,6020-Travel & Entertainment,504.2,Travel & Entertainment charge
T002189,2026-06-03,U0253,,6060-Marketing,635.09,Marketing charge
T002190,2025-09-14,U0350,,6030-Professional Fees,123.2,Professional Fees charge
T002191,2025-10-29,U0393,,6090-Equipment,250.14,Equipment charge
T002192,2025-11-21,U0149,U0392,6020-Travel & Entertainment,326.13,Travel & Entertainment charge
T002193,2026-06-04,U0332,,6080-Consulting,347.41,Consulting charge
T002194,2025-11-17,U0048,U0363,6030-Professional Fees,2017.89,Professional Fees charge
T002195,2026-02-08,U0029,,6070-Utilities,910.01,Utilities charge
T002196,2025-09-14,U0270,U0149,6010-Office Supplies,145.1,Office Supplies charge
T002197,2026-03-13,U0140,U0299,6060-Marketing,646.23,Marketing charge
T002198,2026-05-30,U0157,,6030-Professional Fees,852.39,Professional Fees charge
T002199,2026-03-31,U0135,,6030-Professional Fees,1727.04,Professional Fees charge
T002200,2026-03-09,U0181,,6010-Office Supplies,2803.42,Office Supplies charge
T002201,2026-03-12,U0332,U0272,6010-Office Supplies,161.32,Office Supplies charge
T002202,2026-03-28,U0036,,6040-IT Software,201.96,IT Software charge
T002203,2026-06-13,U0355,,6080-Consulting,123.55,Consulting charge
T002204,2026-07-17,U0014,U0154,6090-Equipment,380.92,Equipment charge
T002205,2025-11-02,U0032,,6070-Utilities,823.03,Utilities charge
T002206,2026-05-29,U0320,,6010-Office Supplies,1459.82,Office Supplies charge
T002207,2025-11-30,U0376,,6090-Equipment,453.25,Equipment charge
T002208,2026-05-23,U0143,,6040-IT Software,346.6,IT Software charge
T002209,2026-07-29,U0305,U0394,6020-Travel & Entertainment,582.27,Travel & Entertainment charge
T002210,2025-11-12,U0042,U0101,6070-Utilities,196.63,Utilities charge
T002211,2026-06-20,U0301,U0139,6050-Facilities,4907.37,Facilities charge
T002212,2025-11-06,U0242,,6060-Marketing,84.06,Marketing charge
T002213,2025-12-19,U0249,,6020-Travel & Entertainment,603.78,Travel & Entertainment charge
T002214,2026-04-25,U0051,U0369,6010-Office Supplies,4564.06,Office Supplies charge
T002215,2025-11-20,U0223,,6060-Marketing,496.45,Marketing charge
T002216,2025-09-22,U0165,U0395,6030-Professional Fees,399.8,Professional Fees charge
T002217,2026-02-22,U0211,U0017,6090-Equipment,332.56,Equipment charge
T002218,2025-10-14,U0391,,6080-Consulting,404.06,Consulting charge
T002219,2026-01-27,U0160,,6090-Equipment,2230.84,Equipment charge
T002220,2025-09-12,U0292,,6040-IT Software,43.25,IT Software charge
T002221,2026-08-24,U0320,,6090-Equipment,2661.85,Equipment charge
T002222,2026-02-17,U0158,,6030-Professional Fees,102.89,Professional Fees charge
T002223,2026-08-11,U0040,,6060-Marketing,367.48,Marketing charge
T002224,2026-01-28,U0038,U0204,6040-IT Software,307.3,IT Software charge
T002225,2026-05-28,U0114,,6050-Facilities,941.44,Facilities charge
T002226,2026-03-22,U0072,,6040-IT Software,84.95,IT Software charge
T002227,2025-10-19,U0055,,6100-Freight & Shipping,819.25,Freight & Shipping charge
T002228,2026-06-06,U0073,U0344,6010-Office Supplies,4567.59,Office Supplies charge
T002229,2026-07-21,U0055,U0377,6040-IT Software,110.0,IT Software charge
T002230,2025-12-25,U0182,,6010-Office Supplies,607.09,Office Supplies charge
T002231,2025-10-13,U0048,,6100-Freight & Shipping,237.89,Freight & Shipping charge
T002232,2026-03-19,U0185,,6020-Travel & Entertainment,787.19,Travel & Entertainment charge
T002233,2026-06-10,U0235,U0108,6090-Equipment,503.24,Equipment charge
T002234,2025-09-14,U0121,,6010-Office Supplies,243.32,Office Supplies charge
T002235,2025-10-28,U0239,,6090-Equipment,842.74,Equipment charge
T002236,2026-01-04,U0011,,6070-Utilities,3585.97,Utilities charge
T002237,2026-01-14,U0287,,6050-Facilities,399.42,Facilities charge
T002238,2025-09-02,U0239,,6100-Freight & Shipping,1087.61,Freight & Shipping charge
T002239,2026-02-25,U0353,U0350,6030-Professional Fees,118.8,Professional Fees charge
T002240,2025-11-03,U0045,,6090-Equipment,172.07,Equipment charge
T002241,2026-06-04,U0065,,6050-Facilities,828.52,Facilities charge
T002242,2026-02-23,U0276,,6010-Office Supplies,2521.29,Office Supplies charge
T002243,2025-12-09,U0235,U0125,6030-Professional Fees,728.64,Professional Fees charge
T002244,2026-07-06,U0351,U0157,6090-Equipment,349.2,Equipment charge
T002245,2026-02-20,U0189,U0026,6070-Utilities,492.37,Utilities charge
T002246,2025-11-06,U0167,,6090-Equipment,124.53,Equipment charge
T002247,2026-03-07,U0029,,6010-Office Supplies,958.11,Office Supplies charge
T002248,2026-03-22,U0285,,6070-Utilities,1300.58,Utilities charge
T002249,2026-05-24,U0031,U0015,6020-Travel & Entertainment,299.68,Travel & Entertainment charge
T002250,2025-12-08,U0029,U0225,6010-Office Supplies,293.82,Office Supplies charge
T002251,2026-07-09,U0229,,6020-Travel & Entertainment,660.15,Travel & Entertainment charge
T002252,2025-11-18,U0221,,6080-Consulting,304.79,Consulting charge
T002253,2025-10-22,U0123,U0193,6030-Professional Fees,458.18,Professional Fees charge
T002254,2025-09-27,U0204,U0329,6070-Utilities,4962.64,Utilities charge
T002255,2026-05-07,U0065,,6080-Consulting,375.5,Consulting charge
T002256,2026-07-16,U0085,,6040-IT Software,332.23,IT Software charge
T002257,2025-09-21,U0165,,6020-Travel & Entertainment,241.7,Travel & Entertainment charge
T002258,2026-05-29,U0004,,6080-Consulting,1117.23,Consulting charge
T002259,2026-05-03,U0136,,6090-Equipment,403.69,Equipment charge
T002260,2025-09-24,U0235,,6040-IT Software,241.22,IT Software charge
T002261,2025-09-28,U0073,,6020-Travel & Entertainment,2107.87,Travel & Entertainment charge
T002262,2026-07-08,U0015,,6010-Office Supplies,2348.57,Office Supplies charge
T002263,2026-08-29,U0335,U0107,6020-Travel & Entertainment,254.56,Travel & Entertainment charge
T002264,2026-04-20,U0014,U0348,6050-Facilities,63.23,Facilities charge
T002265,2026-07-17,U0329,,6070-Utilities,1492.59,Utilities charge
T002266,2026-08-03,U0216,,6050-Facilities,232.04,Facilities charge
T002267,2026-08-13,U0348,,6080-Consulting,1175.78,Consulting charge
T002268,2026-06-02,U0086,,6060-Marketing,56.42,Marketing charge
T002269,2026-01-06,U0327,U0016,6030-Professional Fees,1315.35,Professional Fees charge
T002270,2026-02-06,U0289,,6100-Freight & Shipping,130.02,Freight & Shipping charge
T002271,2025-11-29,U0114,,6040-IT Software,1100.85,IT Software charge
T002272,2026-01-29,U0129,,6030-Professional Fees,500.55,Professional Fees charge
T002273,2026-06-14,U0324,,6010-Office Supplies,172.55,Office Supplies charge
T002274,2026-05-01,U0321,U0241,6030-Professional Fees,314.9,Professional Fees charge
T002275,2026-07-26,U0023,U0324,6080-Consulting,1048.33,Consulting charge
T002276,2026-05-25,U0131,,6100-Freight & Shipping,553.62,Freight & Shipping charge
T002277,2026-03-05,U0349,,6040-IT Software,937.16,IT Software charge
T002278,2026-06-15,U0385,,6010-Office Supplies,4333.3,Office Supplies charge
T002279,2026-02-24,U0003,U0085,6070-Utilities,88.18,Utilities charge
T002280,2026-07-10,U0325,,6070-Utilities,2918.82,Utilities charge
T002281,2026-03-27,U0087,,6100-Freight & Shipping,552.69,Freight & Shipping charge
T002282,2026-04-11,U0087,,6050-Facilities,183.34,Facilities charge
T002283,2026-03-13,U0329,U0125,6060-Marketing,114.05,Marketing charge
T002284,2026-06-15,U0013,U0087,6080-Consulting,400.2,Consulting charge
T002285,2026-05-29,U0112,,6060-Marketing,1358.06,Marketing charge
T002286,2026-01-07,U0071,,6040-IT Software,428.25,IT Software charge
T002287,2026-01-02,U0088,,6100-Freight & Shipping,2597.41,Freight & Shipping charge
T002288,2026-01-18,U0294,,6010-Office Supplies,99.85,Office Supplies charge
T002289,2026-03-20,U0359,,6040-IT Software,2000.0,IT Software charge
T002290,2025-10-30,U0037,U0392,6070-Utilities,486.24,Utilities charge
T002291,2026-07-11,U0113,,6060-Marketing,124.26,Marketing charge
T002292,2025-09-25,U0020,U0381,6020-Travel & Entertainment,735.09,Travel & Entertainment charge
T002293,2025-10-12,U0159,U0182,6050-Facilities,1307.11,Facilities charge
T002294,2026-04-21,U0036,,6070-Utilities,310.18,Utilities charge
T002295,2025-12-10,U0301,,6100-Freight & Shipping,28.09,Freight & Shipping charge
T002296,2025-11-13,U0365,U0160,6010-Office Supplies,613.29,Office Supplies charge
T002297,2025-09-09,U0154,,6080-Consulting,796.65,Consulting charge
T002298,2025-11-23,U0225,,6010-Office Supplies,768.72,Office Supplies charge
T002299,2026-03-26,U0082,,6070-Utilities,1918.62,Utilities charge
T002300,2025-09-10,U0194,,6090-Equipment,151.69,Equipment charge
T002301,2026-07-18,U0284,,6080-Consulting,1041.31,Consulting charge
T002302,2026-06-17,U0095,,6100-Freight & Shipping,1829.43,Freight & Shipping charge
T002303,2026-03-23,U0017,U0115,6090-Equipment,69.65,Equipment charge
T002304,2025-12-13,U0116,,6080-Consulting,700.38,Consulting charge
T002305,2026-03-03,U0177,,6030-Professional Fees,282.99,Professional Fees charge
T002306,2025-10-26,U0232,U0010,6080-Consulting,450.49,Consulting charge
T002307,2025-11-24,U0119,U0219,6020-Travel & Entertainment,722.3,Travel & Entertainment charge
T002308,2025-12-22,U0067,,6070-Utilities,288.31,Utilities charge
T002309,2026-02-10,U0391,,6030-Professional Fees,234.33,Professional Fees charge
T002310,2026-03-12,U0194,,6020-Travel & Entertainment,511.61,Travel & Entertainment charge
T002311,2026-06-07,U0390,,6050-Facilities,149.01,Facilities charge
T002312,2026-06-24,U0099,,6060-Marketing,149.25,Marketing charge
T002313,2026-05-20,U0167,U0158,6010-Office Supplies,1040.35,Office Supplies charge
T002314,2025-09-28,U0162,,6040-IT Software,139.26,IT Software charge
T002315,2026-03-23,U0062,,6080-Consulting,1025.51,Consulting charge
T002316,2026-05-14,U0268,U0013,6090-Equipment,819.63,Equipment charge
T002317,2026-07-25,U0095,,6020-Travel & Entertainment,73.82,Travel & Entertainment charge
T002318,2026-06-02,U0340,U0299,6030-Professional Fees,233.85,Professional Fees charge
T002319,2025-11-27,U0242,,6100-Freight & Shipping,1832.65,Freight & Shipping charge
T002320,2026-08-18,U0284,,6100-Freight & Shipping,167.46,Freight & Shipping charge
T002321,2026-06-04,U0133,,6040-IT Software,295.64,IT Software charge
T002322,2026-06-06,U0104,,6060-Marketing,819.15,Marketing charge
T002323,2026-04-19,U0329,,6010-Office Supplies,1166.46,Office Supplies charge
T002324,2026-07-23,U0314,,6070-Utilities,373.65,Utilities charge
T002325,2026-04-21,U0070,,6080-Consulting,255.38,Consulting charge
T002326,2025-12-30,U0287,,6070-Utilities,2355.73,Utilities charge
T002327,2026-03-06,U0013,U0387,6010-Office Supplies,3336.87,Office Supplies charge
T002328,2025-12-02,U0100,,6040-IT Software,1446.27,IT Software charge
T002329,2025-10-15,U0094,,6070-Utilities,541.23,Utilities charge
T002330,2026-02-19,U0013,,6090-Equipment,202.53,Equipment charge
T002331,2026-01-14,U0400,,6070-Utilities,197.65,Utilities charge
T002332,2026-07-31,U0301,,6030-Professional Fees,875.47,Professional Fees charge
T002333,2026-06-18,U0185,,6070-Utilities,780.74,Utilities charge
T002334,2026-06-13,U0028,,6100-Freight & Shipping,2302.52,Freight & Shipping charge
T002335,2026-04-09,U0135,U0316,6100-Freight & Shipping,1007.77,Freight & Shipping charge
T002336,2025-11-21,U0014,U0188,6030-Professional Fees,94.31,Professional Fees charge
T002337,2026-07-07,U0025,,6040-IT Software,1567.35,IT Software charge
T002338,2026-08-21,U0347,U0076,6050-Facilities,164.37,Facilities charge
T002339,2026-07-08,U0169,,6060-Marketing,322.99,Marketing charge
T002340,2026-07-20,U0319,U0261,6020-Travel & Entertainment,648.86,Travel & Entertainment charge
T002341,2026-06-07,U0364,,6090-Equipment,4425.92,Equipment charge
T002342,2026-08-22,U0026,U0136,6080-Consulting,15076.77,Consulting charge
T002343,2026-03-25,U0314,U0386,6080-Consulting,960.44,Consulting charge
T002344,2025-09-14,U0109,,6100-Freight & Shipping,402.82,Freight & Shipping charge
T002345,2026-07-12,U0048,,6020-Travel & Entertainment,887.1,Travel & Entertainment charge
T002346,2026-05-12,U0267,,6100-Freight & Shipping,1308.22,Freight & Shipping charge
T002347,2026-07-17,U0088,,6100-Freight & Shipping,346.29,Freight & Shipping charge
T002348,2025-11-06,U0090,U0027,6060-Marketing,3550.11,Marketing charge
T002349,2026-05-31,U0376,U0377,6060-Marketing,634.65,Marketing charge
T002350,2026-08-16,U0109,,6040-IT Software,851.94,IT Software charge
T002351,2026-08-06,U0023,,6060-Marketing,1025.07,Marketing charge
T002352,2026-02-17,U0361,U0073,6080-Consulting,783.48,Consulting charge
T002353,2026-01-22,U0098,,6090-Equipment,1239.96,Equipment charge
T002354,2026-01-16,U0215,,6050-Facilities,249.89,Facilities charge
T002355,2026-07-01,U0266,,6070-Utilities,266.63,Utilities charge
T002356,2026-01-29,U0354,,6030-Professional Fees,146.91,Professional Fees charge
T002357,2026-08-16,U0078,,6090-Equipment,799.07,Equipment charge
T002358,2025-12-23,U0225,,6040-IT Software,1160.76,IT Software charge
T002359,2025-10-23,U0329,U0400,6060-Marketing,815.3,Marketing charge
T002360,2026-02-15,U0397,,6030-Professional Fees,3108.64,Professional Fees charge
T002361,2025-12-01,U0279,,6060-Marketing,489.73,Marketing charge
T002362,2026-03-26,U0100,,6100-Freight & Shipping,1028.25,Freight & Shipping charge
T002363,2026-05-30,U0193,,6100-Freight & Shipping,148.28,Freight & Shipping charge
T002364,2026-05-17,U0129,,6020-Travel & Entertainment,321.88,Travel & Entertainment charge
T002365,2025-09-14,U0210,,6080-Consulting,1059.01,Consulting charge
T002366,2026-02-14,U0322,,6010-Office Supplies,1253.9,Office Supplies charge
T002367,2026-01-26,U0397,U0365,6050-Facilities,356.61,Facilities charge
T002368,2025-11-01,U0363,U0067,6090-Equipment,455.43,Equipment charge
T002369,2026-07-04,U0278,U0188,6080-Consulting,92.79,Consulting charge
T002370,2025-12-30,U0335,U0208,6050-Facilities,332.71,Facilities charge
T002371,2026-03-21,U0122,U0065,6050-Facilities,1312.15,Facilities charge
T002372,2026-02-15,U0185,,6040-IT Software,927.72,IT Software charge
T002373,2026-07-15,U0210,,6040-IT Software,854.68,IT Software charge
T002374,2025-10-20,U0302,,6040-IT Software,520.48,IT Software charge
T002375,2025-09-24,U0179,U0088,6010-Office Supplies,496.59,Office Supplies charge
T002376,2025-10-26,U0376,,6050-Facilities,238.33,Facilities charge
T002377,2026-03-01,U0026,,6030-Professional Fees,1062.85,Professional Fees charge
T002378,2026-08-23,U0072,,6100-Freight & Shipping,782.95,Freight & Shipping charge
T002379,2026-05-23,U0039,,6080-Consulting,4995.0,Consulting charge
T002380,2026-03-25,U0200,,6030-Professional Fees,846.59,Professional Fees charge
T002381,2026-04-08,U0321,,6070-Utilities,276.27,Utilities charge
T002382,2026-05-18,U0336,,6070-Utilities,46.12,Utilities charge
T002383,2026-01-22,U0256,U0190,6050-Facilities,1647.26,Facilities charge
T002384,2026-02-20,U0295,,6050-Facilities,290.99,Facilities charge
T002385,2026-04-05,U0340,,6060-Marketing,190.75,Marketing charge
T002386,2026-01-26,U0355,,6030-Professional Fees,1056.62,Professional Fees charge
T002387,2025-10-31,U0355,,6020-Travel & Entertainment,320.15,Travel & Entertainment charge
T002388,2025-09-14,U0188,U0028,6030-Professional Fees,1581.19,Professional Fees charge
T002389,2025-11-19,U0029,U0381,6050-Facilities,971.37,Facilities charge
T002390,2025-10-08,U0133,,6040-IT Software,1045.16,IT Software charge
T002391,2026-02-14,U0069,U0193,6060-Marketing,109.67,Marketing charge
T002392,2025-09-18,U0278,,6090-Equipment,1868.96,Equipment charge
T002393,2025-12-03,U0320,U0300,6020-Travel & Entertainment,656.8,Travel & Entertainment charge
T002394,2026-07-13,U0302,,6070-Utilities,328.26,Utilities charge
T002395,2025-11-13,U0284,,6080-Consulting,576.93,Consulting charge
T002396,2026-04-05,U0128,,6080-Consulting,69.84,Consulting charge
T002397,2026-07-27,U0166,U0211,6070-Utilities,772.41,Utilities charge
T002398,2026-08-27,U0297,U0044,6030-Professional Fees,158.81,Professional Fees charge
T002399,2025-12-21,U0303,,6030-Professional Fees,111.28,Professional Fees charge
T002400,2025-11-08,U0064,U0352,6040-IT Software,92.33,IT Software charge
T002401,2026-07-28,U0085,,6010-Office Supplies,1675.65,Office Supplies charge
T002402,2026-03-13,U0039,,6010-Office Supplies,246.61,Office Supplies charge
T002403,2026-01-13,U0239,,6080-Consulting,2662.71,Consulting charge
T002404,2026-02-24,U0268,,6010-Office Supplies,273.31,Office Supplies charge
T002405,2026-05-24,U0233,U0106,6020-Travel & Entertainment,75.33,Travel & Entertainment charge
T002406,2026-05-04,U0201,,6080-Consulting,144.29,Consulting charge
T002407,2026-06-15,U0207,,6050-Facilities,1918.68,Facilities charge
T002408,2025-09-17,U0328,U0392,6060-Marketing,415.1,Marketing charge
T002409,2026-03-15,U0262,U0036,6090-Equipment,269.59,Equipment charge
T002410,2025-12-03,U0317,,6080-Consulting,587.58,Consulting charge
T002411,2025-10-03,U0103,U0127,6080-Consulting,855.74,Consulting charge
T002412,2026-08-02,U0325,,6100-Freight & Shipping,1684.36,Freight & Shipping charge
T002413,2026-02-14,U0021,,6030-Professional Fees,2424.42,Professional Fees charge
T002414,2026-07-12,U0326,,6040-IT Software,331.71,IT Software charge
T002415,2026-04-07,U0061,,6060-Marketing,114.59,Marketing charge
T002416,2026-02-03,U0374,U0098,6040-IT Software,312.68,IT Software charge
T002417,2026-08-01,U0183,U0333,6060-Marketing,656.1,Marketing charge
T002418,2025-12-14,U0311,,6060-Marketing,170.69,Marketing charge
T002419,2025-11-02,U0241,,6080-Consulting,171.94,Consulting charge
T002420,2025-12-22,U0285,U0016,6030-Professional Fees,719.22,Professional Fees charge
T002421,2026-02-18,U0328,,6050-Facilities,467.07,Facilities charge
T002422,2026-07-10,U0288,,6020-Travel & Entertainment,510.85,Travel & Entertainment charge
T002423,2026-04-13,U0336,U0044,6010-Office Supplies,213.93,Office Supplies charge
T002424,2025-09-29,U0095,,6060-Marketing,382.44,Marketing charge
T002425,2026-05-28,U0270,U0185,6080-Consulting,178.28,Consulting charge
T002426,2026-06-24,U0081,,6090-Equipment,1311.88,Equipment charge
T002427,2025-11-16,U0076,,6010-Office Supplies,1538.82,Office Supplies charge
T002428,2025-11-08,U0060,,6060-Marketing,64.66,Marketing charge
T002429,2026-06-08,U0036,,6040-IT Software,177.25,IT Software charge
T002430,2026-06-11,U0151,,6080-Consulting,94.99,Consulting charge
T002431,2026-05-24,U0269,,6090-Equipment,241.04,Equipment charge
T002432,2026-08-17,U0200,,6040-IT Software,449.54,IT Software charge
T002433,2026-08-08,U0214,U0309,6090-Equipment,100.02,Equipment charge
T002434,2025-10-02,U0226,U0171,6010-Office Supplies,178.74,Office Supplies charge
T002435,2026-03-18,U0135,,6020-Travel & Entertainment,163.31,Travel & Entertainment charge
T002436,2026-02-12,U0329,,6020-Travel & Entertainment,618.93,Travel & Entertainment charge
T002437,2025-12-17,U0096,,6100-Freight & Shipping,531.81,Freight & Shipping charge
T002438,2025-11-16,U0017,,6100-Freight & Shipping,222.76,Freight & Shipping charge
T002439,2026-02-26,U0338,U0158,6010-Office Supplies,598.55,Office Supplies charge
T002440,2026-05-20,U0383,,6040-IT Software,270.06,IT Software charge
T002441,2026-06-23,U0004,U0344,6070-Utilities,365.47,Utilities charge
T002442,2025-10-18,U0288,U0032,6100-Freight & Shipping,3105.09,Freight & Shipping charge
T002443,2025-11-17,U0369,U0266,6030-Professional Fees,2152.76,Professional Fees charge
T002444,2026-04-27,U0236,,6030-Professional Fees,117.97,Professional Fees charge
T002445,2025-10-16,U0393,,6020-Travel & Entertainment,1227.46,Travel & Entertainment charge
T002446,2025-12-02,U0076,,6010-Office Supplies,1202.95,Office Supplies charge
T002447,2025-11-09,U0258,,6060-Marketing,139.34,Marketing charge
T002448,2026-01-06,U0253,,6040-IT Software,1212.76,IT Software charge
T002449,2025-09-19,U0124,,6050-Facilities,2675.05,Facilities charge
T002450,2026-08-07,U0100,U0063,6090-Equipment,5000.0,Equipment charge
T002451,2026-01-23,U0088,U0322,6030-Professional Fees,143.34,Professional Fees charge
T002452,2026-03-22,U0398,,6090-Equipment,179.6,Equipment charge
T002453,2026-06-23,U0009,U0164,6060-Marketing,1509.34,Marketing charge
T002454,2025-11-05,U0216,,6010-Office Supplies,664.24,Office Supplies charge
T002455,2026-02-27,U0210,U0385,6070-Utilities,903.81,Utilities charge
T002456,2025-12-19,U0001,U0337,6100-Freight & Shipping,716.69,Freight & Shipping charge
T002457,2025-09-09,U0287,,6020-Travel & Entertainment,757.3,Travel & Entertainment charge
T002458,2026-01-20,U0084,,6040-IT Software,114.54,IT Software charge
T002459,2026-06-04,U0185,,6060-Marketing,1559.39,Marketing charge
T002460,2025-12-18,U0076,U0093,6010-Office Supplies,1783.89,Office Supplies charge
T002461,2025-11-12,U0020,,6080-Consulting,382.86,Consulting charge
T002462,2026-07-12,U0207,,6030-Professional Fees,469.74,Professional Fees charge
T002463,2025-10-01,U0159,U0052,6030-Professional Fees,91.45,Professional Fees charge
T002464,2026-04-07,U0249,U0074,6100-Freight & Shipping,867.56,Freight & Shipping charge
T002465,2026-05-30,U0161,U0094,6020-Travel & Entertainment,924.51,Travel & Entertainment charge
T002466,2026-07-21,U0399,,6010-Office Supplies,460.17,Office Supplies charge
T002467,2025-09-17,U0163,U0208,6040-IT Software,1697.29,IT Software charge
T002468,2026-05-13,U0234,,6100-Freight & Shipping,341.22,Freight & Shipping charge
T002469,2026-04-05,U0211,,6050-Facilities,916.96,Facilities charge
T002470,2026-08-13,U0341,,6060-Marketing,160.51,Marketing charge
T002471,2026-01-05,U0101,U0145,6050-Facilities,480.15,Facilities charge
T002472,2026-04-11,U0267,,6010-Office Supplies,406.75,Office Supplies charge
T002473,2026-05-22,U0070,U0239,6020-Travel & Entertainment,631.34,Travel & Entertainment charge
T002474,2025-12-27,U0319,U0055,6020-Travel & Entertainment,328.17,Travel & Entertainment charge
T002475,2025-11-22,U0282,,6070-Utilities,426.4,Utilities charge
T002476,2025-10-20,U0298,U0023,6060-Marketing,1222.5,Marketing charge
T002477,2026-02-23,U0065,U0029,6010-Office Supplies,304.77,Office Supplies charge
T002478,2026-04-20,U0236,,6020-Travel & Entertainment,84.16,Travel & Entertainment charge
T002479,2026-02-18,U0132,,6020-Travel & Entertainment,3376.32,Travel & Entertainment charge
T002480,2026-03-04,U0164,,6090-Equipment,2252.06,Equipment charge
T002481,2026-03-25,U0117,U0014,6030-Professional Fees,118.93,Professional Fees charge
T002482,2026-04-11,U0325,,6030-Professional Fees,1052.24,Professional Fees charge
T002483,2026-03-01,U0395,,6080-Consulting,283.36,Consulting charge
T002484,2026-05-13,U0145,,6010-Office Supplies,658.42,Office Supplies charge
T002485,2025-12-11,U0188,U0256,6040-IT Software,681.06,IT Software charge
T002486,2026-04-12,U0146,U0203,6070-Utilities,380.75,Utilities charge
T002487,2025-10-03,U0337,U0275,6090-Equipment,208.07,Equipment charge
T002488,2025-09-17,U0015,,6010-Office Supplies,230.54,Office Supplies charge
T002489,2025-10-22,U0246,,6050-Facilities,179.86,Facilities charge
T002490,2025-10-05,U0018,,6020-Travel & Entertainment,197.35,Travel & Entertainment charge
T002491,2026-04-28,U0390,U0384,6020-Travel & Entertainment,457.65,Travel & Entertainment charge
T002492,2026-06-27,U0150,,6040-IT Software,224.23,IT Software charge
T002493,2026-06-16,U0043,,6050-Facilities,1043.42,Facilities charge
T002494,2026-08-29,U0390,U0146,6020-Travel & Entertainment,2529.99,Travel & Entertainment charge
T002495,2026-07-09,U0353,,6090-Equipment,260.33,Equipment charge
T002496,2026-07-04,U0379,,6080-Consulting,641.2,Consulting charge
T002497,2026-05-29,U0351,,6080-Consulting,853.76,Consulting charge
T002498,2026-04-26,U0116,U0241,6100-Freight & Shipping,828.16,Freight & Shipping charge
T002499,2026-07-06,U0219,U0220,6090-Equipment,535.69,Equipment charge
T002500,2025-11-16,U0060,,6040-IT Software,1115.38,IT Software charge
T002501,2026-05-04,U0280,U0103,6100-Freight & Shipping,837.54,Freight & Shipping charge
T002502,2026-04-12,U0182,,6030-Professional Fees,126.29,Professional Fees charge
T002503,2026-08-09,U0297,,6100-Freight & Shipping,1281.87,Freight & Shipping charge
T002504,2026-07-10,U0068,U0152,6080-Consulting,1307.69,Consulting charge
T002505,2026-04-09,U0097,,6030-Professional Fees,212.81,Professional Fees charge
T002506,2026-04-24,U0297,U0237,6090-Equipment,513.75,Equipment charge
T002507,2025-11-21,U0037,,6010-Office Supplies,1044.88,Office Supplies charge
T002508,2025-10-19,U0148,,6090-Equipment,391.41,Equipment charge
T002509,2026-03-09,U0135,,6100-Freight & Shipping,1604.03,Freight & Shipping charge
T002510,2026-04-18,U0337,U0257,6030-Professional Fees,6635.97,Professional Fees charge
T002511,2026-06-03,U0017,,6090-Equipment,207.56,Equipment charge
T002512,2026-05-19,U0387,,6010-Office Supplies,107.86,Office Supplies charge
T002513,2026-03-24,U0315,U0071,6050-Facilities,688.28,Facilities charge
T002514,2026-03-02,U0261,,6090-Equipment,1089.77,Equipment charge
T002515,2026-04-14,U0328,,6090-Equipment,382.24,Equipment charge
T002516,2025-11-28,U0311,U0031,6010-Office Supplies,2437.16,Office Supplies charge
T002517,2026-05-01,U0242,U0106,6060-Marketing,113.02,Marketing charge
T002518,2026-03-14,U0111,,6100-Freight & Shipping,1055.97,Freight & Shipping charge
T002519,2026-07-29,U0055,,6020-Travel & Entertainment,253.04,Travel & Entertainment charge
T002520,2026-08-12,U0288,U0393,6100-Freight & Shipping,3265.98,Freight & Shipping charge
T002521,2026-06-14,U0245,,6090-Equipment,4410.6,Equipment charge
T002522,2026-06-24,U0225,U0030,6080-Consulting,212.02,Consulting charge
T002523,2026-03-01,U0340,U0054,6040-IT Software,269.21,IT Software charge
T002524,2026-04-05,U0335,U0318,6020-Travel & Entertainment,1268.44,Travel & Entertainment charge
T002525,2026-01-06,U0375,,6030-Professional Fees,321.87,Professional Fees charge
T002526,2026-06-13,U0319,,6040-IT Software,468.74,IT Software charge
T002527,2026-04-24,U0064,,6100-Freight & Shipping,506.7,Freight & Shipping charge
T002528,2026-07-26,U0392,,6070-Utilities,59.64,Utilities charge
T002529,2026-04-04,U0350,,6050-Facilities,485.31,Facilities charge
T002530,2026-01-06,U0315,,6050-Facilities,230.74,Facilities charge
T002531,2026-04-20,U0152,U0010,6090-Equipment,286.45,Equipment charge
T002532,2026-06-15,U0090,U0205,6060-Marketing,2411.48,Marketing charge
T002533,2026-01-03,U0333,,6070-Utilities,123.7,Utilities charge
T002534,2026-05-16,U0001,,6100-Freight & Shipping,1205.35,Freight & Shipping charge
T002535,2026-06-01,U0152,,6070-Utilities,362.54,Utilities charge
T002536,2025-09-22,U0355,U0277,6070-Utilities,362.22,Utilities charge
T002537,2026-05-28,U0089,U0017,6080-Consulting,1175.45,Consulting charge
T002538,2025-10-03,U0363,U0067,6020-Travel & Entertainment,716.27,Travel & Entertainment charge
T002539,2026-01-06,U0338,,6060-Marketing,923.04,Marketing charge
T002540,2025-11-23,U0374,U0124,6040-IT Software,1429.39,IT Software charge
T002541,2026-03-28,U0275,,6010-Office Supplies,342.26,Office Supplies charge
T002542,2026-01-09,U0030,U0189,6060-Marketing,251.27,Marketing charge
T002543,2025-11-24,U0017,U0172,6060-Marketing,149.36,Marketing charge
T002544,2025-11-14,U0286,U0179,6050-Facilities,198.75,Facilities charge
T002545,2025-09-17,U0381,U0326,6040-IT Software,12632.19,IT Software charge
T002546,2026-03-25,U0241,,6020-Travel & Entertainment,1937.49,Travel & Entertainment charge
T002547,2026-05-23,U0042,,6030-Professional Fees,111.48,Professional Fees charge
T002548,2026-06-07,U0329,,6010-Office Supplies,115.04,Office Supplies charge
T002549,2026-03-25,U0003,U0157,6080-Consulting,837.19,Consulting charge
T002550,2026-04-15,U0049,,6050-Facilities,899.64,Facilities charge
T002551,2025-12-25,U0063,,6060-Marketing,901.24,Marketing charge
T002552,2026-03-12,U0364,,6050-Facilities,372.24,Facilities charge
T002553,2026-07-14,U0310,,6040-IT Software,429.23,IT Software charge
T002554,2026-06-09,U0359,,6080-Consulting,706.74,Consulting charge
T002555,2026-02-07,U0326,,6020-Travel & Entertainment,541.58,Travel & Entertainment charge
T002556,2026-08-04,U0177,,6010-Office Supplies,42.9,Office Supplies charge
T002557,2026-08-14,U0347,,6030-Professional Fees,382.69,Professional Fees charge
T002558,2026-03-04,U0276,,6040-IT Software,193.15,IT Software charge
T002559,2026-02-27,U0030,U0399,6020-Travel & Entertainment,597.49,Travel & Entertainment charge
T002560,2025-12-26,U0040,U0229,6100-Freight & Shipping,13144.84,Freight & Shipping charge
T002561,2026-04-04,U0121,,6060-Marketing,738.21,Marketing charge
T002562,2025-11-04,U0379,U0214,6020-Travel & Entertainment,349.02,Travel & Entertainment charge
T002563,2025-09-29,U0347,U0344,6070-Utilities,1358.29,Utilities charge
T002564,2026-07-31,U0384,U0306,6100-Freight & Shipping,837.95,Freight & Shipping charge
T002565,2026-01-07,U0335,,6030-Professional Fees,782.19,Professional Fees charge
T002566,2026-08-16,U0216,,6050-Facilities,960.58,Facilities charge
T002567,2026-07-12,U0321,,6070-Utilities,4732.45,Utilities charge
T002568,2026-04-12,U0185,,6050-Facilities,142.03,Facilities charge
T002569,2026-02-09,U0176,,6070-Utilities,829.64,Utilities charge
T002570,2026-02-22,U0256,,6090-Equipment,177.86,Equipment charge
T002571,2026-02-11,U0174,,6040-IT Software,907.84,IT Software charge
T002572,2025-09-15,U0352,,6070-Utilities,179.37,Utilities charge
T002573,2026-01-11,U0212,,6070-Utilities,311.34,Utilities charge
T002574,2025-12-04,U0369,U0065,6070-Utilities,356.17,Utilities charge
T002575,2026-07-21,U0229,,6060-Marketing,1441.44,Marketing charge
T002576,2025-09-05,U0036,U0104,6070-Utilities,1353.3,Utilities charge
T002577,2026-01-29,U0089,,6030-Professional Fees,125.17,Professional Fees charge
T002578,2026-05-03,U0248,U0178,6080-Consulting,523.44,Consulting charge
T002579,2025-10-05,U0354,U0160,6070-Utilities,225.76,Utilities charge
T002580,2025-10-18,U0061,,6060-Marketing,123.43,Marketing charge
T002581,2026-06-01,U0144,,6090-Equipment,388.11,Equipment charge
T002582,2026-06-02,U0008,,6010-Office Supplies,350.96,Office Supplies charge
T002583,2026-05-05,U0227,U0049,6080-Consulting,7110.93,Consulting charge
T002584,2026-06-23,U0101,,6100-Freight & Shipping,793.34,Freight & Shipping charge
T002585,2026-01-18,U0011,,6080-Consulting,108.27,Consulting charge
T002586,2025-11-24,U0150,,6070-Utilities,264.74,Utilities charge
T002587,2025-09-28,U0097,U0278,6040-IT Software,1515.53,IT Software charge
T002588,2025-12-26,U0193,,6070-Utilities,4901.45,Utilities charge
T002589,2026-05-31,U0221,,6010-Office Supplies,86.09,Office Supplies charge
T002590,2025-11-26,U0371,,6060-Marketing,62.31,Marketing charge
T002591,2026-02-06,U0103,,6030-Professional Fees,3858.61,Professional Fees charge
T002592,2026-05-16,U0134,,6060-Marketing,756.4,Marketing charge
T002593,2025-09-25,U0153,,6010-Office Supplies,189.59,Office Supplies charge
T002594,2026-08-01,U0173,,6060-Marketing,887.22,Marketing charge
T002595,2025-12-10,U0086,,6020-Travel & Entertainment,27.13,Travel & Entertainment charge
T002596,2026-04-18,U0090,,6050-Facilities,494.58,Facilities charge
T002597,2026-08-16,U0284,,6100-Freight & Shipping,706.7,Freight & Shipping charge
T002598,2026-04-13,U0260,U0167,6070-Utilities,1361.98,Utilities charge
T002599,2026-07-26,U0377,U0320,6030-Professional Fees,161.53,Professional Fees charge
T002600,2026-03-14,U0310,,6030-Professional Fees,541.45,Professional Fees charge
T002601,2025-09-07,U0203,,6090-Equipment,178.04,Equipment charge
T002602,2026-03-18,U0351,U0372,6040-IT Software,652.57,IT Software charge
T002603,2025-09-17,U0114,,6070-Utilities,184.03,Utilities charge
T002604,2026-02-14,U0132,U0364,6090-Equipment,314.53,Equipment charge
T002605,2026-02-17,U0132,U0371,6040-IT Software,164.78,IT Software charge
T002606,2026-05-22,U0063,,6020-Travel & Entertainment,1008.53,Travel & Entertainment charge
T002607,2026-05-17,U0274,U0246,6050-Facilities,1266.86,Facilities charge
T002608,2025-11-28,U0194,,6050-Facilities,380.66,Facilities charge
T002609,2026-01-12,U0206,,6050-Facilities,513.92,Facilities charge
T002610,2026-06-01,U0122,,6060-Marketing,100.14,Marketing charge
T002611,2025-12-21,U0361,,6080-Consulting,354.38,Consulting charge
T002612,2026-07-26,U0013,,6060-Marketing,466.27,Marketing charge
T002613,2026-06-02,U0087,U0147,6080-Consulting,8803.22,Consulting charge
T002614,2026-03-17,U0310,,6100-Freight & Shipping,145.01,Freight & Shipping charge
T002615,2026-05-29,U0338,,6090-Equipment,2466.6,Equipment charge
T002616,2025-10-02,U0347,,6050-Facilities,1475.19,Facilities charge
T002617,2026-08-26,U0333,U0260,6030-Professional Fees,670.95,Professional Fees charge
T002618,2025-11-10,U0397,U0054,6050-Facilities,3410.05,Facilities charge
T002619,2026-06-04,U0347,U0077,6070-Utilities,741.98,Utilities charge
T002620,2026-06-13,U0119,U0136,6040-IT Software,756.03,IT Software charge
T002621,2026-06-18,U0136,U0379,6020-Travel & Entertainment,464.78,Travel & Entertainment charge
T002622,2026-06-09,U0386,,6080-Consulting,1893.01,Consulting charge
T002623,2026-06-18,U0093,,6040-IT Software,1646.02,IT Software charge
T002624,2025-09-26,U0297,U0086,6100-Freight & Shipping,247.59,Freight & Shipping charge
T002625,2025-09-13,U0100,,6020-Travel & Entertainment,4995.0,Travel & Entertainment charge
T002626,2026-04-11,U0267,,6070-Utilities,115.45,Utilities charge
T002627,2026-07-21,U0294,,6100-Freight & Shipping,394.15,Freight & Shipping charge
T002628,2026-05-05,U0395,,6070-Utilities,204.38,Utilities charge
T002629,2025-12-06,U0168,U0040,6060-Marketing,459.49,Marketing charge
T002630,2026-06-11,U0135,,6050-Facilities,1922.12,Facilities charge
T002631,2025-10-14,U0375,U0279,6100-Freight & Shipping,297.96,Freight & Shipping charge
T002632,2026-04-04,U0158,U0176,6090-Equipment,470.08,Equipment charge
T002633,2026-06-29,U0236,,6060-Marketing,525.22,Marketing charge
T002634,2025-09-02,U0025,,6040-IT Software,1252.97,IT Software charge
T002635,2026-07-04,U0039,,6030-Professional Fees,4999.0,Professional Fees charge
T002636,2025-09-11,U0187,,6010-Office Supplies,41.61,Office Supplies charge
T002637,2026-03-19,U0391,U0379,6070-Utilities,252.81,Utilities charge
T002638,2026-03-09,U0226,,6050-Facilities,621.67,Facilities charge
T002639,2026-01-23,U0130,,6010-Office Supplies,1844.73,Office Supplies charge
T002640,2026-03-24,U0061,,6100-Freight & Shipping,286.84,Freight & Shipping charge
T002641,2026-07-14,U0153,,6080-Consulting,62.54,Consulting charge
T002642,2026-06-15,U0211,,6040-IT Software,974.26,IT Software charge
T002643,2026-06-11,U0167,,6030-Professional Fees,244.96,Professional Fees charge
T002644,2026-07-16,U0325,,6070-Utilities,133.14,Utilities charge
T002645,2026-05-29,U0013,,6040-IT Software,247.95,IT Software charge
T002646,2026-07-23,U0300,,6100-Freight & Shipping,402.23,Freight & Shipping charge
T002647,2026-08-05,U0398,U0023,6080-Consulting,253.35,Consulting charge
T002648,2026-06-30,U0212,,6070-Utilities,43.55,Utilities charge
T002649,2026-06-19,U0048,U0345,6080-Consulting,1321.83,Consulting charge
T002650,2025-11-04,U0136,U0206,6010-Office Supplies,2002.92,Office Supplies charge
T002651,2026-07-21,U0262,,6090-Equipment,1008.96,Equipment charge
T002652,2026-03-14,U0109,U0004,6010-Office Supplies,140.97,Office Supplies charge
T002653,2026-03-08,U0328,,6030-Professional Fees,394.79,Professional Fees charge
T002654,2026-02-19,U0206,,6090-Equipment,489.23,Equipment charge
T002655,2026-05-08,U0266,U0081,6080-Consulting,952.1,Consulting charge
T002656,2026-01-30,U0281,,6070-Utilities,1027.8,Utilities charge
T002657,2026-06-05,U0059,U0344,6090-Equipment,219.73,Equipment charge
T002658,2025-11-10,U0233,U0350,6070-Utilities,539.26,Utilities charge
T002659,2026-02-19,U0276,,6090-Equipment,814.85,Equipment charge
T002660,2026-03-07,U0151,U0320,6050-Facilities,2444.03,Facilities charge
T002661,2026-08-15,U0198,,6050-Facilities,1069.51,Facilities charge
T002662,2026-02-11,U0031,U0333,6070-Utilities,1173.75,Utilities charge
T002663,2025-11-04,U0084,U0332,6060-Marketing,540.35,Marketing charge
T002664,2025-09-26,U0015,U0194,6020-Travel & Entertainment,2325.07,Travel & Entertainment charge
T002665,2026-01-19,U0236,U0080,6010-Office Supplies,773.36,Office Supplies charge
T002666,2026-04-29,U0159,,6030-Professional Fees,191.1,Professional Fees charge
T002667,2026-07-31,U0146,U0107,6050-Facilities,5000.0,Facilities charge
T002668,2026-08-19,U0095,U0080,6050-Facilities,2307.01,Facilities charge
T002669,2025-10-08,U0242,,6070-Utilities,1061.77,Utilities charge
T002670,2025-09-04,U0215,,6080-Consulting,302.67,Consulting charge
T002671,2026-07-26,U0323,,6010-Office Supplies,290.78,Office Supplies charge
T002672,2026-07-10,U0001,,6030-Professional Fees,682.82,Professional Fees charge
T002673,2026-08-03,U0065,,6020-Travel & Entertainment,820.16,Travel & Entertainment charge
T002674,2026-03-05,U0030,,6040-IT Software,612.18,IT Software charge
T002675,2025-09-28,U0255,U0268,6100-Freight & Shipping,693.98,Freight & Shipping charge
T002676,2026-04-09,U0045,U0280,6100-Freight & Shipping,3196.95,Freight & Shipping charge
T002677,2026-08-25,U0147,,6020-Travel & Entertainment,1601.5,Travel & Entertainment charge
T002678,2026-06-15,U0176,U0379,6060-Marketing,607.71,Marketing charge
T002679,2026-06-18,U0084,,6090-Equipment,1387.75,Equipment charge
T002680,2025-12-19,U0329,,6070-Utilities,158.26,Utilities charge
T002681,2026-04-30,U0159,,6020-Travel & Entertainment,763.35,Travel & Entertainment charge
T002682,2026-05-22,U0363,U0176,6030-Professional Fees,3605.58,Professional Fees charge
T002683,2025-10-13,U0310,,6040-IT Software,387.67,IT Software charge
T002684,2025-09-19,U0045,U0324,6050-Facilities,193.95,Facilities charge
T002685,2026-07-10,U0388,U0270,6070-Utilities,240.5,Utilities charge
T002686,2025-12-19,U0168,,6060-Marketing,148.62,Marketing charge
T002687,2026-02-20,U0138,U0157,6030-Professional Fees,207.84,Professional Fees charge
T002688,2026-04-11,U0315,,6010-Office Supplies,327.81,Office Supplies charge
T002689,2026-06-08,U0340,,6040-IT Software,104.99,IT Software charge
T002690,2026-06-05,U0170,,6090-Equipment,501.29,Equipment charge
T002691,2026-02-10,U0104,,6040-IT Software,1329.43,IT Software charge
T002692,2026-01-31,U0367,,6070-Utilities,181.54,Utilities charge
T002693,2026-02-19,U0187,,6010-Office Supplies,2620.74,Office Supplies charge
T002694,2026-08-27,U0158,,6010-Office Supplies,864.26,Office Supplies charge
T002695,2026-02-28,U0189,,6020-Travel & Entertainment,1530.94,Travel & Entertainment charge
T002696,2026-06-17,U0120,U0025,6030-Professional Fees,238.98,Professional Fees charge
T002697,2026-02-18,U0311,,6060-Marketing,1261.4,Marketing charge
T002698,2025-09-15,U0175,U0051,6100-Freight & Shipping,148.25,Freight & Shipping charge
T002699,2026-04-25,U0061,U0015,6090-Equipment,1311.95,Equipment charge
T002700,2026-02-16,U0084,,6050-Facilities,595.27,Facilities charge
T002701,2025-09-28,U0223,U0362,6030-Professional Fees,905.58,Professional Fees charge
T002702,2025-12-29,U0212,,6060-Marketing,135.21,Marketing charge
T002703,2026-08-16,U0051,,6030-Professional Fees,184.09,Professional Fees charge
T002704,2025-11-09,U0390,,6030-Professional Fees,950.46,Professional Fees charge
T002705,2026-02-14,U0162,U0107,6010-Office Supplies,4900.0,Office Supplies charge
T002706,2026-08-02,U0198,,6100-Freight & Shipping,173.61,Freight & Shipping charge
T002707,2026-02-21,U0359,U0285,6010-Office Supplies,820.18,Office Supplies charge
T002708,2026-04-15,U0061,,6040-IT Software,109.52,IT Software charge
T002709,2025-09-26,U0317,,6060-Marketing,1252.62,Marketing charge
T002710,2026-07-27,U0210,,6010-Office Supplies,127.0,Office Supplies charge
T002711,2025-09-25,U0042,U0396,6010-Office Supplies,904.63,Office Supplies charge
T002712,2025-12-20,U0362,U0333,6050-Facilities,980.63,Facilities charge
T002713,2025-09-02,U0070,,6050-Facilities,228.96,Facilities charge
T002714,2026-04-08,U0124,,6010-Office Supplies,934.7,Office Supplies charge
T002715,2025-10-03,U0162,,6020-Travel & Entertainment,656.21,Travel & Entertainment charge
T002716,2025-12-23,U0058,,6060-Marketing,272.4,Marketing charge
T002717,2026-06-07,U0103,,6060-Marketing,162.49,Marketing charge
T002718,2026-08-18,U0215,U0223,6100-Freight & Shipping,56.89,Freight & Shipping charge
T002719,2025-09-18,U0045,,6010-Office Supplies,723.87,Office Supplies charge
T002720,2025-09-07,U0332,,6010-Office Supplies,88.12,Office Supplies charge
T002721,2025-10-01,U0316,,6020-Travel & Entertainment,547.24,Travel & Entertainment charge
T002722,2026-01-13,U0276,,6010-Office Supplies,368.78,Office Supplies charge
T002723,2026-05-15,U0277,U0126,6050-Facilities,1040.08,Facilities charge
T002724,2025-12-09,U0388,,6100-Freight & Shipping,353.45,Freight & Shipping charge
T002725,2025-11-22,U0162,,6010-Office Supplies,5000.0,Office Supplies charge
T002726,2026-07-22,U0095,U0124,6060-Marketing,342.96,Marketing charge
T002727,2026-02-08,U0218,,6050-Facilities,1102.19,Facilities charge
T002728,2025-10-25,U0163,U0040,6080-Consulting,712.35,Consulting charge
T002729,2025-12-05,U0365,U0128,6100-Freight & Shipping,697.69,Freight & Shipping charge
T002730,2026-02-17,U0174,,6020-Travel & Entertainment,825.67,Travel & Entertainment charge
T002731,2026-06-20,U0024,,6010-Office Supplies,91.0,Office Supplies charge
T002732,2025-09-24,U0395,,6060-Marketing,1132.82,Marketing charge
T002733,2026-06-12,U0311,U0089,6070-Utilities,966.53,Utilities charge
T002734,2025-10-16,U0069,U0081,6070-Utilities,161.04,Utilities charge
T002735,2025-09-04,U0356,,6050-Facilities,376.72,Facilities charge
T002736,2026-02-19,U0263,,6100-Freight & Shipping,471.9,Freight & Shipping charge
T002737,2026-02-13,U0260,U0344,6100-Freight & Shipping,424.98,Freight & Shipping charge
T002738,2026-04-05,U0342,U0138,6050-Facilities,711.41,Facilities charge
T002739,2026-08-10,U0242,,6030-Professional Fees,2379.16,Professional Fees charge
T002740,2026-04-23,U0084,U0147,6060-Marketing,1619.61,Marketing charge
T002741,2026-04-26,U0267,U0257,6010-Office Supplies,116.34,Office Supplies charge
T002742,2025-10-17,U0068,U0318,6060-Marketing,976.8,Marketing charge
T002743,2025-12-02,U0008,,6040-IT Software,2125.64,IT Software charge
T002744,2026-07-29,U0060,U0203,6100-Freight & Shipping,754.07,Freight & Shipping charge
T002745,2025-11-03,U0302,,6090-Equipment,1636.11,Equipment charge
T002746,2026-08-18,U0004,,6060-Marketing,4507.5,Marketing charge
T002747,2026-05-16,U0067,,6070-Utilities,1519.41,Utilities charge
T002748,2026-06-09,U0317,,6020-Travel & Entertainment,648.23,Travel & Entertainment charge
T002749,2026-04-26,U0327,,6080-Consulting,1555.57,Consulting charge
T002750,2026-06-12,U0219,U0191,6090-Equipment,577.89,Equipment charge
T002751,2026-05-04,U0136,,6090-Equipment,505.88,Equipment charge
T002752,2025-10-05,U0125,,6090-Equipment,334.77,Equipment charge
T002753,2026-05-19,U0091,U0295,6100-Freight & Shipping,2751.1,Freight & Shipping charge
T002754,2026-02-17,U0158,,6050-Facilities,200.28,Facilities charge
T002755,2025-11-10,U0297,,6030-Professional Fees,2658.73,Professional Fees charge
T002756,2025-09-28,U0001,,6030-Professional Fees,853.93,Professional Fees charge
T002757,2025-11-05,U0309,,6040-IT Software,105.72,IT Software charge
T002758,2026-01-08,U0039,,6020-Travel & Entertainment,738.35,Travel & Entertainment charge
T002759,2026-08-02,U0159,,6040-IT Software,48.91,IT Software charge
T002760,2025-10-27,U0302,,6020-Travel & Entertainment,980.5,Travel & Entertainment charge
T002761,2026-06-23,U0206,,6100-Freight & Shipping,1304.73,Freight & Shipping charge
T002762,2025-11-04,U0393,,6010-Office Supplies,256.83,Office Supplies charge
T002763,2026-01-20,U0033,U0255,6030-Professional Fees,564.48,Professional Fees charge
T002764,2026-03-03,U0287,U0214,6030-Professional Fees,4228.38,Professional Fees charge
T002765,2025-09-22,U0114,,6030-Professional Fees,282.5,Professional Fees charge
T002766,2026-03-28,U0032,U0039,6050-Facilities,153.73,Facilities charge
T002767,2026-07-02,U0194,,6040-IT Software,2514.5,IT Software charge
T002768,2026-03-02,U0266,U0311,6070-Utilities,4267.77,Utilities charge
T002769,2025-11-07,U0129,,6020-Travel & Entertainment,494.76,Travel & Entertainment charge
T002770,2025-10-16,U0347,,6070-Utilities,1499.08,Utilities charge
T002771,2026-04-29,U0046,,6050-Facilities,2155.17,Facilities charge
T002772,2026-06-26,U0094,,6090-Equipment,217.73,Equipment charge
T002773,2026-01-13,U0021,,6040-IT Software,288.92,IT Software charge
T002774,2025-10-05,U0158,U0327,6100-Freight & Shipping,1908.29,Freight & Shipping charge
T002775,2025-12-13,U0050,U0037,6020-Travel & Entertainment,3144.83,Travel & Entertainment charge
T002776,2026-03-27,U0210,,6090-Equipment,915.22,Equipment charge
T002777,2026-03-21,U0241,,6080-Consulting,187.2,Consulting charge
T002778,2026-03-16,U0028,,6040-IT Software,4384.22,IT Software charge
T002779,2026-06-20,U0052,,6090-Equipment,274.77,Equipment charge
T002780,2026-02-03,U0039,,6100-Freight & Shipping,340.82,Freight & Shipping charge
T002781,2026-02-01,U0146,,6010-Office Supplies,718.07,Office Supplies charge
T002782,2026-08-17,U0115,U0131,6050-Facilities,2723.24,Facilities charge
T002783,2026-04-25,U0359,,6060-Marketing,2000.0,Marketing charge
T002784,2025-11-08,U0221,U0168,6070-Utilities,1260.64,Utilities charge
T002785,2026-01-09,U0087,,6040-IT Software,777.71,IT Software charge
T002786,2026-08-02,U0193,U0089,6090-Equipment,820.26,Equipment charge
T002787,2026-08-14,U0061,,6090-Equipment,516.91,Equipment charge
T002788,2026-06-01,U0028,,6080-Consulting,910.46,Consulting charge
T002789,2026-07-14,U0400,,6020-Travel & Entertainment,30.49,Travel & Entertainment charge
T002790,2026-07-25,U0087,,6040-IT Software,355.57,IT Software charge
T002791,2026-08-03,U0052,,6100-Freight & Shipping,642.56,Freight & Shipping charge
T002792,2025-12-12,U0127,U0078,6090-Equipment,138.92,Equipment charge
T002793,2026-04-24,U0161,,6030-Professional Fees,753.67,Professional Fees charge
T002794,2026-05-31,U0208,U0118,6040-IT Software,393.5,IT Software charge
T002795,2026-08-20,U0025,,6040-IT Software,3398.28,IT Software charge
T002796,2026-08-09,U0210,U0152,6090-Equipment,2780.32,Equipment charge
T002797,2026-04-28,U0212,,6070-Utilities,295.19,Utilities charge
T002798,2026-05-14,U0153,,6060-Marketing,417.41,Marketing charge
T002799,2026-07-23,U0153,,6060-Marketing,454.25,Marketing charge
T002800,2026-04-12,U0137,,6060-Marketing,299.82,Marketing charge
T002801,2026-03-21,U0154,,6070-Utilities,610.65,Utilities charge
T002802,2026-03-15,U0291,,6020-Travel & Entertainment,213.98,Travel & Entertainment charge
T002803,2025-10-11,U0074,,6030-Professional Fees,142.07,Professional Fees charge
T002804,2026-08-24,U0309,,6010-Office Supplies,977.48,Office Supplies charge
T002805,2026-02-04,U0359,,6090-Equipment,984.84,Equipment charge
T002806,2026-07-03,U0231,,6030-Professional Fees,203.42,Professional Fees charge
T002807,2026-03-15,U0331,,6070-Utilities,1319.35,Utilities charge
T002808,2026-01-01,U0067,,6010-Office Supplies,245.98,Office Supplies charge
T002809,2026-01-01,U0080,,6060-Marketing,650.98,Marketing charge
T002810,2026-01-15,U0070,,6030-Professional Fees,1214.85,Professional Fees charge
T002811,2025-09-27,U0163,,6050-Facilities,474.86,Facilities charge
T002812,2025-11-20,U0142,,6070-Utilities,812.58,Utilities charge
T002813,2026-02-06,U0179,U0327,6040-IT Software,279.2,IT Software charge
T002814,2025-12-22,U0238,,6080-Consulting,396.98,Consulting charge
T002815,2025-09-10,U0397,,6010-Office Supplies,392.9,Office Supplies charge
T002816,2026-05-12,U0072,,6090-Equipment,216.75,Equipment charge
T002817,2025-11-01,U0084,,6020-Travel & Entertainment,405.67,Travel & Entertainment charge
T002818,2026-06-13,U0056,U0386,6050-Facilities,89.7,Facilities charge
T002819,2025-11-30,U0160,,6070-Utilities,287.07,Utilities charge
T002820,2026-01-11,U0266,,6050-Facilities,360.19,Facilities charge
T002821,2026-05-14,U0396,U0096,6010-Office Supplies,371.74,Office Supplies charge
T002822,2026-08-13,U0379,,6010-Office Supplies,377.8,Office Supplies charge
T002823,2025-11-15,U0192,,6040-IT Software,460.38,IT Software charge
T002824,2026-06-23,U0077,,6070-Utilities,834.96,Utilities charge
T002825,2025-09-24,U0039,,6080-Consulting,4900.0,Consulting charge
T002826,2025-11-18,U0204,U0212,6080-Consulting,1289.45,Consulting charge
T002827,2026-07-30,U0183,U0018,6090-Equipment,241.11,Equipment charge
T002828,2026-05-06,U0089,U0111,6030-Professional Fees,131.17,Professional Fees charge
T002829,2026-04-26,U0180,U0171,6040-IT Software,156.61,IT Software charge
T002830,2026-06-21,U0131,U0231,6020-Travel & Entertainment,288.32,Travel & Entertainment charge
T002831,2026-07-19,U0305,U0025,6020-Travel & Entertainment,334.58,Travel & Entertainment charge
T002832,2025-11-02,U0116,,6040-IT Software,211.24,IT Software charge
T002833,2026-05-24,U0090,,6070-Utilities,118.42,Utilities charge
T002834,2026-07-28,U0348,,6030-Professional Fees,298.35,Professional Fees charge
T002835,2026-01-05,U0280,,6060-Marketing,601.59,Marketing charge
T002836,2026-02-28,U0356,U0089,6040-IT Software,948.17,IT Software charge
T002837,2026-08-21,U0374,,6080-Consulting,266.89,Consulting charge
T002838,2026-07-06,U0301,U0274,6100-Freight & Shipping,312.84,Freight & Shipping charge
T002839,2026-03-01,U0128,,6040-IT Software,177.8,IT Software charge
T002840,2026-05-18,U0053,,6060-Marketing,476.0,Marketing charge
T002841,2025-09-26,U0055,U0111,6090-Equipment,193.78,Equipment charge
T002842,2026-07-08,U0223,U0293,6080-Consulting,925.6,Consulting charge
T002843,2025-12-12,U0094,U0073,6070-Utilities,69.1,Utilities charge
T002844,2026-03-22,U0091,,6020-Travel & Entertainment,331.76,Travel & Entertainment charge
T002845,2025-12-23,U0319,,6090-Equipment,686.23,Equipment charge
T002846,2026-08-28,U0107,,6020-Travel & Entertainment,603.18,Travel & Entertainment charge
T002847,2026-04-11,U0367,U0233,6050-Facilities,9531.31,Facilities charge
T002848,2025-12-12,U0276,U0086,6060-Marketing,723.99,Marketing charge
T002849,2025-12-20,U0122,U0295,6030-Professional Fees,163.29,Professional Fees charge
T002850,2026-07-22,U0014,U0091,6020-Travel & Entertainment,443.63,Travel & Entertainment charge
T002851,2026-06-14,U0198,,6100-Freight & Shipping,69.83,Freight & Shipping charge
T002852,2026-07-21,U0399,,6030-Professional Fees,450.94,Professional Fees charge
T002853,2025-09-30,U0234,,6070-Utilities,197.09,Utilities charge
T002854,2025-12-18,U0190,,6060-Marketing,1348.74,Marketing charge
T002855,2026-07-23,U0139,U0381,6080-Consulting,269.21,Consulting charge
T002856,2026-05-31,U0068,,6010-Office Supplies,433.36,Office Supplies charge
T002857,2026-01-20,U0284,U0392,6020-Travel & Entertainment,244.91,Travel & Entertainment charge
T002858,2025-12-27,U0178,,6090-Equipment,3336.7,Equipment charge
T002859,2026-06-15,U0383,,6060-Marketing,346.07,Marketing charge
T002860,2025-12-22,U0045,,6070-Utilities,3698.98,Utilities charge
T002861,2026-01-25,U0294,,6070-Utilities,1206.61,Utilities charge
T002862,2026-08-03,U0274,,6060-Marketing,837.38,Marketing charge
T002863,2026-05-02,U0158,U0046,6010-Office Supplies,739.23,Office Supplies charge
T002864,2026-07-18,U0103,,6020-Travel & Entertainment,759.89,Travel & Entertainment charge
T002865,2025-10-07,U0153,,6020-Travel & Entertainment,59.12,Travel & Entertainment charge
T002866,2026-02-16,U0193,,6070-Utilities,362.57,Utilities charge
T002867,2025-10-17,U0392,,6100-Freight & Shipping,1248.47,Freight & Shipping charge
T002868,2026-06-30,U0123,,6060-Marketing,466.95,Marketing charge
T002869,2025-10-01,U0108,,6080-Consulting,105.03,Consulting charge
T002870,2026-01-08,U0015,U0013,6030-Professional Fees,465.15,Professional Fees charge
T002871,2026-07-16,U0045,,6080-Consulting,3211.57,Consulting charge
T002872,2025-11-16,U0054,U0140,6050-Facilities,1942.21,Facilities charge
T002873,2026-07-15,U0249,,6070-Utilities,460.26,Utilities charge
T002874,2026-03-27,U0262,,6010-Office Supplies,1403.32,Office Supplies charge
T002875,2025-10-08,U0125,,6030-Professional Fees,329.26,Professional Fees charge
T002876,2025-10-11,U0133,U0255,6100-Freight & Shipping,75.62,Freight & Shipping charge
T002877,2026-03-19,U0382,,6010-Office Supplies,178.23,Office Supplies charge
T002878,2026-05-30,U0332,,6090-Equipment,2749.51,Equipment charge
T002879,2026-02-28,U0243,,6040-IT Software,364.53,IT Software charge
T002880,2026-08-17,U0368,,6100-Freight & Shipping,377.01,Freight & Shipping charge
T002881,2025-12-13,U0175,,6020-Travel & Entertainment,354.31,Travel & Entertainment charge
T002882,2026-02-16,U0219,,6050-Facilities,4002.0,Facilities charge
T002883,2026-06-24,U0393,U0031,6060-Marketing,2947.03,Marketing charge
T002884,2025-11-01,U0094,U0201,6100-Freight & Shipping,5657.05,Freight & Shipping charge
T002885,2026-03-13,U0280,,6050-Facilities,413.66,Facilities charge
T002886,2026-04-04,U0146,,6080-Consulting,4900.0,Consulting charge
T002887,2026-03-22,U0268,,6050-Facilities,682.11,Facilities charge
T002888,2026-05-13,U0251,,6070-Utilities,92.92,Utilities charge
T002889,2026-02-06,U0260,U0198,6020-Travel & Entertainment,2501.46,Travel & Entertainment charge
T002890,2026-08-20,U0247,,6010-Office Supplies,136.38,Office Supplies charge
T002891,2026-03-28,U0017,,6040-IT Software,625.44,IT Software charge
T002892,2025-12-11,U0272,,6010-Office Supplies,147.37,Office Supplies charge
T002893,2026-06-17,U0155,,6070-Utilities,257.82,Utilities charge
T002894,2025-10-11,U0255,,6020-Travel & Entertainment,196.18,Travel & Entertainment charge
T002895,2025-11-10,U0205,U0120,6100-Freight & Shipping,252.48,Freight & Shipping charge
T002896,2026-08-22,U0033,,6060-Marketing,272.32,Marketing charge
T002897,2026-03-08,U0105,,6060-Marketing,269.59,Marketing charge
T002898,2026-03-31,U0267,U0049,6040-IT Software,1232.34,IT Software charge
T002899,2026-07-12,U0177,,6050-Facilities,146.15,Facilities charge
T002900,2026-06-19,U0322,,6060-Marketing,628.03,Marketing charge
T002901,2026-03-31,U0161,,6070-Utilities,1881.37,Utilities charge
T002902,2026-01-28,U0150,U0046,6040-IT Software,280.19,IT Software charge
T002903,2026-07-11,U0173,,6020-Travel & Entertainment,223.7,Travel & Entertainment charge
T002904,2026-01-04,U0340,,6100-Freight & Shipping,382.38,Freight & Shipping charge
T002905,2026-01-20,U0148,U0155,6100-Freight & Shipping,1803.88,Freight & Shipping charge
T002906,2026-01-14,U0236,,6010-Office Supplies,610.04,Office Supplies charge
T002907,2026-08-25,U0385,U0342,6090-Equipment,274.7,Equipment charge
T002908,2026-05-15,U0186,,6070-Utilities,839.04,Utilities charge
T002909,2026-06-22,U0126,,6090-Equipment,146.57,Equipment charge
T002910,2026-01-17,U0336,U0009,6020-Travel & Entertainment,1042.62,Travel & Entertainment charge
T002911,2026-04-17,U0328,U0277,6030-Professional Fees,772.37,Professional Fees charge
T002912,2026-05-04,U0030,,6060-Marketing,351.22,Marketing charge
T002913,2025-12-08,U0200,,6050-Facilities,195.89,Facilities charge
T002914,2026-02-20,U0212,U0074,6080-Consulting,185.8,Consulting charge
T002915,2026-01-04,U0027,U0251,6010-Office Supplies,887.4,Office Supplies charge
T002916,2026-03-15,U0172,,6020-Travel & Entertainment,1904.32,Travel & Entertainment charge
T002917,2025-09-28,U0326,,6010-Office Supplies,244.44,Office Supplies charge
T002918,2025-10-25,U0204,U0268,6030-Professional Fees,815.85,Professional Fees charge
T002919,2026-03-21,U0188,,6060-Marketing,49.61,Marketing charge
T002920,2026-02-17,U0112,,6100-Freight & Shipping,259.02,Freight & Shipping charge
T002921,2025-09-02,U0273,,6090-Equipment,476.2,Equipment charge
T002922,2026-06-21,U0049,U0207,6100-Freight & Shipping,181.15,Freight & Shipping charge
T002923,2026-01-31,U0318,,6040-IT Software,175.89,IT Software charge
T002924,2025-12-23,U0222,,6020-Travel & Entertainment,236.38,Travel & Entertainment charge
T002925,2026-03-09,U0317,U0107,6010-Office Supplies,679.54,Office Supplies charge
T002926,2026-03-28,U0112,,6030-Professional Fees,400.99,Professional Fees charge
T002927,2026-01-06,U0025,U0152,6040-IT Software,42.01,IT Software charge
T002928,2025-12-16,U0235,U0261,6020-Travel & Entertainment,47.81,Travel & Entertainment charge
T002929,2026-04-01,U0333,,6090-Equipment,252.76,Equipment charge
T002930,2026-03-22,U0385,U0382,6090-Equipment,815.22,Equipment charge
T002931,2026-08-30,U0177,U0337,6030-Professional Fees,23.99,Professional Fees charge
T002932,2025-11-18,U0033,,6020-Travel & Entertainment,284.38,Travel & Entertainment charge
T002933,2026-01-25,U0253,U0027,6020-Travel & Entertainment,276.2,Travel & Entertainment charge
T002934,2025-12-16,U0171,U0211,6060-Marketing,2269.17,Marketing charge
T002935,2025-11-23,U0032,,6030-Professional Fees,322.62,Professional Fees charge
T002936,2026-04-05,U0160,,6070-Utilities,750.91,Utilities charge
T002937,2025-11-21,U0190,,6040-IT Software,575.58,IT Software charge
T002938,2026-03-28,U0146,U0119,6040-IT Software,4995.0,IT Software charge
T002939,2025-12-27,U0010,U0272,6010-Office Supplies,47.29,Office Supplies charge
T002940,2025-10-05,U0255,,6020-Travel & Entertainment,1147.14,Travel & Entertainment charge
T002941,2026-03-06,U0263,,6010-Office Supplies,624.49,Office Supplies charge
T002942,2026-07-10,U0276,,6100-Freight & Shipping,861.86,Freight & Shipping charge
T002943,2025-09-30,U0143,U0037,6030-Professional Fees,37006.97,Professional Fees charge
T002944,2025-11-28,U0049,,6040-IT Software,49.77,IT Software charge
T002945,2026-05-08,U0148,U0077,6030-Professional Fees,3285.15,Professional Fees charge
T002946,2025-11-05,U0031,U0336,6090-Equipment,359.17,Equipment charge
T002947,2025-10-17,U0014,,6080-Consulting,675.91,Consulting charge
T002948,2025-11-07,U0387,,6050-Facilities,468.69,Facilities charge
T002949,2026-03-31,U0253,,6050-Facilities,309.0,Facilities charge
T002950,2026-05-02,U0062,U0065,6080-Consulting,263.27,Consulting charge
T002951,2026-07-05,U0362,U0206,6030-Professional Fees,708.01,Professional Fees charge
T002952,2026-06-05,U0374,,6040-IT Software,92.86,IT Software charge
T002953,2026-08-13,U0090,,6080-Consulting,1125.11,Consulting charge
T002954,2025-12-02,U0041,U0338,6030-Professional Fees,311.75,Professional Fees charge
T002955,2026-03-17,U0193,U0146,6070-Utilities,142.16,Utilities charge
T002956,2025-11-15,U0293,,6040-IT Software,300.36,IT Software charge
T002957,2026-06-21,U0261,U0052,6020-Travel & Entertainment,1964.25,Travel & Entertainment charge
T002958,2025-09-25,U0053,,6020-Travel & Entertainment,273.45,Travel & Entertainment charge
T002959,2025-12-30,U0029,,6060-Marketing,730.92,Marketing charge
T002960,2025-09-26,U0355,U0280,6020-Travel & Entertainment,220.51,Travel & Entertainment charge
T002961,2026-08-22,U0166,,6010-Office Supplies,1134.24,Office Supplies charge
T002962,2025-11-17,U0347,,6060-Marketing,1047.39,Marketing charge
T002963,2026-01-07,U0359,,6060-Marketing,3764.87,Marketing charge
T002964,2026-05-11,U0066,U0286,6020-Travel & Entertainment,406.21,Travel & Entertainment charge
T002965,2026-01-09,U0222,,6040-IT Software,1028.15,IT Software charge
T002966,2025-09-11,U0096,U0067,6060-Marketing,548.88,Marketing charge
T002967,2025-11-30,U0216,,6070-Utilities,2049.72,Utilities charge
T002968,2026-06-30,U0149,U0114,6070-Utilities,223.47,Utilities charge
T002969,2026-08-21,U0001,U0166,6090-Equipment,1118.23,Equipment charge
T002970,2026-02-02,U0167,,6080-Consulting,397.75,Consulting charge
T002971,2026-05-16,U0173,,6090-Equipment,459.16,Equipment charge
T002972,2025-09-07,U0187,,6050-Facilities,545.08,Facilities charge
T002973,2026-03-11,U0010,,6100-Freight & Shipping,650.32,Freight & Shipping charge
T002974,2026-02-26,U0399,,6020-Travel & Entertainment,433.61,Travel & Entertainment charge
T002975,2026-08-16,U0112,,6080-Consulting,624.02,Consulting charge
T002976,2026-03-23,U0107,U0348,6070-Utilities,2795.96,Utilities charge
T002977,2026-04-01,U0179,,6040-IT Software,1456.8,IT Software charge
T002978,2026-05-01,U0287,U0205,6060-Marketing,1281.86,Marketing charge
T002979,2025-11-18,U0326,,6010-Office Supplies,298.54,Office Supplies charge
T002980,2026-06-05,U0200,,6020-Travel & Entertainment,185.27,Travel & Entertainment charge
T002981,2026-08-01,U0021,,6060-Marketing,1409.27,Marketing charge
T002982,2026-07-01,U0089,,6050-Facilities,1291.62,Facilities charge
T002983,2025-12-21,U0237,,6010-Office Supplies,2489.75,Office Supplies charge
T002984,2026-08-25,U0389,,6100-Freight & Shipping,253.57,Freight & Shipping charge
T002985,2026-08-09,U0268,U0363,6030-Professional Fees,382.79,Professional Fees charge
T002986,2026-08-07,U0168,,6030-Professional Fees,81.17,Professional Fees charge
T002987,2026-08-06,U0189,U0392,6050-Facilities,319.99,Facilities charge
T002988,2026-02-21,U0318,,6020-Travel & Entertainment,1474.73,Travel & Entertainment charge
T002989,2026-08-02,U0129,U0157,6090-Equipment,294.96,Equipment charge
T002990,2026-06-01,U0329,U0376,6040-IT Software,996.78,IT Software charge
T002991,2025-11-30,U0051,,6030-Professional Fees,399.59,Professional Fees charge
T002992,2026-03-10,U0048,,6050-Facilities,703.78,Facilities charge
T002993,2026-08-31,U0067,,6060-Marketing,139.43,Marketing charge
T002994,2026-04-02,U0314,,6090-Equipment,541.17,Equipment charge
T002995,2025-10-24,U0009,,6100-Freight & Shipping,18.35,Freight & Shipping charge
T002996,2026-06-03,U0320,,6010-Office Supplies,401.18,Office Supplies charge
T002997,2026-08-11,U0078,,6010-Office Supplies,81.98,Office Supplies charge
T002998,2026-05-16,U0327,,6080-Consulting,1856.77,Consulting charge
T002999,2026-02-08,U0140,,6090-Equipment,1158.81,Equipment charge
T003000,2026-07-24,U0222,,6070-Utilities,823.31,Utilities charge
T003001,2025-10-31,U0176,U0168,6100-Freight & Shipping,2625.71,Freight & Shipping charge
T003002,2025-12-02,U0386,,6020-Travel & Entertainment,173.5,Travel & Entertainment charge
T003003,2025-11-14,U0252,U0173,6030-Professional Fees,3368.08,Professional Fees charge
T003004,2025-09-24,U0041,U0127,6050-Facilities,1373.9,Facilities charge
T003005,2026-01-23,U0067,,6080-Consulting,379.85,Consulting charge
T003006,2026-08-25,U0326,,6020-Travel & Entertainment,1718.46,Travel & Entertainment charge
T003007,2025-11-18,U0258,,6070-Utilities,145.92,Utilities charge
T003008,2026-01-21,U0354,U0095,6100-Freight & Shipping,198.95,Freight & Shipping charge
T003009,2026-08-24,U0297,,6040-IT Software,252.28,IT Software charge
T003010,2025-12-22,U0038,U0100,6070-Utilities,275.37,Utilities charge
T003011,2025-10-02,U0003,U0096,6010-Office Supplies,154.13,Office Supplies charge
T003012,2026-02-20,U0311,U0059,6040-IT Software,1892.0,IT Software charge
T003013,2026-02-12,U0003,U0142,6010-Office Supplies,370.65,Office Supplies charge
T003014,2025-12-30,U0306,,6090-Equipment,726.15,Equipment charge
T003015,2026-08-19,U0319,,6030-Professional Fees,263.12,Professional Fees charge
T003016,2025-11-27,U0356,U0260,6100-Freight & Shipping,66.51,Freight & Shipping charge
T003017,2026-06-01,U0229,,6070-Utilities,663.19,Utilities charge
T003018,2026-01-03,U0252,,6040-IT Software,60.13,IT Software charge
T003019,2026-05-15,U0120,,6100-Freight & Shipping,456.92,Freight & Shipping charge
T003020,2025-12-19,U0119,,6080-Consulting,109.38,Consulting charge
T003021,2026-02-20,U0292,,6020-Travel & Entertainment,4385.26,Travel & Entertainment charge
T003022,2025-11-30,U0233,U0319,6070-Utilities,1342.78,Utilities charge
T003023,2025-10-26,U0173,U0389,6010-Office Supplies,553.54,Office Supplies charge
T003024,2025-11-20,U0292,,6040-IT Software,1978.47,IT Software charge
T003025,2025-10-21,U0090,,6090-Equipment,194.23,Equipment charge
T003026,2026-02-26,U0129,,6030-Professional Fees,895.9,Professional Fees charge
T003027,2026-05-29,U0041,,6080-Consulting,613.88,Consulting charge
T003028,2026-03-27,U0016,U0031,6080-Consulting,658.8,Consulting charge
T003029,2026-07-20,U0245,U0372,6060-Marketing,1997.37,Marketing charge
T003030,2026-05-26,U0310,,6020-Travel & Entertainment,1102.95,Travel & Entertainment charge
T003031,2025-10-09,U0142,,6100-Freight & Shipping,676.95,Freight & Shipping charge
T003032,2025-10-30,U0236,,6080-Consulting,79.81,Consulting charge
T003033,2026-07-01,U0202,,6070-Utilities,171.39,Utilities charge
T003034,2026-06-05,U0142,,6050-Facilities,430.53,Facilities charge
T003035,2025-09-09,U0394,,6030-Professional Fees,546.05,Professional Fees charge
T003036,2026-06-01,U0231,,6070-Utilities,142.13,Utilities charge
T003037,2026-06-22,U0203,U0174,6020-Travel & Entertainment,6994.25,Travel & Entertainment charge
T003038,2026-05-18,U0356,,6100-Freight & Shipping,2612.42,Freight & Shipping charge
T003039,2026-02-14,U0193,,6040-IT Software,955.59,IT Software charge
T003040,2026-07-23,U0365,,6010-Office Supplies,533.38,Office Supplies charge
T003041,2026-06-24,U0080,U0276,6100-Freight & Shipping,390.17,Freight & Shipping charge
T003042,2026-07-14,U0085,,6070-Utilities,172.93,Utilities charge
T003043,2025-10-03,U0172,,6080-Consulting,536.59,Consulting charge
T003044,2026-06-15,U0017,,6010-Office Supplies,654.28,Office Supplies charge
T003045,2026-08-18,U0174,,6080-Consulting,125.72,Consulting charge
T003046,2026-06-20,U0359,U0294,6050-Facilities,711.66,Facilities charge
T003047,2026-07-09,U0114,U0268,6090-Equipment,415.39,Equipment charge
T003048,2026-01-26,U0139,,6080-Consulting,60.43,Consulting charge
T003049,2026-03-24,U0120,,6100-Freight & Shipping,191.25,Freight & Shipping charge
T003050,2026-01-28,U0218,U0178,6100-Freight & Shipping,312.63,Freight & Shipping charge
T003051,2026-07-07,U0010,,6030-Professional Fees,3930.24,Professional Fees charge
T003052,2025-09-06,U0226,U0024,6060-Marketing,908.88,Marketing charge
T003053,2026-03-24,U0096,U0232,6030-Professional Fees,113.41,Professional Fees charge
T003054,2026-06-11,U0165,U0315,6100-Freight & Shipping,841.04,Freight & Shipping charge
T003055,2026-01-17,U0105,,6090-Equipment,89.83,Equipment charge
T003056,2025-12-23,U0063,,6010-Office Supplies,1621.26,Office Supplies charge
T003057,2025-12-07,U0320,,6010-Office Supplies,293.47,Office Supplies charge
T003058,2026-06-10,U0311,,6040-IT Software,444.52,IT Software charge
T003059,2025-10-25,U0150,,6090-Equipment,2118.32,Equipment charge
T003060,2025-09-08,U0136,,6030-Professional Fees,119.6,Professional Fees charge
T003061,2026-03-19,U0146,,6010-Office Supplies,4999.0,Office Supplies charge
T003062,2026-07-03,U0342,U0205,6060-Marketing,105.97,Marketing charge
T003063,2026-01-28,U0222,,6020-Travel & Entertainment,259.31,Travel & Entertainment charge
T003064,2026-04-13,U0113,,6090-Equipment,1544.13,Equipment charge
T003065,2026-04-10,U0167,,6080-Consulting,92.64,Consulting charge
T003066,2025-09-10,U0277,U0377,6020-Travel & Entertainment,21.86,Travel & Entertainment charge
T003067,2025-09-16,U0025,U0215,6020-Travel & Entertainment,299.98,Travel & Entertainment charge
T003068,2025-09-25,U0072,U0146,6040-IT Software,904.08,IT Software charge
T003069,2026-07-05,U0077,,6100-Freight & Shipping,1845.1,Freight & Shipping charge
T003070,2026-08-07,U0157,,6060-Marketing,296.05,Marketing charge
T003071,2026-03-11,U0232,U0084,6030-Professional Fees,313.38,Professional Fees charge
T003072,2025-10-30,U0074,,6060-Marketing,1753.36,Marketing charge
T003073,2026-05-03,U0252,,6030-Professional Fees,63.01,Professional Fees charge
T003074,2025-12-04,U0105,U0136,6030-Professional Fees,321.38,Professional Fees charge
T003075,2026-07-23,U0125,U0289,6050-Facilities,607.57,Facilities charge
T003076,2026-05-04,U0174,U0185,6070-Utilities,807.66,Utilities charge
T003077,2026-07-03,U0214,,6040-IT Software,281.24,IT Software charge
T003078,2025-12-28,U0059,U0050,6090-Equipment,511.78,Equipment charge
T003079,2026-01-26,U0081,U0099,6060-Marketing,31.91,Marketing charge
T003080,2025-09-29,U0345,,6010-Office Supplies,238.87,Office Supplies charge
T003081,2025-12-04,U0386,U0273,6020-Travel & Entertainment,811.48,Travel & Entertainment charge
T003082,2026-07-25,U0136,,6030-Professional Fees,167.25,Professional Fees charge
T003083,2026-04-06,U0093,,6050-Facilities,525.78,Facilities charge
T003084,2026-07-14,U0142,,6060-Marketing,805.58,Marketing charge
T003085,2026-06-11,U0181,,6060-Marketing,338.05,Marketing charge
T003086,2025-11-27,U0173,,6060-Marketing,594.37,Marketing charge
T003087,2026-03-27,U0061,,6020-Travel & Entertainment,170.89,Travel & Entertainment charge
T003088,2026-07-12,U0211,U0035,6020-Travel & Entertainment,392.57,Travel & Entertainment charge
T003089,2026-07-24,U0305,,6010-Office Supplies,964.14,Office Supplies charge
T003090,2026-04-18,U0148,,6080-Consulting,585.62,Consulting charge
T003091,2026-07-24,U0210,U0255,6040-IT Software,258.48,IT Software charge
T003092,2026-01-30,U0305,,6020-Travel & Entertainment,630.58,Travel & Entertainment charge
T003093,2026-03-02,U0070,,6100-Freight & Shipping,1081.46,Freight & Shipping charge
T003094,2026-04-24,U0328,,6040-IT Software,51.68,IT Software charge
T003095,2025-12-14,U0349,,6010-Office Supplies,1763.37,Office Supplies charge
T003096,2025-09-16,U0308,,6040-IT Software,340.4,IT Software charge
T003097,2025-10-13,U0243,U0377,6020-Travel & Entertainment,786.85,Travel & Entertainment charge
T003098,2026-07-05,U0300,U0274,6030-Professional Fees,1838.99,Professional Fees charge
T003099,2026-06-01,U0293,,6030-Professional Fees,108.98,Professional Fees charge
T003100,2025-11-29,U0202,U0163,6080-Consulting,225.79,Consulting charge
T003101,2026-04-11,U0320,U0106,6030-Professional Fees,358.74,Professional Fees charge
T003102,2026-04-16,U0072,,6050-Facilities,208.07,Facilities charge
T003103,2026-02-15,U0123,,6040-IT Software,3322.36,IT Software charge
T003104,2025-09-26,U0296,,6020-Travel & Entertainment,192.01,Travel & Entertainment charge
T003105,2026-04-06,U0204,U0220,6080-Consulting,267.44,Consulting charge
T003106,2025-10-15,U0287,,6080-Consulting,616.97,Consulting charge
T003107,2026-07-01,U0096,U0176,6070-Utilities,131.32,Utilities charge
T003108,2025-12-17,U0129,,6070-Utilities,318.86,Utilities charge
T003109,2026-03-12,U0147,,6070-Utilities,698.68,Utilities charge
T003110,2026-07-10,U0035,,6100-Freight & Shipping,341.67,Freight & Shipping charge
T003111,2025-10-28,U0026,,6010-Office Supplies,444.64,Office Supplies charge
T003112,2025-10-19,U0100,,6100-Freight & Shipping,4999.0,Freight & Shipping charge
T003113,2026-07-02,U0311,U0164,6070-Utilities,275.27,Utilities charge
T003114,2026-07-31,U0100,,6050-Facilities,93.14,Facilities charge
T003115,2026-05-23,U0297,,6050-Facilities,701.87,Facilities charge
T003116,2026-07-12,U0392,,6080-Consulting,3396.25,Consulting charge
T003117,2026-03-09,U0323,,6080-Consulting,502.82,Consulting charge
T003118,2026-05-25,U0200,,6030-Professional Fees,631.31,Professional Fees charge
T003119,2025-09-27,U0342,,6030-Professional Fees,1055.74,Professional Fees charge
T003120,2026-04-25,U0336,,6090-Equipment,121.97,Equipment charge
T003121,2025-10-08,U0368,,6030-Professional Fees,3205.96,Professional Fees charge
T003122,2026-07-09,U0374,,6080-Consulting,615.58,Consulting charge
T003123,2026-06-25,U0186,,6090-Equipment,2966.22,Equipment charge
T003124,2025-10-21,U0186,U0288,6050-Facilities,220.01,Facilities charge
T003125,2026-05-26,U0094,U0108,6070-Utilities,3640.47,Utilities charge
T003126,2026-07-24,U0126,,6010-Office Supplies,1155.94,Office Supplies charge
T003127,2026-06-02,U0251,,6020-Travel & Entertainment,905.37,Travel & Entertainment charge
T003128,2026-05-10,U0353,,6090-Equipment,637.42,Equipment charge
T003129,2026-06-23,U0190,U0361,6010-Office Supplies,374.88,Office Supplies charge
T003130,2026-06-21,U0385,,6030-Professional Fees,1845.65,Professional Fees charge
T003131,2025-09-25,U0332,,6060-Marketing,575.01,Marketing charge
T003132,2026-04-05,U0246,,6100-Freight & Shipping,56.61,Freight & Shipping charge
T003133,2025-10-16,U0215,,6060-Marketing,144.18,Marketing charge
T003134,2026-04-26,U0016,,6010-Office Supplies,401.65,Office Supplies charge
T003135,2025-11-04,U0114,,6070-Utilities,692.98,Utilities charge
T003136,2026-06-22,U0072,U0144,6040-IT Software,463.01,IT Software charge
T003137,2025-11-04,U0307,,6100-Freight & Shipping,1883.46,Freight & Shipping charge
T003138,2026-02-09,U0377,,6060-Marketing,57.62,Marketing charge
T003139,2026-06-21,U0029,,6010-Office Supplies,577.06,Office Supplies charge
T003140,2025-10-22,U0308,U0185,6090-Equipment,66.7,Equipment charge
T003141,2025-11-09,U0040,,6050-Facilities,1136.47,Facilities charge
T003142,2025-10-06,U0232,,6060-Marketing,444.12,Marketing charge
T003143,2026-05-13,U0306,,6040-IT Software,781.78,IT Software charge
T003144,2025-10-11,U0255,,6040-IT Software,190.51,IT Software charge
T003145,2026-03-25,U0347,,6100-Freight & Shipping,2013.06,Freight & Shipping charge
T003146,2025-10-01,U0359,,6010-Office Supplies,1549.82,Office Supplies charge
T003147,2025-10-17,U0249,U0390,6060-Marketing,936.27,Marketing charge
T003148,2025-10-15,U0142,,6060-Marketing,427.32,Marketing charge
T003149,2026-06-27,U0137,,6080-Consulting,932.48,Consulting charge
T003150,2025-10-22,U0069,,6070-Utilities,226.43,Utilities charge
T003151,2026-07-12,U0396,,6010-Office Supplies,1262.83,Office Supplies charge
T003152,2026-04-30,U0137,U0094,6080-Consulting,3024.28,Consulting charge
T003153,2026-07-02,U0314,,6070-Utilities,1599.86,Utilities charge
T003154,2025-09-03,U0236,U0301,6060-Marketing,220.84,Marketing charge
T003155,2026-03-13,U0051,,6050-Facilities,733.3,Facilities charge
T003156,2026-03-31,U0398,U0267,6020-Travel & Entertainment,118.81,Travel & Entertainment charge
T003157,2026-07-22,U0182,,6040-IT Software,924.85,IT Software charge
T003158,2026-02-01,U0371,U0215,6070-Utilities,808.89,Utilities charge
T003159,2025-09-20,U0073,,6040-IT Software,63.0,IT Software charge
T003160,2025-12-20,U0100,U0295,6040-IT Software,5000.0,IT Software charge
T003161,2026-01-13,U0062,,6050-Facilities,137.28,Facilities charge
T003162,2026-06-24,U0305,,6040-IT Software,360.88,IT Software charge
T003163,2026-06-22,U0017,U0287,6070-Utilities,353.91,Utilities charge
T003164,2026-01-12,U0232,,6100-Freight & Shipping,130.27,Freight & Shipping charge
T003165,2026-06-19,U0003,,6030-Professional Fees,755.88,Professional Fees charge
T003166,2026-07-12,U0159,U0181,6090-Equipment,649.77,Equipment charge
T003167,2025-10-28,U0201,,6040-IT Software,397.94,IT Software charge
T003168,2026-04-21,U0310,U0152,6030-Professional Fees,214.57,Professional Fees charge
T003169,2025-09-11,U0115,,6070-Utilities,1561.77,Utilities charge
T003170,2025-10-25,U0071,,6070-Utilities,3044.06,Utilities charge
T003171,2025-12-13,U0025,,6050-Facilities,289.48,Facilities charge
T003172,2025-10-04,U0301,,6090-Equipment,251.29,Equipment charge
T003173,2026-07-31,U0256,U0134,6060-Marketing,845.84,Marketing charge
T003174,2026-03-27,U0124,,6050-Facilities,332.34,Facilities charge
T003175,2025-10-19,U0144,,6040-IT Software,422.7,IT Software charge
T003176,2025-10-28,U0362,,6060-Marketing,1111.67,Marketing charge
T003177,2025-09-12,U0242,,6030-Professional Fees,60.32,Professional Fees charge
T003178,2026-01-14,U0200,,6030-Professional Fees,2100.92,Professional Fees charge
T003179,2026-08-02,U0043,U0053,6030-Professional Fees,533.76,Professional Fees charge
T003180,2025-09-18,U0353,U0153,6060-Marketing,313.36,Marketing charge
T003181,2025-10-04,U0160,,6010-Office Supplies,446.68,Office Supplies charge
T003182,2026-08-27,U0341,U0154,6050-Facilities,472.8,Facilities charge
T003183,2026-01-01,U0214,U0280,6090-Equipment,73.38,Equipment charge
T003184,2026-02-06,U0356,,6020-Travel & Entertainment,2551.49,Travel & Entertainment charge
T003185,2026-01-20,U0085,U0322,6090-Equipment,515.67,Equipment charge
T003186,2025-11-17,U0275,,6070-Utilities,802.16,Utilities charge
T003187,2026-03-28,U0331,,6040-IT Software,1403.47,IT Software charge
T003188,2026-01-31,U0286,U0379,6030-Professional Fees,160.25,Professional Fees charge
T003189,2025-12-19,U0393,U0362,6030-Professional Fees,829.5,Professional Fees charge
T003190,2025-09-19,U0035,,6040-IT Software,367.09,IT Software charge
T003191,2026-08-19,U0060,,6070-Utilities,1250.69,Utilities charge
T003192,2026-06-07,U0088,,6070-Utilities,47.47,Utilities charge
T003193,2025-11-17,U0037,,6010-Office Supplies,441.86,Office Supplies charge
T003194,2026-03-20,U0136,U0207,6070-Utilities,253.89,Utilities charge
T003195,2026-03-29,U0115,U0270,6090-Equipment,792.74,Equipment charge
T003196,2026-07-07,U0275,U0139,6060-Marketing,826.37,Marketing charge
T003197,2026-02-18,U0080,U0268,6100-Freight & Shipping,226.24,Freight & Shipping charge
T003198,2026-07-13,U0125,,6080-Consulting,225.11,Consulting charge
T003199,2026-08-02,U0025,U0120,6080-Consulting,436.27,Consulting charge
T003200,2026-03-14,U0311,,6100-Freight & Shipping,183.77,Freight & Shipping charge
T003201,2026-08-02,U0047,U0018,6070-Utilities,1244.12,Utilities charge
T003202,2026-02-09,U0145,,6050-Facilities,328.28,Facilities charge
T003203,2025-10-27,U0286,,6100-Freight & Shipping,20.13,Freight & Shipping charge
T003204,2026-05-01,U0044,,6010-Office Supplies,326.26,Office Supplies charge
T003205,2025-09-28,U0235,,6030-Professional Fees,157.21,Professional Fees charge
T003206,2025-11-07,U0167,U0231,6030-Professional Fees,81.91,Professional Fees charge
T003207,2025-11-13,U0013,,6060-Marketing,126.32,Marketing charge
T003208,2025-10-13,U0154,,6030-Professional Fees,555.77,Professional Fees charge
T003209,2025-09-09,U0389,,6100-Freight & Shipping,2124.95,Freight & Shipping charge
T003210,2026-05-01,U0258,U0395,6030-Professional Fees,695.41,Professional Fees charge
T003211,2026-04-04,U0107,U0076,6060-Marketing,252.86,Marketing charge
T003212,2026-03-29,U0272,,6020-Travel & Entertainment,813.62,Travel & Entertainment charge
T003213,2026-06-13,U0170,,6010-Office Supplies,297.38,Office Supplies charge
T003214,2026-02-24,U0154,,6060-Marketing,229.51,Marketing charge
T003215,2025-09-19,U0219,,6030-Professional Fees,138.41,Professional Fees charge
T003216,2026-02-11,U0066,,6090-Equipment,71.74,Equipment charge
T003217,2026-04-09,U0100,,6090-Equipment,320.89,Equipment charge
T003218,2026-07-08,U0163,U0321,6090-Equipment,586.32,Equipment charge
T003219,2026-05-22,U0248,,6070-Utilities,443.06,Utilities charge
T003220,2025-09-05,U0039,,6090-Equipment,311.82,Equipment charge
T003221,2025-09-13,U0148,,6090-Equipment,174.11,Equipment charge
T003222,2026-06-13,U0385,U0024,6020-Travel & Entertainment,962.05,Travel & Entertainment charge
T003223,2026-01-28,U0284,U0252,6100-Freight & Shipping,115.72,Freight & Shipping charge
T003224,2025-09-23,U0170,,6010-Office Supplies,1157.05,Office Supplies charge
T003225,2025-12-13,U0305,,6070-Utilities,163.62,Utilities charge
T003226,2025-12-11,U0075,U0154,6060-Marketing,215.36,Marketing charge
T003227,2026-04-12,U0295,,6050-Facilities,98.15,Facilities charge
T003228,2025-11-20,U0292,,6020-Travel & Entertainment,283.85,Travel & Entertainment charge
T003229,2026-02-11,U0237,U0009,6050-Facilities,1440.64,Facilities charge
T003230,2025-10-04,U0099,,6030-Professional Fees,868.87,Professional Fees charge
T003231,2025-11-15,U0400,,6010-Office Supplies,1445.58,Office Supplies charge
T003232,2025-12-21,U0121,U0300,6010-Office Supplies,875.12,Office Supplies charge
T003233,2026-01-06,U0216,,6050-Facilities,146.34,Facilities charge
T003234,2026-01-01,U0262,U0299,6100-Freight & Shipping,342.45,Freight & Shipping charge
T003235,2026-06-20,U0300,U0070,6100-Freight & Shipping,208.88,Freight & Shipping charge
T003236,2025-09-02,U0234,,6010-Office Supplies,2129.48,Office Supplies charge
T003237,2026-03-16,U0056,,6100-Freight & Shipping,132.1,Freight & Shipping charge
T003238,2025-11-11,U0135,,6080-Consulting,1316.94,Consulting charge
T003239,2026-08-11,U0335,,6090-Equipment,1315.86,Equipment charge
T003240,2026-07-14,U0266,,6010-Office Supplies,3687.05,Office Supplies charge
T003241,2026-02-01,U0190,,6090-Equipment,313.98,Equipment charge
T003242,2026-04-06,U0316,,6080-Consulting,1078.75,Consulting charge
T003243,2025-09-26,U0028,U0341,6010-Office Supplies,6062.13,Office Supplies charge
T003244,2026-01-20,U0297,U0059,6040-IT Software,249.78,IT Software charge
T003245,2026-04-17,U0140,,6020-Travel & Entertainment,91.05,Travel & Entertainment charge
T003246,2026-02-10,U0052,,6020-Travel & Entertainment,62.3,Travel & Entertainment charge
T003247,2026-08-22,U0212,U0331,6050-Facilities,1079.21,Facilities charge
T003248,2025-11-16,U0175,U0390,6010-Office Supplies,62.09,Office Supplies charge
T003249,2025-10-06,U0011,,6060-Marketing,327.16,Marketing charge
T003250,2026-03-31,U0159,,6070-Utilities,797.15,Utilities charge
T003251,2026-07-08,U0331,,6100-Freight & Shipping,604.07,Freight & Shipping charge
T003252,2026-03-27,U0155,,6070-Utilities,786.81,Utilities charge
T003253,2025-09-30,U0058,,6090-Equipment,629.24,Equipment charge
T003254,2025-11-11,U0014,,6090-Equipment,2011.73,Equipment charge
T003255,2025-11-10,U0089,,6040-IT Software,172.85,IT Software charge
T003256,2025-09-01,U0164,,6030-Professional Fees,234.0,Professional Fees charge
T003257,2026-05-30,U0025,U0151,6060-Marketing,210.62,Marketing charge
T003258,2025-11-09,U0183,,6080-Consulting,1228.08,Consulting charge
T003259,2025-12-08,U0372,,6070-Utilities,1326.68,Utilities charge
T003260,2026-07-18,U0039,,6080-Consulting,4950.0,Consulting charge
T003261,2026-06-10,U0082,U0243,6060-Marketing,809.44,Marketing charge
T003262,2026-07-19,U0044,,6030-Professional Fees,1811.38,Professional Fees charge
T003263,2026-06-17,U0198,,6010-Office Supplies,134.85,Office Supplies charge
T003264,2025-10-29,U0229,,6010-Office Supplies,3083.89,Office Supplies charge
T003265,2025-09-29,U0127,U0052,6050-Facilities,2632.17,Facilities charge
T003266,2026-06-15,U0075,,6040-IT Software,1106.75,IT Software charge
T003267,2025-10-16,U0023,,6030-Professional Fees,3498.11,Professional Fees charge
T003268,2026-07-19,U0326,U0023,6070-Utilities,79.66,Utilities charge
T003269,2026-01-14,U0384,U0248,6090-Equipment,276.75,Equipment charge
T003270,2026-02-14,U0251,,6040-IT Software,219.46,IT Software charge
T003271,2026-02-07,U0148,,6070-Utilities,1089.67,Utilities charge
T003272,2026-08-02,U0173,,6030-Professional Fees,155.22,Professional Fees charge
T003273,2025-12-22,U0242,,6050-Facilities,1133.7,Facilities charge
T003274,2026-07-16,U0064,U0289,6020-Travel & Entertainment,2225.17,Travel & Entertainment charge
T003275,2025-12-14,U0364,U0135,6050-Facilities,1058.62,Facilities charge
T003276,2026-06-13,U0201,,6070-Utilities,673.26,Utilities charge
T003277,2025-11-26,U0308,,6030-Professional Fees,166.22,Professional Fees charge
T003278,2025-11-04,U0396,U0261,6080-Consulting,194.12,Consulting charge
T003279,2026-05-19,U0003,,6070-Utilities,1948.04,Utilities charge
T003280,2026-02-27,U0222,,6070-Utilities,1161.29,Utilities charge
T003281,2025-10-10,U0158,,6100-Freight & Shipping,472.05,Freight & Shipping charge
T003282,2026-06-07,U0236,,6080-Consulting,311.16,Consulting charge
T003283,2026-01-29,U0363,U0094,6080-Consulting,53.07,Consulting charge
T003284,2025-10-01,U0333,U0065,6040-IT Software,151.72,IT Software charge
T003285,2026-02-03,U0295,,6090-Equipment,4034.19,Equipment charge
T003286,2025-11-04,U0086,U0123,6040-IT Software,120.48,IT Software charge
T003287,2025-09-28,U0174,,6050-Facilities,606.94,Facilities charge
T003288,2026-06-08,U0217,U0190,6030-Professional Fees,1492.47,Professional Fees charge
T003289,2026-04-10,U0372,,6050-Facilities,123.91,Facilities charge
T003290,2026-03-02,U0096,U0232,6050-Facilities,603.76,Facilities charge
T003291,2026-08-20,U0386,,6050-Facilities,1382.58,Facilities charge
T003292,2025-11-03,U0054,,6020-Travel & Entertainment,499.57,Travel & Entertainment charge
T003293,2026-06-07,U0115,U0144,6090-Equipment,11559.27,Equipment charge
T003294,2026-08-09,U0003,U0396,6070-Utilities,78.61,Utilities charge
T003295,2026-01-26,U0338,,6090-Equipment,1579.09,Equipment charge
T003296,2025-10-04,U0105,,6090-Equipment,407.45,Equipment charge
T003297,2026-06-02,U0242,,6010-Office Supplies,1151.84,Office Supplies charge
T003298,2026-02-25,U0015,,6020-Travel & Entertainment,800.66,Travel & Entertainment charge
T003299,2025-10-17,U0107,,6030-Professional Fees,219.98,Professional Fees charge
T003300,2026-08-03,U0115,,6050-Facilities,633.9,Facilities charge
T003301,2025-09-16,U0142,U0354,6020-Travel & Entertainment,63.84,Travel & Entertainment charge
T003302,2026-04-06,U0305,U0084,6010-Office Supplies,956.78,Office Supplies charge
T003303,2026-07-26,U0061,,6090-Equipment,684.01,Equipment charge
T003304,2025-11-23,U0118,U0345,6010-Office Supplies,994.78,Office Supplies charge
T003305,2026-06-09,U0258,,6100-Freight & Shipping,1578.03,Freight & Shipping charge
T003306,2025-10-12,U0033,U0011,6020-Travel & Entertainment,738.32,Travel & Entertainment charge
T003307,2026-01-31,U0122,U0288,6080-Consulting,579.92,Consulting charge
T003308,2026-06-29,U0060,,6080-Consulting,186.95,Consulting charge
T003309,2025-10-24,U0031,U0204,6070-Utilities,225.1,Utilities charge
T003310,2026-07-13,U0399,U0335,6010-Office Supplies,1817.85,Office Supplies charge
T003311,2026-01-24,U0379,,6080-Consulting,2392.2,Consulting charge
T003312,2025-09-05,U0208,,6020-Travel & Entertainment,379.21,Travel & Entertainment charge
T003313,2025-12-24,U0192,,6060-Marketing,518.33,Marketing charge
T003314,2026-04-30,U0017,,6030-Professional Fees,182.17,Professional Fees charge
T003315,2026-05-26,U0257,,6010-Office Supplies,1790.11,Office Supplies charge
T003316,2025-09-29,U0347,,6040-IT Software,1024.5,IT Software charge
T003317,2026-04-07,U0064,,6010-Office Supplies,4168.62,Office Supplies charge
T003318,2026-04-29,U0356,U0345,6030-Professional Fees,187.51,Professional Fees charge
T003319,2026-07-22,U0340,,6070-Utilities,325.12,Utilities charge
T003320,2026-06-02,U0071,,6040-IT Software,635.61,IT Software charge
T003321,2026-04-18,U0028,U0008,6070-Utilities,1003.39,Utilities charge
T003322,2026-04-27,U0359,,6090-Equipment,4999.0,Equipment charge
T003323,2025-11-26,U0013,U0081,6050-Facilities,388.68,Facilities charge
T003324,2026-03-22,U0124,,6030-Professional Fees,188.62,Professional Fees charge
T003325,2026-06-27,U0225,,6010-Office Supplies,1299.26,Office Supplies charge
T003326,2026-03-15,U0391,,6090-Equipment,1089.25,Equipment charge
T003327,2026-08-08,U0229,,6080-Consulting,179.85,Consulting charge
T003328,2026-08-16,U0398,,6060-Marketing,2188.53,Marketing charge
T003329,2026-01-04,U0070,,6100-Freight & Shipping,1785.08,Freight & Shipping charge
T003330,2026-08-23,U0208,U0069,6030-Professional Fees,571.19,Professional Fees charge
T003331,2026-01-31,U0235,U0009,6030-Professional Fees,537.84,Professional Fees charge
T003332,2025-12-11,U0126,,6060-Marketing,906.38,Marketing charge
T003333,2026-05-26,U0381,U0123,6050-Facilities,190.97,Facilities charge
T003334,2026-07-15,U0067,,6090-Equipment,509.3,Equipment charge
T003335,2026-06-05,U0164,U0010,6050-Facilities,46.17,Facilities charge
T003336,2025-10-25,U0171,,6070-Utilities,1292.2,Utilities charge
T003337,2026-02-09,U0013,U0046,6040-IT Software,88.44,IT Software charge
T003338,2026-05-02,U0217,,6060-Marketing,2575.4,Marketing charge
T003339,2026-08-24,U0222,,6050-Facilities,342.7,Facilities charge
T003340,2026-08-08,U0133,U0318,6100-Freight & Shipping,390.4,Freight & Shipping charge
T003341,2025-10-18,U0055,,6010-Office Supplies,247.03,Office Supplies charge
T003342,2026-05-14,U0158,,6070-Utilities,358.94,Utilities charge
T003343,2026-05-17,U0284,,6100-Freight & Shipping,2345.81,Freight & Shipping charge
T003344,2026-02-11,U0072,,6080-Consulting,31.93,Consulting charge
T003345,2025-11-10,U0066,,6090-Equipment,2007.53,Equipment charge
T003346,2026-02-16,U0285,,6020-Travel & Entertainment,714.67,Travel & Entertainment charge
T003347,2026-05-13,U0324,,6090-Equipment,130.62,Equipment charge
T003348,2026-03-12,U0091,,6010-Office Supplies,150.98,Office Supplies charge
T003349,2025-11-22,U0267,U0168,6040-IT Software,3115.15,IT Software charge
T003350,2026-04-11,U0166,,6060-Marketing,174.15,Marketing charge
T003351,2026-04-28,U0267,U0062,6030-Professional Fees,138.56,Professional Fees charge
T003352,2026-04-24,U0020,,6040-IT Software,1721.66,IT Software charge
T003353,2026-03-05,U0072,,6070-Utilities,715.09,Utilities charge
T003354,2026-05-31,U0278,,6040-IT Software,175.61,IT Software charge
T003355,2025-10-21,U0125,,6080-Consulting,625.33,Consulting charge
T003356,2025-09-09,U0306,U0046,6030-Professional Fees,159.44,Professional Fees charge
T003357,2026-05-16,U0171,,6060-Marketing,1653.92,Marketing charge
T003358,2025-09-26,U0220,,6030-Professional Fees,1583.68,Professional Fees charge
T003359,2026-08-17,U0226,U0261,6090-Equipment,884.66,Equipment charge
T003360,2026-06-12,U0109,,6090-Equipment,733.5,Equipment charge
T003361,2026-04-02,U0259,U0384,6070-Utilities,3419.7,Utilities charge
T003362,2026-08-16,U0217,,6040-IT Software,492.58,IT Software charge
T003363,2026-02-21,U0120,,6040-IT Software,134.28,IT Software charge
T003364,2026-05-02,U0232,,6070-Utilities,807.89,Utilities charge
T003365,2025-12-21,U0074,,6090-Equipment,4888.55,Equipment charge
T003366,2026-07-08,U0275,,6010-Office Supplies,161.38,Office Supplies charge
T003367,2026-01-13,U0023,,6090-Equipment,331.09,Equipment charge
T003368,2026-06-30,U0226,,6040-IT Software,779.06,IT Software charge
T003369,2025-12-13,U0146,,6050-Facilities,4995.0,Facilities charge
T003370,2026-07-03,U0185,U0009,6080-Consulting,464.38,Consulting charge
T003371,2025-12-08,U0177,U0275,6060-Marketing,167.25,Marketing charge
T003372,2026-07-02,U0289,,6080-Consulting,1692.64,Consulting charge
T003373,2025-11-21,U0146,U0021,6070-Utilities,6323.61,Utilities charge
T003374,2026-05-28,U0138,U0122,6050-Facilities,611.4,Facilities charge
T003375,2025-11-06,U0233,U0104,6080-Consulting,182.28,Consulting charge
T003376,2026-07-27,U0103,U0047,6030-Professional Fees,89.67,Professional Fees charge
T003377,2026-03-09,U0268,U0285,6080-Consulting,654.44,Consulting charge
T003378,2026-04-05,U0064,U0359,6030-Professional Fees,1659.49,Professional Fees charge
T003379,2026-03-10,U0314,,6020-Travel & Entertainment,831.05,Travel & Entertainment charge
T003380,2026-06-23,U0233,,6090-Equipment,491.45,Equipment charge
T003381,2025-09-16,U0117,,6100-Freight & Shipping,4995.0,Freight & Shipping charge
T003382,2026-06-09,U0327,,6010-Office Supplies,257.7,Office Supplies charge
T003383,2025-12-04,U0152,,6070-Utilities,148.21,Utilities charge
T003384,2026-04-05,U0040,U0269,6090-Equipment,1234.26,Equipment charge
T003385,2025-12-20,U0015,U0029,6020-Travel & Entertainment,1346.34,Travel & Entertainment charge
T003386,2026-08-17,U0193,U0116,6010-Office Supplies,89.99,Office Supplies charge
T003387,2025-12-04,U0121,U0161,6070-Utilities,2832.24,Utilities charge
T003388,2026-06-23,U0216,,6040-IT Software,926.56,IT Software charge
T003389,2025-11-21,U0255,,6100-Freight & Shipping,2297.45,Freight & Shipping charge
T003390,2026-06-12,U0138,,6010-Office Supplies,112.58,Office Supplies charge
T003391,2026-03-23,U0024,U0202,6060-Marketing,109.68,Marketing charge
T003392,2026-07-11,U0356,,6090-Equipment,418.27,Equipment charge
T003393,2026-07-07,U0127,,6040-IT Software,856.68,IT Software charge
T003394,2025-12-02,U0285,U0331,6090-Equipment,3554.6,Equipment charge
T003395,2026-03-18,U0070,U0325,6040-IT Software,1071.36,IT Software charge
T003396,2025-10-01,U0248,,6030-Professional Fees,377.3,Professional Fees charge
T003397,2026-03-22,U0261,,6060-Marketing,159.33,Marketing charge
T003398,2026-06-11,U0098,U0284,6050-Facilities,1906.45,Facilities charge
T003399,2026-07-17,U0151,,6100-Freight & Shipping,170.52,Freight & Shipping charge
T003400,2026-05-17,U0001,,6090-Equipment,2955.18,Equipment charge
T003401,2026-05-12,U0242,,6060-Marketing,360.39,Marketing charge
T003402,2025-11-26,U0017,,6010-Office Supplies,2834.56,Office Supplies charge
T003403,2026-06-17,U0062,U0048,6030-Professional Fees,1039.84,Professional Fees charge
T003404,2026-02-01,U0214,U0314,6040-IT Software,423.82,IT Software charge
T003405,2025-09-18,U0329,,6100-Freight & Shipping,278.29,Freight & Shipping charge
T003406,2025-12-08,U0200,U0098,6040-IT Software,338.66,IT Software charge
T003407,2026-03-03,U0140,,6020-Travel & Entertainment,789.3,Travel & Entertainment charge
T003408,2026-02-17,U0382,U0359,6060-Marketing,536.4,Marketing charge
T003409,2026-02-20,U0130,,6050-Facilities,256.42,Facilities charge
T003410,2025-12-25,U0025,,6070-Utilities,410.68,Utilities charge
T003411,2026-01-24,U0322,,6040-IT Software,537.23,IT Software charge
T003412,2025-12-08,U0140,U0096,6030-Professional Fees,47.39,Professional Fees charge
T003413,2026-06-16,U0117,,6030-Professional Fees,4900.0,Professional Fees charge
T003414,2025-12-28,U0377,,6020-Travel & Entertainment,815.65,Travel & Entertainment charge
T003415,2026-01-17,U0153,,6020-Travel & Entertainment,167.72,Travel & Entertainment charge
T003416,2026-02-18,U0257,,6100-Freight & Shipping,138.56,Freight & Shipping charge
T003417,2026-07-05,U0354,U0085,6100-Freight & Shipping,77.01,Freight & Shipping charge
T003418,2026-05-13,U0139,,6070-Utilities,68.49,Utilities charge
T003419,2026-06-29,U0175,U0013,6060-Marketing,110.94,Marketing charge
T003420,2025-12-03,U0220,U0056,6100-Freight & Shipping,225.9,Freight & Shipping charge
T003421,2025-12-14,U0325,,6080-Consulting,4224.2,Consulting charge
T003422,2026-06-28,U0060,,6030-Professional Fees,276.31,Professional Fees charge
T003423,2025-10-22,U0132,,6080-Consulting,599.16,Consulting charge
T003424,2026-04-05,U0075,U0295,6050-Facilities,765.5,Facilities charge
T003425,2026-03-24,U0367,,6050-Facilities,569.17,Facilities charge
T003426,2026-08-26,U0084,,6010-Office Supplies,452.51,Office Supplies charge
T003427,2026-05-31,U0117,,6010-Office Supplies,4995.0,Office Supplies charge
T003428,2025-11-10,U0178,U0064,6050-Facilities,132.31,Facilities charge
T003429,2026-03-01,U0041,,6040-IT Software,2430.91,IT Software charge
T003430,2025-10-19,U0179,,6050-Facilities,3597.22,Facilities charge
T003431,2026-06-25,U0061,,6020-Travel & Entertainment,77.41,Travel & Entertainment charge
T003432,2026-05-23,U0033,,6080-Consulting,159.74,Consulting charge
T003433,2025-11-11,U0372,,6050-Facilities,362.2,Facilities charge
T003434,2026-08-21,U0215,U0056,6050-Facilities,170.55,Facilities charge
T003435,2026-06-07,U0289,U0395,6040-IT Software,859.68,IT Software charge
T003436,2026-08-25,U0181,,6090-Equipment,221.16,Equipment charge
T003437,2026-02-02,U0008,U0286,6090-Equipment,5332.43,Equipment charge
T003438,2026-03-15,U0369,U0135,6100-Freight & Shipping,1825.49,Freight & Shipping charge
T003439,2026-06-29,U0100,,6100-Freight & Shipping,622.55,Freight & Shipping charge
T003440,2026-03-03,U0058,U0272,6100-Freight & Shipping,1524.9,Freight & Shipping charge
T003441,2026-08-07,U0313,U0300,6050-Facilities,1663.19,Facilities charge
T003442,2026-07-23,U0188,,6090-Equipment,264.98,Equipment charge
T003443,2026-05-30,U0303,,6040-IT Software,200.77,IT Software charge
T003444,2026-08-25,U0181,,6070-Utilities,536.98,Utilities charge
T003445,2025-11-28,U0234,U0279,6010-Office Supplies,1271.31,Office Supplies charge
T003446,2026-08-04,U0074,,6100-Freight & Shipping,574.19,Freight & Shipping charge
T003447,2026-07-24,U0125,U0338,6060-Marketing,86.95,Marketing charge
T003448,2025-11-26,U0225,U0201,6090-Equipment,203.75,Equipment charge
T003449,2025-10-25,U0009,,6090-Equipment,454.24,Equipment charge
T003450,2026-07-23,U0388,,6070-Utilities,453.4,Utilities charge
T003451,2026-04-17,U0170,U0144,6030-Professional Fees,4314.76,Professional Fees charge
T003452,2026-07-28,U0106,,6010-Office Supplies,107.28,Office Supplies charge
T003453,2026-01-04,U0096,,6050-Facilities,859.33,Facilities charge
T003454,2026-07-02,U0103,,6010-Office Supplies,2535.19,Office Supplies charge
T003455,2026-04-02,U0384,U0028,6070-Utilities,5994.48,Utilities charge
T003456,2026-03-07,U0039,U0277,6070-Utilities,4900.0,Utilities charge
T003457,2026-07-29,U0162,U0047,6010-Office Supplies,315.82,Office Supplies charge
T003458,2025-10-14,U0033,,6100-Freight & Shipping,846.04,Freight & Shipping charge
T003459,2026-06-03,U0117,U0269,6100-Freight & Shipping,922.18,Freight & Shipping charge
T003460,2025-10-15,U0056,,6100-Freight & Shipping,610.96,Freight & Shipping charge
T003461,2026-04-03,U0031,U0281,6010-Office Supplies,441.98,Office Supplies charge
T003462,2025-09-20,U0386,,6060-Marketing,795.98,Marketing charge
T003463,2026-04-03,U0399,,6010-Office Supplies,30.4,Office Supplies charge
T003464,2026-03-20,U0076,,6050-Facilities,1043.44,Facilities charge
T003465,2025-09-06,U0203,U0101,6010-Office Supplies,566.11,Office Supplies charge
T003466,2026-01-17,U0117,,6070-Utilities,385.78,Utilities charge
T003467,2025-11-15,U0386,U0116,6040-IT Software,4682.32,IT Software charge
T003468,2025-10-29,U0237,,6010-Office Supplies,234.53,Office Supplies charge
T003469,2026-01-23,U0148,U0117,6020-Travel & Entertainment,316.28,Travel & Entertainment charge
T003470,2026-03-19,U0060,,6060-Marketing,4405.94,Marketing charge
T003471,2025-12-10,U0069,,6080-Consulting,197.3,Consulting charge
T003472,2026-05-26,U0222,,6060-Marketing,269.04,Marketing charge
T003473,2026-04-05,U0024,,6040-IT Software,419.17,IT Software charge
T003474,2026-07-17,U0106,,6010-Office Supplies,1242.41,Office Supplies charge
T003475,2026-05-01,U0044,U0318,6060-Marketing,619.3,Marketing charge
T003476,2025-09-11,U0255,,6020-Travel & Entertainment,118.88,Travel & Entertainment charge
T003477,2026-06-17,U0356,,6040-IT Software,274.41,IT Software charge
T003478,2025-11-26,U0029,,6050-Facilities,252.63,Facilities charge
T003479,2026-01-15,U0152,U0154,6020-Travel & Entertainment,452.62,Travel & Entertainment charge
T003480,2026-04-08,U0194,,6060-Marketing,787.16,Marketing charge
T003481,2026-06-21,U0223,,6050-Facilities,780.57,Facilities charge
T003482,2025-11-24,U0010,,6060-Marketing,69.85,Marketing charge
T003483,2025-12-25,U0212,U0323,6070-Utilities,1588.17,Utilities charge
T003484,2025-09-22,U0326,U0298,6050-Facilities,650.55,Facilities charge
T003485,2026-08-28,U0251,U0003,6050-Facilities,2259.7,Facilities charge
T003486,2026-02-21,U0344,,6040-IT Software,803.21,IT Software charge
T003487,2026-05-05,U0177,,6050-Facilities,1654.83,Facilities charge
T003488,2025-12-30,U0159,,6060-Marketing,823.2,Marketing charge
T003489,2026-06-25,U0024,U0394,6040-IT Software,2166.46,IT Software charge
T003490,2025-09-26,U0247,,6050-Facilities,875.22,Facilities charge
T003491,2025-10-19,U0237,,6050-Facilities,442.43,Facilities charge
T003492,2026-01-13,U0301,U0216,6050-Facilities,6000.98,Facilities charge
T003493,2026-06-05,U0051,,6080-Consulting,1310.21,Consulting charge
T003494,2026-04-01,U0201,,6050-Facilities,926.23,Facilities charge
T003495,2026-08-14,U0077,,6070-Utilities,121.03,Utilities charge
T003496,2026-03-08,U0043,U0215,6050-Facilities,119.45,Facilities charge
T003497,2026-07-09,U0298,U0261,6100-Freight & Shipping,679.93,Freight & Shipping charge
T003498,2026-08-23,U0275,U0299,6030-Professional Fees,578.29,Professional Fees charge
T003499,2026-02-19,U0174,,6010-Office Supplies,250.75,Office Supplies charge
T003500,2026-03-17,U0323,U0237,6010-Office Supplies,575.41,Office Supplies charge
T003501,2025-09-18,U0248,U0142,6060-Marketing,2828.47,Marketing charge
T003502,2026-01-15,U0257,U0020,6070-Utilities,1058.85,Utilities charge
T003503,2026-05-06,U0227,U0235,6080-Consulting,140.46,Consulting charge
T003504,2026-08-25,U0273,U0107,6020-Travel & Entertainment,435.87,Travel & Entertainment charge
T003505,2026-03-30,U0243,,6080-Consulting,203.27,Consulting charge
T003506,2026-07-12,U0050,,6010-Office Supplies,321.67,Office Supplies charge
T003507,2026-05-18,U0379,,6070-Utilities,312.63,Utilities charge
T003508,2026-08-13,U0186,U0274,6100-Freight & Shipping,291.37,Freight & Shipping charge
T003509,2026-06-21,U0120,,6070-Utilities,123.88,Utilities charge
T003510,2026-08-23,U0099,,6090-Equipment,428.2,Equipment charge
T003511,2026-05-05,U0291,,6070-Utilities,265.96,Utilities charge
T003512,2026-02-13,U0372,,6010-Office Supplies,19.64,Office Supplies charge
T003513,2025-11-10,U0328,,6030-Professional Fees,4713.89,Professional Fees charge
T003514,2026-01-13,U0039,,6090-Equipment,1632.14,Equipment charge
T003515,2026-06-07,U0048,,6070-Utilities,325.73,Utilities charge
T003516,2026-03-20,U0235,U0044,6040-IT Software,503.06,IT Software charge
T003517,2025-11-23,U0232,,6100-Freight & Shipping,135.8,Freight & Shipping charge
T003518,2026-05-01,U0013,,6040-IT Software,3182.1,IT Software charge
T003519,2026-05-19,U0104,,6100-Freight & Shipping,3971.97,Freight & Shipping charge
T003520,2025-11-21,U0309,U0182,6080-Consulting,585.44,Consulting charge
T003521,2025-12-29,U0119,,6080-Consulting,1519.12,Consulting charge
T003522,2026-06-01,U0008,,6070-Utilities,597.54,Utilities charge
T003523,2025-11-27,U0150,U0120,6070-Utilities,113.25,Utilities charge
T003524,2026-06-02,U0341,U0136,6040-IT Software,313.25,IT Software charge
T003525,2026-02-02,U0185,U0206,6100-Freight & Shipping,569.71,Freight & Shipping charge
T003526,2026-07-10,U0325,,6070-Utilities,298.87,Utilities charge
T003527,2025-12-01,U0347,,6020-Travel & Entertainment,387.41,Travel & Entertainment charge
T003528,2025-12-07,U0253,,6010-Office Supplies,445.62,Office Supplies charge
T003529,2025-11-23,U0306,,6050-Facilities,450.8,Facilities charge
T003530,2026-08-04,U0159,,6040-IT Software,521.9,IT Software charge
T003531,2025-10-09,U0396,U0273,6080-Consulting,153.44,Consulting charge
T003532,2025-09-03,U0291,,6070-Utilities,223.92,Utilities charge
T003533,2026-08-06,U0154,,6040-IT Software,119.94,IT Software charge
T003534,2026-05-29,U0377,,6100-Freight & Shipping,1444.61,Freight & Shipping charge
T003535,2025-10-23,U0035,U0336,6070-Utilities,48.61,Utilities charge
T003536,2025-11-12,U0385,U0259,6090-Equipment,1752.76,Equipment charge
T003537,2025-10-29,U0031,,6080-Consulting,2264.22,Consulting charge
T003538,2026-03-31,U0091,,6050-Facilities,353.4,Facilities charge
T003539,2025-09-16,U0119,U0375,6090-Equipment,28.12,Equipment charge
T003540,2026-04-21,U0042,,6030-Professional Fees,331.15,Professional Fees charge
T003541,2026-04-01,U0348,,6090-Equipment,459.16,Equipment charge
T003542,2026-02-01,U0168,,6090-Equipment,162.12,Equipment charge
T003543,2025-09-10,U0387,,6080-Consulting,279.57,Consulting charge
T003544,2026-02-21,U0333,,6100-Freight & Shipping,2652.39,Freight & Shipping charge
T003545,2026-01-20,U0368,,6020-Travel & Entertainment,1023.95,Travel & Entertainment charge
T003546,2026-07-01,U0245,,6020-Travel & Entertainment,178.21,Travel & Entertainment charge
T003547,2025-10-27,U0221,,6030-Professional Fees,85.0,Professional Fees charge
T003548,2025-09-08,U0077,U0014,6090-Equipment,343.88,Equipment charge
T003549,2026-07-17,U0137,,6020-Travel & Entertainment,389.63,Travel & Entertainment charge
T003550,2026-04-04,U0103,,6040-IT Software,850.5,IT Software charge
T003551,2026-01-16,U0160,,6040-IT Software,273.46,IT Software charge
T003552,2026-07-31,U0367,,6030-Professional Fees,864.93,Professional Fees charge
T003553,2026-08-15,U0301,U0010,6080-Consulting,4140.9,Consulting charge
T003554,2026-08-05,U0168,,6030-Professional Fees,1208.4,Professional Fees charge
T003555,2025-12-20,U0215,,6070-Utilities,467.36,Utilities charge
T003556,2025-12-24,U0091,U0319,6080-Consulting,402.84,Consulting charge
T003557,2026-06-19,U0152,,6080-Consulting,332.84,Consulting charge
T003558,2026-01-06,U0039,,6100-Freight & Shipping,1805.7,Freight & Shipping charge
T003559,2025-11-07,U0001,,6050-Facilities,247.14,Facilities charge
T003560,2025-09-22,U0174,,6060-Marketing,517.88,Marketing charge
T003561,2026-01-09,U0246,,6090-Equipment,521.3,Equipment charge
T003562,2026-03-08,U0255,,6050-Facilities,283.73,Facilities charge
T003563,2026-08-26,U0231,,6050-Facilities,108.88,Facilities charge
T003564,2025-11-15,U0315,,6020-Travel & Entertainment,702.94,Travel & Entertainment charge
T003565,2026-05-14,U0261,U0231,6040-IT Software,460.77,IT Software charge
T003566,2025-11-17,U0237,U0027,6040-IT Software,854.28,IT Software charge
T003567,2026-03-26,U0219,,6080-Consulting,273.98,Consulting charge
T003568,2026-03-28,U0305,U0336,6050-Facilities,1887.3,Facilities charge
T003569,2026-06-18,U0175,,6080-Consulting,187.83,Consulting charge
T003570,2025-11-29,U0390,,6030-Professional Fees,3239.73,Professional Fees charge
T003571,2026-07-07,U0109,U0238,6090-Equipment,72.07,Equipment charge
T003572,2026-04-21,U0162,,6030-Professional Fees,2000.0,Professional Fees charge
T003573,2025-11-30,U0235,,6040-IT Software,794.92,IT Software charge
T003574,2026-07-05,U0341,,6030-Professional Fees,831.29,Professional Fees charge
T003575,2026-01-05,U0316,,6040-IT Software,205.39,IT Software charge
T003576,2026-03-24,U0276,,6090-Equipment,785.9,Equipment charge
T003577,2026-07-10,U0260,,6030-Professional Fees,2013.18,Professional Fees charge
T003578,2026-02-02,U0011,,6020-Travel & Entertainment,43.01,Travel & Entertainment charge
T003579,2026-05-26,U0033,,6050-Facilities,856.64,Facilities charge
T003580,2026-02-15,U0058,,6040-IT Software,31.73,IT Software charge
T003581,2025-10-14,U0347,,6030-Professional Fees,170.34,Professional Fees charge
T003582,2025-09-03,U0023,U0387,6020-Travel & Entertainment,2957.45,Travel & Entertainment charge
T003583,2026-03-24,U0269,,6030-Professional Fees,259.83,Professional Fees charge
T003584,2026-02-04,U0043,,6040-IT Software,135.47,IT Software charge
T003585,2025-10-07,U0324,U0298,6040-IT Software,396.34,IT Software charge
T003586,2026-05-12,U0331,,6060-Marketing,4791.97,Marketing charge
T003587,2026-04-29,U0314,,6030-Professional Fees,65.7,Professional Fees charge
T003588,2026-07-27,U0251,,6060-Marketing,155.02,Marketing charge
T003589,2026-08-08,U0094,U0362,6030-Professional Fees,2558.5,Professional Fees charge
T003590,2025-11-17,U0381,U0133,6010-Office Supplies,3802.72,Office Supplies charge
T003591,2026-06-19,U0023,,6080-Consulting,439.76,Consulting charge
T003592,2026-07-16,U0062,,6050-Facilities,126.1,Facilities charge
T003593,2026-06-19,U0074,,6090-Equipment,4941.52,Equipment charge
T003594,2026-07-30,U0025,U0004,6060-Marketing,2846.62,Marketing charge
T003595,2026-05-01,U0052,,6060-Marketing,1039.86,Marketing charge
T003596,2026-07-13,U0259,,6070-Utilities,201.61,Utilities charge
T003597,2026-06-20,U0249,U0383,6060-Marketing,466.88,Marketing charge
T003598,2026-01-27,U0375,,6010-Office Supplies,413.06,Office Supplies charge
T003599,2026-05-10,U0174,U0130,6050-Facilities,709.06,Facilities charge
T003600,2026-08-03,U0046,,6040-IT Software,2431.11,IT Software charge
T003601,2025-10-20,U0234,,6010-Office Supplies,1296.42,Office Supplies charge
T003602,2026-07-26,U0115,,6030-Professional Fees,150.64,Professional Fees charge
T003603,2025-10-02,U0201,,6040-IT Software,2239.81,IT Software charge
T003604,2025-12-01,U0388,,6010-Office Supplies,695.37,Office Supplies charge
T003605,2026-06-26,U0362,,6100-Freight & Shipping,1049.19,Freight & Shipping charge
T003606,2026-05-06,U0298,U0169,6040-IT Software,2473.02,IT Software charge
T003607,2026-01-29,U0108,,6050-Facilities,145.08,Facilities charge
T003608,2026-07-09,U0317,,6010-Office Supplies,473.71,Office Supplies charge
T003609,2026-04-16,U0020,U0131,6090-Equipment,274.62,Equipment charge
T003610,2025-10-04,U0178,,6010-Office Supplies,87.83,Office Supplies charge
T003611,2025-10-10,U0181,,6100-Freight & Shipping,721.54,Freight & Shipping charge
T003612,2026-08-19,U0025,U0055,6090-Equipment,7806.5,Equipment charge
T003613,2026-08-22,U0279,U0311,6040-IT Software,65.1,IT Software charge
T003614,2026-02-25,U0342,,6020-Travel & Entertainment,475.56,Travel & Entertainment charge
T003615,2025-09-19,U0146,,6100-Freight & Shipping,996.85,Freight & Shipping charge
T003616,2026-05-19,U0203,,6010-Office Supplies,564.19,Office Supplies charge
T003617,2025-10-19,U0049,,6060-Marketing,435.09,Marketing charge
T003618,2026-07-15,U0154,U0391,6070-Utilities,118.02,Utilities charge
T003619,2026-03-23,U0069,,6010-Office Supplies,636.55,Office Supplies charge
T003620,2026-02-07,U0100,,6050-Facilities,4900.0,Facilities charge
T003621,2025-10-31,U0176,U0143,6090-Equipment,214.34,Equipment charge
T003622,2026-08-31,U0350,U0311,6090-Equipment,44.3,Equipment charge
T003623,2026-08-15,U0018,,6040-IT Software,1833.63,IT Software charge
T003624,2025-09-21,U0095,,6040-IT Software,1414.07,IT Software charge
T003625,2026-06-11,U0314,U0016,6070-Utilities,521.56,Utilities charge
T003626,2026-04-16,U0386,U0181,6090-Equipment,633.96,Equipment charge
T003627,2026-07-09,U0093,,6060-Marketing,1606.4,Marketing charge
T003628,2026-08-21,U0161,U0119,6070-Utilities,630.66,Utilities charge
T003629,2026-02-23,U0136,U0112,6070-Utilities,1331.98,Utilities charge
T003630,2026-04-28,U0350,U0293,6050-Facilities,355.23,Facilities charge
T003631,2026-04-10,U0036,,6080-Consulting,2086.37,Consulting charge
T003632,2026-06-13,U0350,U0099,6080-Consulting,701.25,Consulting charge
T003633,2026-08-14,U0029,,6020-Travel & Entertainment,610.0,Travel & Entertainment charge
T003634,2026-08-21,U0311,U0117,6050-Facilities,121.87,Facilities charge
T003635,2025-11-14,U0397,U0310,6070-Utilities,675.63,Utilities charge
T003636,2026-06-11,U0158,,6060-Marketing,197.32,Marketing charge
T003637,2026-01-02,U0231,U0385,6030-Professional Fees,244.18,Professional Fees charge
T003638,2025-09-17,U0233,,6050-Facilities,200.96,Facilities charge
T003639,2025-11-21,U0393,U0272,6030-Professional Fees,152.5,Professional Fees charge
T003640,2025-09-04,U0396,U0159,6080-Consulting,5101.29,Consulting charge
T003641,2026-05-04,U0168,,6010-Office Supplies,2131.27,Office Supplies charge
T003642,2025-11-10,U0396,,6040-IT Software,4074.1,IT Software charge
T003643,2026-03-19,U0165,,6020-Travel & Entertainment,128.36,Travel & Entertainment charge
T003644,2026-06-23,U0139,,6050-Facilities,532.92,Facilities charge
T003645,2026-03-28,U0222,U0185,6030-Professional Fees,118.76,Professional Fees charge
T003646,2026-03-12,U0332,,6010-Office Supplies,229.23,Office Supplies charge
T003647,2026-03-16,U0081,,6020-Travel & Entertainment,179.48,Travel & Entertainment charge
T003648,2026-03-11,U0076,,6080-Consulting,1926.66,Consulting charge
T003649,2025-12-20,U0008,U0036,6070-Utilities,318.67,Utilities charge
T003650,2025-12-31,U0226,U0009,6010-Office Supplies,1595.94,Office Supplies charge
T003651,2025-09-23,U0212,,6030-Professional Fees,957.7,Professional Fees charge
T003652,2026-07-29,U0053,,6070-Utilities,6210.54,Utilities charge
T003653,2025-10-31,U0100,U0137,6020-Travel & Entertainment,4900.0,Travel & Entertainment charge
T003654,2025-09-15,U0374,U0150,6030-Professional Fees,96.8,Professional Fees charge
T003655,2025-11-20,U0191,,6040-IT Software,1968.75,IT Software charge
T003656,2026-06-19,U0212,,6080-Consulting,1739.03,Consulting charge
T003657,2026-06-22,U0067,U0364,6030-Professional Fees,168.9,Professional Fees charge
T003658,2026-04-09,U0308,,6010-Office Supplies,1491.96,Office Supplies charge
T003659,2026-05-11,U0200,U0155,6050-Facilities,713.2,Facilities charge
T003660,2026-06-30,U0367,U0321,6030-Professional Fees,383.67,Professional Fees charge
T003661,2026-01-23,U0350,U0055,6050-Facilities,199.07,Facilities charge
T003662,2026-06-13,U0073,U0317,6010-Office Supplies,223.4,Office Supplies charge
T003663,2026-03-19,U0344,,6060-Marketing,4697.54,Marketing charge
T003664,2026-01-23,U0162,,6060-Marketing,493.12,Marketing charge
T003665,2026-07-03,U0098,,6060-Marketing,1164.84,Marketing charge
T003666,2025-09-27,U0286,,6060-Marketing,206.44,Marketing charge
T003667,2026-03-29,U0135,,6020-Travel & Entertainment,208.96,Travel & Entertainment charge
T003668,2026-06-05,U0175,U0260,6070-Utilities,1620.0,Utilities charge
T003669,2025-11-18,U0374,,6070-Utilities,111.66,Utilities charge
T003670,2025-12-10,U0077,U0293,6060-Marketing,312.08,Marketing charge
T003671,2025-09-14,U0208,U0004,6020-Travel & Entertainment,511.54,Travel & Entertainment charge
T003672,2026-04-14,U0043,,6040-IT Software,556.97,IT Software charge
T003673,2026-04-05,U0055,,6080-Consulting,404.64,Consulting charge
T003674,2026-02-25,U0036,U0077,6090-Equipment,761.58,Equipment charge
T003675,2026-01-09,U0105,U0186,6050-Facilities,1055.89,Facilities charge
T003676,2026-04-15,U0174,,6100-Freight & Shipping,1105.55,Freight & Shipping charge
T003677,2026-03-07,U0151,,6040-IT Software,166.6,IT Software charge
T003678,2026-06-26,U0270,,6010-Office Supplies,360.48,Office Supplies charge
T003679,2025-10-11,U0329,,6090-Equipment,1833.97,Equipment charge
T003680,2026-02-01,U0251,,6070-Utilities,1318.32,Utilities charge
T003681,2025-11-03,U0222,,6090-Equipment,108.84,Equipment charge
T003682,2026-05-12,U0351,,6050-Facilities,725.33,Facilities charge
T003683,2026-06-08,U0227,,6010-Office Supplies,55.92,Office Supplies charge
T003684,2026-01-03,U0109,,6080-Consulting,518.86,Consulting charge
T003685,2026-06-05,U0054,U0376,6050-Facilities,3974.06,Facilities charge
T003686,2026-06-16,U0061,,6030-Professional Fees,173.7,Professional Fees charge
T003687,2026-05-09,U0250,,6040-IT Software,196.81,IT Software charge
T003688,2026-08-20,U0085,U0399,6100-Freight & Shipping,1141.88,Freight & Shipping charge
T003689,2025-12-17,U0078,,6100-Freight & Shipping,90.28,Freight & Shipping charge
T003690,2025-09-21,U0148,,6030-Professional Fees,245.67,Professional Fees charge
T003691,2026-01-01,U0181,,6030-Professional Fees,949.64,Professional Fees charge
T003692,2026-03-12,U0266,,6100-Freight & Shipping,245.25,Freight & Shipping charge
T003693,2025-11-24,U0148,U0094,6080-Consulting,380.1,Consulting charge
T003694,2026-06-01,U0129,U0138,6060-Marketing,1117.23,Marketing charge
T003695,2025-12-03,U0400,U0001,6010-Office Supplies,783.44,Office Supplies charge
T003696,2026-04-05,U0042,,6100-Freight & Shipping,660.83,Freight & Shipping charge
T003697,2026-05-23,U0103,U0170,6050-Facilities,339.33,Facilities charge
T003698,2026-08-04,U0286,,6020-Travel & Entertainment,740.31,Travel & Entertainment charge
T003699,2025-09-05,U0352,,6080-Consulting,430.05,Consulting charge
T003700,2026-02-16,U0052,U0225,6050-Facilities,815.32,Facilities charge
T003701,2026-04-15,U0038,,6060-Marketing,285.25,Marketing charge
T003702,2025-10-06,U0362,U0023,6040-IT Software,403.1,IT Software charge
T003703,2026-03-21,U0003,U0093,6050-Facilities,165.84,Facilities charge
T003704,2026-04-10,U0108,,6030-Professional Fees,474.13,Professional Fees charge
T003705,2026-04-28,U0270,U0294,6040-IT Software,201.93,IT Software charge
T003706,2026-03-23,U0025,,6070-Utilities,144.68,Utilities charge
T003707,2026-04-15,U0021,,6010-Office Supplies,654.93,Office Supplies charge
T003708,2026-03-13,U0136,,6010-Office Supplies,622.67,Office Supplies charge
T003709,2026-05-16,U0363,U0027,6050-Facilities,1165.8,Facilities charge
T003710,2026-05-01,U0374,U0286,6050-Facilities,306.67,Facilities charge
T003711,2025-09-10,U0154,,6070-Utilities,771.9,Utilities charge
T003712,2025-11-25,U0293,U0328,6070-Utilities,903.14,Utilities charge
T003713,2026-03-28,U0146,U0205,6030-Professional Fees,9800.0,Professional Fees charge
T003714,2026-03-26,U0369,,6050-Facilities,803.72,Facilities charge
T003715,2026-06-21,U0161,,6080-Consulting,198.7,Consulting charge
T003716,2026-06-28,U0377,,6040-IT Software,580.74,IT Software charge
T003717,2026-08-24,U0338,,6100-Freight & Shipping,735.5,Freight & Shipping charge
T003718,2026-08-29,U0313,,6050-Facilities,496.66,Facilities charge
T003719,2026-01-10,U0048,,6100-Freight & Shipping,49.64,Freight & Shipping charge
T003720,2026-06-29,U0025,,6100-Freight & Shipping,587.89,Freight & Shipping charge
T003721,2026-01-23,U0013,U0086,6100-Freight & Shipping,5618.3,Freight & Shipping charge
T003722,2026-04-12,U0241,U0128,6050-Facilities,331.61,Facilities charge
T003723,2026-01-10,U0341,U0316,6070-Utilities,221.21,Utilities charge
T003724,2026-08-27,U0337,U0063,6090-Equipment,742.99,Equipment charge
T003725,2026-07-13,U0186,,6050-Facilities,694.79,Facilities charge
T003726,2025-09-09,U0144,U0261,6010-Office Supplies,1829.89,Office Supplies charge
T003727,2026-08-24,U0252,U0342,6030-Professional Fees,123.51,Professional Fees charge
T003728,2026-08-27,U0306,,6050-Facilities,1101.6,Facilities charge
T003729,2025-11-22,U0372,,6060-Marketing,943.38,Marketing charge
T003730,2026-08-23,U0292,,6080-Consulting,421.42,Consulting charge
T003731,2026-05-28,U0289,U0260,6030-Professional Fees,715.2,Professional Fees charge
T003732,2026-07-27,U0303,U0386,6090-Equipment,1529.05,Equipment charge
T003733,2026-01-27,U0315,U0048,6020-Travel & Entertainment,1286.33,Travel & Entertainment charge
T003734,2026-08-24,U0117,,6050-Facilities,140.15,Facilities charge
T003735,2026-04-28,U0173,,6100-Freight & Shipping,1214.6,Freight & Shipping charge
T003736,2026-03-20,U0154,,6010-Office Supplies,458.9,Office Supplies charge
T003737,2026-08-18,U0248,,6080-Consulting,533.87,Consulting charge
T003738,2025-12-08,U0222,U0362,6090-Equipment,534.06,Equipment charge
T003739,2025-11-18,U0257,U0315,6040-IT Software,417.69,IT Software charge
T003740,2026-06-21,U0039,,6030-Professional Fees,1827.82,Professional Fees charge
T003741,2025-09-04,U0077,,6020-Travel & Entertainment,449.4,Travel & Entertainment charge
T003742,2026-04-19,U0180,U0289,6090-Equipment,143.81,Equipment charge
T003743,2026-05-26,U0389,,6070-Utilities,319.62,Utilities charge
T003744,2026-05-11,U0205,,6060-Marketing,599.78,Marketing charge
T003745,2026-04-29,U0146,U0222,6070-Utilities,1904.81,Utilities charge
T003746,2026-04-17,U0302,,6060-Marketing,956.62,Marketing charge
T003747,2025-11-07,U0306,,6050-Facilities,193.33,Facilities charge
T003748,2026-03-15,U0239,U0103,6060-Marketing,7583.34,Marketing charge
T003749,2026-02-02,U0147,,6050-Facilities,659.35,Facilities charge
T003750,2026-03-28,U0100,U0248,6050-Facilities,9800.0,Facilities charge
T003751,2026-05-21,U0014,,6040-IT Software,2004.06,IT Software charge
T003752,2025-10-03,U0029,U0115,6080-Consulting,417.01,Consulting charge
T003753,2026-07-16,U0031,U0124,6050-Facilities,885.98,Facilities charge
T003754,2026-07-27,U0296,U0188,6070-Utilities,1240.68,Utilities charge
T003755,2026-06-04,U0032,U0353,6100-Freight & Shipping,1881.86,Freight & Shipping charge
T003756,2025-10-06,U0159,,6040-IT Software,1576.72,IT Software charge
T003757,2026-04-10,U0336,,6020-Travel & Entertainment,1286.16,Travel & Entertainment charge
T003758,2026-06-22,U0280,U0090,6080-Consulting,348.42,Consulting charge
T003759,2026-01-16,U0320,,6020-Travel & Entertainment,262.72,Travel & Entertainment charge
T003760,2026-05-28,U0154,,6010-Office Supplies,710.43,Office Supplies charge
T003761,2025-12-14,U0268,,6060-Marketing,1375.32,Marketing charge
T003762,2026-02-01,U0284,U0181,6090-Equipment,385.68,Equipment charge
T003763,2026-07-25,U0288,,6040-IT Software,1590.32,IT Software charge
T003764,2026-06-27,U0190,,6090-Equipment,2435.43,Equipment charge
T003765,2025-09-01,U0250,U0087,6030-Professional Fees,179.84,Professional Fees charge
T003766,2025-09-23,U0382,,6040-IT Software,196.25,IT Software charge
T003767,2026-07-05,U0306,U0014,6030-Professional Fees,422.25,Professional Fees charge
T003768,2025-12-07,U0270,U0325,6050-Facilities,691.16,Facilities charge
T003769,2026-08-07,U0255,,6080-Consulting,276.71,Consulting charge
T003770,2026-03-05,U0266,,6100-Freight & Shipping,2180.75,Freight & Shipping charge
T003771,2026-02-06,U0385,,6020-Travel & Entertainment,785.62,Travel & Entertainment charge
T003772,2026-08-18,U0152,U0291,6090-Equipment,514.6,Equipment charge
T003773,2025-11-06,U0301,,6100-Freight & Shipping,101.54,Freight & Shipping charge
T003774,2026-08-23,U0227,U0329,6090-Equipment,115.89,Equipment charge
T003775,2025-11-21,U0243,U0249,6040-IT Software,671.23,IT Software charge
T003776,2026-07-27,U0023,,6060-Marketing,47.19,Marketing charge
T003777,2026-01-22,U0362,,6030-Professional Fees,1501.02,Professional Fees charge
T003778,2026-05-23,U0166,,6040-IT Software,414.07,IT Software charge
T003779,2026-08-25,U0113,U0342,6010-Office Supplies,17455.36,Office Supplies charge
T003780,2026-08-03,U0124,U0307,6020-Travel & Entertainment,6239.83,Travel & Entertainment charge
T003781,2026-04-28,U0055,U0088,6090-Equipment,403.59,Equipment charge
T003782,2026-03-05,U0219,,6060-Marketing,438.36,Marketing charge
T003783,2026-07-01,U0316,,6010-Office Supplies,1473.12,Office Supplies charge
T003784,2025-11-08,U0135,U0275,6080-Consulting,3208.28,Consulting charge
T003785,2026-04-19,U0070,,6100-Freight & Shipping,81.3,Freight & Shipping charge
T003786,2025-11-27,U0089,,6040-IT Software,69.06,IT Software charge
T003787,2025-09-19,U0037,U0314,6070-Utilities,248.58,Utilities charge
T003788,2026-07-24,U0365,,6080-Consulting,935.43,Consulting charge
T003789,2026-04-27,U0160,,6080-Consulting,851.13,Consulting charge
T003790,2026-07-19,U0045,,6080-Consulting,1598.38,Consulting charge
T003791,2026-07-01,U0118,,6090-Equipment,131.67,Equipment charge
T003792,2026-06-04,U0314,,6100-Freight & Shipping,38.56,Freight & Shipping charge
T003793,2026-04-25,U0122,,6090-Equipment,1266.25,Equipment charge
T003794,2026-05-11,U0181,,6100-Freight & Shipping,198.14,Freight & Shipping charge
T003795,2026-05-20,U0212,,6100-Freight & Shipping,53.5,Freight & Shipping charge
T003796,2026-03-27,U0098,U0297,6090-Equipment,578.0,Equipment charge
T003797,2026-03-30,U0256,,6040-IT Software,1179.08,IT Software charge
T003798,2026-08-17,U0014,U0344,6080-Consulting,430.84,Consulting charge
T003799,2026-08-15,U0231,,6020-Travel & Entertainment,297.78,Travel & Entertainment charge
T003800,2026-07-06,U0390,,6010-Office Supplies,413.52,Office Supplies charge
T003801,2026-06-08,U0054,,6090-Equipment,327.79,Equipment charge
T003802,2026-06-04,U0379,,6090-Equipment,111.85,Equipment charge
T003803,2026-05-20,U0060,U0284,6030-Professional Fees,224.49,Professional Fees charge
T003804,2026-03-25,U0008,,6070-Utilities,874.29,Utilities charge
T003805,2025-09-19,U0345,,6020-Travel & Entertainment,701.94,Travel & Entertainment charge
T003806,2026-05-05,U0127,U0320,6030-Professional Fees,592.81,Professional Fees charge
T003807,2025-12-28,U0351,,6040-IT Software,164.9,IT Software charge
T003808,2026-04-12,U0388,,6050-Facilities,403.57,Facilities charge
T003809,2026-01-03,U0031,,6060-Marketing,44.94,Marketing charge
T003810,2026-05-20,U0266,,6100-Freight & Shipping,599.64,Freight & Shipping charge
T003811,2025-12-07,U0130,,6060-Marketing,2372.6,Marketing charge
T003812,2026-04-15,U0281,,6040-IT Software,97.36,IT Software charge
T003813,2025-12-21,U0385,,6020-Travel & Entertainment,258.65,Travel & Entertainment charge
T003814,2026-08-15,U0029,,6060-Marketing,707.7,Marketing charge
T003815,2025-11-05,U0205,,6020-Travel & Entertainment,1954.96,Travel & Entertainment charge
T003816,2025-12-23,U0394,,6090-Equipment,300.95,Equipment charge
T003817,2025-09-23,U0150,,6050-Facilities,230.1,Facilities charge
T003818,2025-10-24,U0122,,6020-Travel & Entertainment,56.5,Travel & Entertainment charge
T003819,2025-09-27,U0279,,6020-Travel & Entertainment,552.13,Travel & Entertainment charge
T003820,2026-02-13,U0379,,6010-Office Supplies,4657.73,Office Supplies charge
T003821,2025-10-29,U0257,,6060-Marketing,668.54,Marketing charge
T003822,2026-07-06,U0308,,6020-Travel & Entertainment,480.82,Travel & Entertainment charge
T003823,2026-04-19,U0253,U0084,6100-Freight & Shipping,702.25,Freight & Shipping charge
T003824,2026-07-25,U0133,,6050-Facilities,486.77,Facilities charge
T003825,2026-04-07,U0204,,6090-Equipment,201.48,Equipment charge
T003826,2026-06-22,U0274,,6050-Facilities,1218.78,Facilities charge
T003827,2026-04-05,U0133,,6070-Utilities,631.65,Utilities charge
T003828,2026-04-10,U0042,,6040-IT Software,502.39,IT Software charge
T003829,2025-12-21,U0277,U0070,6080-Consulting,168.53,Consulting charge
T003830,2026-06-26,U0203,,6080-Consulting,2067.01,Consulting charge
T003831,2026-07-05,U0095,U0295,6030-Professional Fees,1023.69,Professional Fees charge
T003832,2026-06-14,U0226,U0054,6040-IT Software,268.21,IT Software charge
T003833,2026-06-14,U0187,,6060-Marketing,1483.27,Marketing charge
T003834,2025-11-23,U0375,,6040-IT Software,285.05,IT Software charge
T003835,2026-03-10,U0216,,6020-Travel & Entertainment,208.47,Travel & Entertainment charge
T003836,2026-06-03,U0146,,6040-IT Software,213.65,IT Software charge
T003837,2026-04-27,U0018,,6040-IT Software,70.23,IT Software charge
T003838,2026-08-30,U0273,,6050-Facilities,827.74,Facilities charge
T003839,2026-07-21,U0194,U0051,6100-Freight & Shipping,65.74,Freight & Shipping charge
T003840,2026-05-08,U0365,,6050-Facilities,127.58,Facilities charge
T003841,2025-10-29,U0353,U0011,6070-Utilities,50.24,Utilities charge
T003842,2025-11-24,U0095,U0326,6020-Travel & Entertainment,448.24,Travel & Entertainment charge
T003843,2025-10-07,U0318,U0170,6050-Facilities,417.65,Facilities charge
T003844,2026-08-08,U0157,,6080-Consulting,344.0,Consulting charge
T003845,2026-01-09,U0341,,6090-Equipment,156.52,Equipment charge
T003846,2026-01-26,U0260,U0074,6010-Office Supplies,135.71,Office Supplies charge
T003847,2026-03-27,U0309,,6050-Facilities,821.23,Facilities charge
T003848,2025-09-15,U0118,,6030-Professional Fees,268.91,Professional Fees charge
T003849,2025-09-16,U0200,,6100-Freight & Shipping,697.84,Freight & Shipping charge
T003850,2025-10-30,U0109,,6090-Equipment,186.09,Equipment charge
T003851,2026-04-24,U0261,,6020-Travel & Entertainment,601.35,Travel & Entertainment charge
T003852,2026-03-31,U0239,U0177,6070-Utilities,2066.49,Utilities charge
T003853,2026-01-02,U0226,,6050-Facilities,938.97,Facilities charge
T003854,2025-11-08,U0024,,6030-Professional Fees,313.04,Professional Fees charge
T003855,2026-01-16,U0127,U0121,6100-Freight & Shipping,653.88,Freight & Shipping charge
T003856,2026-04-05,U0253,,6090-Equipment,378.14,Equipment charge
T003857,2026-07-14,U0205,,6010-Office Supplies,497.04,Office Supplies charge
T003858,2025-10-07,U0355,,6060-Marketing,344.41,Marketing charge
T003859,2025-11-01,U0233,,6050-Facilities,411.26,Facilities charge
T003860,2026-01-04,U0123,,6060-Marketing,622.23,Marketing charge
T003861,2026-03-04,U0227,U0216,6070-Utilities,165.22,Utilities charge
T003862,2025-10-27,U0035,,6090-Equipment,161.18,Equipment charge
T003863,2026-03-14,U0075,,6040-IT Software,106.98,IT Software charge
T003864,2026-07-27,U0204,,6070-Utilities,84.75,Utilities charge
T003865,2026-06-26,U0204,,6030-Professional Fees,129.15,Professional Fees charge
T003866,2026-03-12,U0253,U0031,6050-Facilities,587.23,Facilities charge
T003867,2025-12-20,U0020,,6090-Equipment,184.55,Equipment charge
T003868,2026-02-23,U0189,,6020-Travel & Entertainment,866.95,Travel & Entertainment charge
T003869,2026-01-26,U0154,,6050-Facilities,511.93,Facilities charge
T003870,2025-12-02,U0084,U0001,6090-Equipment,56.52,Equipment charge
T003871,2026-04-29,U0170,U0207,6040-IT Software,1012.8,IT Software charge
T003872,2026-03-13,U0158,,6020-Travel & Entertainment,1202.16,Travel & Entertainment charge
T003873,2025-12-11,U0335,U0341,6030-Professional Fees,165.13,Professional Fees charge
T003874,2026-05-28,U0264,,6090-Equipment,782.28,Equipment charge
T003875,2025-10-03,U0124,U0013,6030-Professional Fees,192.07,Professional Fees charge
T003876,2026-02-12,U0336,,6050-Facilities,548.64,Facilities charge
T003877,2026-04-06,U0251,U0306,6020-Travel & Entertainment,122.62,Travel & Entertainment charge
T003878,2026-05-16,U0215,,6010-Office Supplies,68.55,Office Supplies charge
T003879,2026-05-04,U0309,U0052,6040-IT Software,323.4,IT Software charge
T003880,2025-10-18,U0183,,6020-Travel & Entertainment,430.05,Travel & Entertainment charge
T003881,2026-03-31,U0308,,6030-Professional Fees,318.16,Professional Fees charge
T003882,2026-05-07,U0013,,6090-Equipment,133.96,Equipment charge
T003883,2026-07-12,U0031,,6070-Utilities,317.38,Utilities charge
T003884,2025-11-05,U0171,,6060-Marketing,662.63,Marketing charge
T003885,2026-07-26,U0235,U0249,6090-Equipment,469.01,Equipment charge
T003886,2026-08-03,U0333,,6040-IT Software,602.3,IT Software charge
T003887,2026-03-10,U0045,,6050-Facilities,235.77,Facilities charge
T003888,2026-03-26,U0011,U0109,6010-Office Supplies,1788.07,Office Supplies charge
T003889,2026-04-10,U0291,,6060-Marketing,135.13,Marketing charge
T003890,2026-08-23,U0189,,6010-Office Supplies,842.45,Office Supplies charge
T003891,2025-11-26,U0081,U0091,6050-Facilities,1808.19,Facilities charge
T003892,2026-03-26,U0020,U0048,6070-Utilities,836.31,Utilities charge
T003893,2026-02-11,U0147,U0233,6100-Freight & Shipping,394.34,Freight & Shipping charge
T003894,2026-01-06,U0246,,6040-IT Software,275.58,IT Software charge
T003895,2025-11-09,U0075,U0181,6030-Professional Fees,1540.24,Professional Fees charge
T003896,2026-06-28,U0133,U0215,6030-Professional Fees,103.0,Professional Fees charge
T003897,2025-11-11,U0217,,6010-Office Supplies,169.5,Office Supplies charge
T003898,2025-09-24,U0355,U0308,6020-Travel & Entertainment,318.2,Travel & Entertainment charge
T003899,2025-12-17,U0174,U0376,6040-IT Software,1922.57,IT Software charge
T003900,2026-03-06,U0103,,6030-Professional Fees,748.26,Professional Fees charge
T003901,2025-12-19,U0069,,6030-Professional Fees,169.89,Professional Fees charge
T003902,2026-03-30,U0189,U0109,6050-Facilities,350.26,Facilities charge
T003903,2026-03-24,U0289,U0256,6050-Facilities,250.7,Facilities charge
T003904,2025-09-03,U0248,,6030-Professional Fees,225.71,Professional Fees charge
T003905,2025-12-08,U0248,U0337,6050-Facilities,1446.32,Facilities charge
T003906,2026-01-05,U0204,,6070-Utilities,108.97,Utilities charge
T003907,2026-07-18,U0274,,6040-IT Software,2891.87,IT Software charge
T003908,2026-07-18,U0372,,6060-Marketing,1225.44,Marketing charge
T003909,2026-03-02,U0133,U0104,6070-Utilities,1635.9,Utilities charge
T003910,2026-03-26,U0220,,6060-Marketing,296.12,Marketing charge
T003911,2026-01-15,U0042,,6080-Consulting,417.83,Consulting charge
T003912,2026-03-09,U0093,,6040-IT Software,101.85,IT Software charge
T003913,2026-04-02,U0361,U0212,6070-Utilities,276.68,Utilities charge
T003914,2026-01-06,U0127,,6070-Utilities,848.12,Utilities charge
T003915,2026-01-26,U0094,,6080-Consulting,2050.15,Consulting charge
T003916,2026-04-11,U0226,,6060-Marketing,145.78,Marketing charge
T003917,2026-06-25,U0323,,6070-Utilities,329.62,Utilities charge
T003918,2026-06-10,U0332,U0118,6060-Marketing,417.2,Marketing charge
T003919,2026-05-11,U0222,U0276,6100-Freight & Shipping,106.13,Freight & Shipping charge
T003920,2025-11-20,U0050,,6080-Consulting,944.34,Consulting charge
T003921,2025-12-10,U0242,,6090-Equipment,222.21,Equipment charge
T003922,2026-08-04,U0123,,6050-Facilities,397.45,Facilities charge
T003923,2026-01-05,U0248,,6100-Freight & Shipping,299.72,Freight & Shipping charge
T003924,2026-06-03,U0226,,6030-Professional Fees,206.79,Professional Fees charge
T003925,2025-12-31,U0374,,6100-Freight & Shipping,488.95,Freight & Shipping charge
T003926,2026-08-03,U0315,,6020-Travel & Entertainment,388.71,Travel & Entertainment charge
T003927,2026-08-11,U0129,,6090-Equipment,327.33,Equipment charge
T003928,2026-08-02,U0297,U0140,6040-IT Software,221.12,IT Software charge
T003929,2026-05-13,U0017,,6040-IT Software,700.28,IT Software charge
T003930,2026-08-20,U0273,,6030-Professional Fees,3038.07,Professional Fees charge
T003931,2026-01-19,U0058,,6090-Equipment,574.72,Equipment charge
T003932,2026-08-31,U0319,U0157,6010-Office Supplies,1473.99,Office Supplies charge
T003933,2025-12-16,U0329,U0163,6020-Travel & Entertainment,106.78,Travel & Entertainment charge
T003934,2025-12-10,U0229,,6100-Freight & Shipping,586.13,Freight & Shipping charge
T003935,2026-03-23,U0256,U0085,6030-Professional Fees,147.36,Professional Fees charge
T003936,2026-07-22,U0333,,6030-Professional Fees,97.07,Professional Fees charge
T003937,2026-03-27,U0194,U0065,6040-IT Software,218.48,IT Software charge
T003938,2025-11-11,U0266,,6100-Freight & Shipping,1828.2,Freight & Shipping charge
T003939,2025-09-06,U0170,,6040-IT Software,1401.11,IT Software charge
T003940,2026-08-07,U0292,U0376,6020-Travel & Entertainment,643.75,Travel & Entertainment charge
T003941,2026-08-26,U0238,,6070-Utilities,91.29,Utilities charge
T003942,2026-07-15,U0054,,6070-Utilities,397.06,Utilities charge
T003943,2026-08-16,U0237,,6090-Equipment,686.68,Equipment charge
T003944,2025-10-27,U0348,,6010-Office Supplies,597.7,Office Supplies charge
T003945,2026-02-27,U0099,,6100-Freight & Shipping,64.83,Freight & Shipping charge
T003946,2026-06-18,U0142,,6100-Freight & Shipping,185.05,Freight & Shipping charge
T003947,2025-12-09,U0050,,6040-IT Software,459.21,IT Software charge
T003948,2026-05-02,U0125,,6070-Utilities,888.84,Utilities charge
T003949,2026-08-18,U0120,U0031,6050-Facilities,44.0,Facilities charge
T003950,2026-06-07,U0324,U0045,6050-Facilities,412.26,Facilities charge
T003951,2026-05-11,U0251,U0144,6100-Freight & Shipping,576.72,Freight & Shipping charge
T003952,2025-10-17,U0314,,6020-Travel & Entertainment,1254.6,Travel & Entertainment charge
T003953,2026-08-02,U0333,U0018,6100-Freight & Shipping,1055.89,Freight & Shipping charge
T003954,2026-02-07,U0032,U0307,6030-Professional Fees,935.26,Professional Fees charge
T003955,2026-04-02,U0323,,6070-Utilities,204.4,Utilities charge
T003956,2025-09-17,U0314,,6020-Travel & Entertainment,60.41,Travel & Entertainment charge
T003957,2026-01-28,U0142,,6030-Professional Fees,319.78,Professional Fees charge
T003958,2026-01-11,U0117,,6090-Equipment,1482.96,Equipment charge
T003959,2026-06-11,U0171,,6050-Facilities,2281.98,Facilities charge
T003960,2026-02-11,U0122,U0277,6040-IT Software,1076.64,IT Software charge
T003961,2026-08-10,U0325,,6020-Travel & Entertainment,790.19,Travel & Entertainment charge
T003962,2025-10-22,U0341,,6040-IT Software,748.15,IT Software charge
T003963,2026-02-13,U0049,,6080-Consulting,267.27,Consulting charge
T003964,2026-05-12,U0053,U0061,6020-Travel & Entertainment,427.06,Travel & Entertainment charge
T003965,2026-08-16,U0336,,6050-Facilities,3090.15,Facilities charge
T003966,2026-02-03,U0080,U0301,6080-Consulting,174.72,Consulting charge
T003967,2026-08-02,U0320,U0308,6020-Travel & Entertainment,2911.01,Travel & Entertainment charge
T003968,2026-07-21,U0266,,6050-Facilities,345.77,Facilities charge
T003969,2026-07-09,U0047,,6040-IT Software,2117.47,IT Software charge
T003970,2026-03-08,U0295,,6080-Consulting,104.85,Consulting charge
T003971,2026-07-07,U0111,,6020-Travel & Entertainment,938.7,Travel & Entertainment charge
T003972,2025-09-20,U0049,,6080-Consulting,219.11,Consulting charge
T003973,2026-03-14,U0385,,6020-Travel & Entertainment,103.88,Travel & Entertainment charge
T003974,2026-01-06,U0099,U0032,6030-Professional Fees,626.65,Professional Fees charge
T003975,2026-08-30,U0047,,6040-IT Software,1495.8,IT Software charge
T003976,2025-09-27,U0187,,6070-Utilities,194.53,Utilities charge
T003977,2025-12-04,U0387,,6070-Utilities,94.73,Utilities charge
T003978,2026-02-20,U0194,U0385,6030-Professional Fees,445.4,Professional Fees charge
T003979,2026-05-08,U0359,U0269,6020-Travel & Entertainment,4999.0,Travel & Entertainment charge
T003980,2026-06-05,U0336,U0303,6100-Freight & Shipping,447.56,Freight & Shipping charge
T003981,2026-04-07,U0205,,6070-Utilities,900.68,Utilities charge
T003982,2025-12-23,U0347,U0367,6010-Office Supplies,1400.46,Office Supplies charge
T003983,2026-04-10,U0192,,6080-Consulting,461.57,Consulting charge
T003984,2025-12-16,U0232,,6060-Marketing,3793.54,Marketing charge
T003985,2025-12-04,U0086,U0093,6080-Consulting,630.59,Consulting charge
T003986,2026-03-26,U0223,,6030-Professional Fees,336.61,Professional Fees charge
T003987,2025-09-14,U0210,U0017,6050-Facilities,83.7,Facilities charge
T003988,2025-09-22,U0388,,6020-Travel & Entertainment,369.1,Travel & Entertainment charge
T003989,2026-01-17,U0162,,6040-IT Software,2000.0,IT Software charge
T003990,2026-06-06,U0359,,6010-Office Supplies,2000.0,Office Supplies charge
T003991,2026-05-07,U0061,U0236,6030-Professional Fees,340.35,Professional Fees charge
T003992,2025-12-08,U0099,U0387,6090-Equipment,1417.05,Equipment charge
T003993,2025-11-11,U0095,U0104,6040-IT Software,819.53,IT Software charge
T003994,2025-11-22,U0039,U0352,6050-Facilities,5000.0,Facilities charge
T003995,2026-07-02,U0341,U0027,6050-Facilities,134.65,Facilities charge
T003996,2026-01-16,U0319,U0214,6080-Consulting,595.55,Consulting charge
T003997,2026-08-27,U0062,,6020-Travel & Entertainment,1031.41,Travel & Entertainment charge
T003998,2026-02-08,U0023,,6040-IT Software,2646.08,IT Software charge
T003999,2025-11-14,U0256,,6030-Professional Fees,1308.0,Professional Fees charge
T004000,2025-09-04,U0077,,6070-Utilities,1137.89,Utilities charge
T004001,2026-03-04,U0389,U0268,6080-Consulting,526.42,Consulting charge
T004002,2026-01-02,U0302,,6010-Office Supplies,755.32,Office Supplies charge
T004003,2025-09-13,U0046,U0187,6050-Facilities,1947.8,Facilities charge
T004004,2026-02-02,U0139,,6020-Travel & Entertainment,113.74,Travel & Entertainment charge
T004005,2026-05-20,U0074,U0273,6020-Travel & Entertainment,335.5,Travel & Entertainment charge
T004006,2026-03-29,U0320,,6080-Consulting,210.65,Consulting charge
T004007,2026-06-09,U0075,,6010-Office Supplies,747.75,Office Supplies charge
T004008,2026-06-12,U0394,,6100-Freight & Shipping,1906.92,Freight & Shipping charge
T004009,2026-05-13,U0194,,6090-Equipment,255.53,Equipment charge
T004010,2025-12-26,U0393,,6080-Consulting,35.54,Consulting charge
T004011,2025-11-14,U0390,,6020-Travel & Entertainment,313.11,Travel & Entertainment charge
T004012,2026-01-07,U0257,,6040-IT Software,1345.9,IT Software charge
T004013,2025-09-08,U0331,,6060-Marketing,890.15,Marketing charge
T004014,2026-05-11,U0194,,6060-Marketing,789.19,Marketing charge
T004015,2026-06-06,U0016,,6050-Facilities,362.13,Facilities charge
T004016,2026-04-03,U0001,,6100-Freight & Shipping,120.67,Freight & Shipping charge
T004017,2026-08-20,U0033,U0353,6050-Facilities,868.55,Facilities charge
T004018,2026-04-08,U0314,,6010-Office Supplies,196.82,Office Supplies charge
T004019,2026-02-17,U0222,U0155,6070-Utilities,5445.29,Utilities charge
T004020,2026-04-16,U0214,,6010-Office Supplies,922.93,Office Supplies charge
T004021,2026-04-01,U0257,,6020-Travel & Entertainment,260.16,Travel & Entertainment charge
T004022,2025-10-06,U0322,,6050-Facilities,251.51,Facilities charge
T004023,2026-03-03,U0082,,6040-IT Software,444.86,IT Software charge
T004024,2026-05-04,U0114,U0355,6070-Utilities,378.63,Utilities charge
T004025,2026-01-30,U0229,,6050-Facilities,1683.31,Facilities charge
T004026,2025-12-02,U0288,,6060-Marketing,604.9,Marketing charge
T004027,2026-01-23,U0307,U0144,6030-Professional Fees,220.35,Professional Fees charge
T004028,2025-12-18,U0103,,6050-Facilities,3942.16,Facilities charge
T004029,2025-10-11,U0157,,6080-Consulting,520.21,Consulting charge
T004030,2026-02-23,U0187,,6040-IT Software,1147.94,IT Software charge
T004031,2026-02-15,U0065,,6090-Equipment,252.38,Equipment charge
T004032,2025-09-15,U0337,,6070-Utilities,734.67,Utilities charge
T004033,2025-09-08,U0217,,6030-Professional Fees,693.83,Professional Fees charge
T004034,2026-01-01,U0040,U0192,6040-IT Software,61.64,IT Software charge
T004035,2026-07-05,U0394,,6050-Facilities,4522.42,Facilities charge
T004036,2026-02-12,U0051,U0223,6090-Equipment,2037.97,Equipment charge
T004037,2025-09-24,U0130,,6050-Facilities,318.33,Facilities charge
T004038,2026-04-11,U0350,,6070-Utilities,146.57,Utilities charge
T004039,2026-07-05,U0359,U0168,6020-Travel & Entertainment,722.21,Travel & Entertainment charge
T004040,2026-07-05,U0093,U0053,6030-Professional Fees,542.05,Professional Fees charge
T004041,2026-04-26,U0235,U0071,6090-Equipment,728.68,Equipment charge
T004042,2026-08-17,U0205,,6040-IT Software,608.34,IT Software charge
T004043,2026-07-07,U0219,,6040-IT Software,859.94,IT Software charge
T004044,2026-03-22,U0004,,6040-IT Software,2421.24,IT Software charge
T004045,2025-12-20,U0024,,6020-Travel & Entertainment,920.5,Travel & Entertainment charge
T004046,2025-09-24,U0289,,6050-Facilities,155.3,Facilities charge
T004047,2025-09-04,U0205,,6030-Professional Fees,2205.74,Professional Fees charge
T004048,2026-06-27,U0392,U0139,6010-Office Supplies,2994.93,Office Supplies charge
T004049,2026-03-11,U0123,U0052,6100-Freight & Shipping,15792.06,Freight & Shipping charge
T004050,2025-10-02,U0350,U0335,6010-Office Supplies,143.19,Office Supplies charge
T004051,2026-02-22,U0379,U0192,6070-Utilities,643.66,Utilities charge
T004052,2026-08-13,U0216,U0211,6050-Facilities,49.88,Facilities charge
T004053,2025-09-06,U0162,,6050-Facilities,4995.0,Facilities charge
T004054,2025-11-09,U0126,,6040-IT Software,905.48,IT Software charge
T004055,2026-04-28,U0365,,6080-Consulting,269.61,Consulting charge
T004056,2026-01-24,U0047,,6060-Marketing,4087.92,Marketing charge
T004057,2026-01-30,U0359,,6080-Consulting,4950.0,Consulting charge
T004058,2026-07-12,U0395,,6020-Travel & Entertainment,210.17,Travel & Entertainment charge
T004059,2026-04-08,U0288,,6070-Utilities,76.85,Utilities charge
T004060,2025-11-30,U0194,,6080-Consulting,293.42,Consulting charge
T004061,2025-11-04,U0043,U0054,6010-Office Supplies,56.09,Office Supplies charge
T004062,2026-02-12,U0379,,6080-Consulting,1125.76,Consulting charge
T004063,2026-07-17,U0046,U0395,6010-Office Supplies,50.83,Office Supplies charge
T004064,2026-03-20,U0068,,6080-Consulting,508.42,Consulting charge
T004065,2025-09-13,U0256,,6070-Utilities,50.12,Utilities charge
T004066,2025-12-14,U0247,U0400,6060-Marketing,346.43,Marketing charge
T004067,2025-11-03,U0280,U0081,6090-Equipment,3004.05,Equipment charge
T004068,2026-07-23,U0217,,6090-Equipment,732.68,Equipment charge
T004069,2026-04-01,U0211,U0163,6040-IT Software,190.6,IT Software charge
T004070,2026-07-08,U0089,U0142,6050-Facilities,476.12,Facilities charge
T004071,2026-02-20,U0262,,6040-IT Software,502.61,IT Software charge
T004072,2026-01-03,U0088,U0198,6020-Travel & Entertainment,828.73,Travel & Entertainment charge
T004073,2026-08-04,U0347,,6090-Equipment,109.56,Equipment charge
T004074,2025-11-04,U0121,,6080-Consulting,945.6,Consulting charge
T004075,2025-10-23,U0148,U0399,6080-Consulting,25.16,Consulting charge
T004076,2026-03-31,U0287,,6060-Marketing,246.44,Marketing charge
T004077,2025-12-17,U0192,U0157,6090-Equipment,287.98,Equipment charge
T004078,2025-09-16,U0390,U0248,6070-Utilities,988.97,Utilities charge
T004079,2026-01-28,U0226,,6030-Professional Fees,505.17,Professional Fees charge
T004080,2026-03-08,U0127,,6020-Travel & Entertainment,104.99,Travel & Entertainment charge
T004081,2026-02-09,U0160,,6060-Marketing,166.75,Marketing charge
T004082,2026-05-09,U0143,,6060-Marketing,613.11,Marketing charge
T004083,2026-07-12,U0221,U0256,6080-Consulting,451.7,Consulting charge
T004084,2026-01-29,U0295,U0333,6100-Freight & Shipping,260.59,Freight & Shipping charge
T004085,2026-08-29,U0164,U0236,6060-Marketing,290.35,Marketing charge
T004086,2026-04-04,U0162,,6060-Marketing,4995.0,Marketing charge
T004087,2025-10-27,U0188,U0245,6030-Professional Fees,1059.75,Professional Fees charge
T004088,2026-04-18,U0074,U0134,6070-Utilities,278.81,Utilities charge
T004089,2026-08-26,U0180,,6010-Office Supplies,447.24,Office Supplies charge
T004090,2026-01-10,U0125,U0332,6050-Facilities,5361.13,Facilities charge
T004091,2026-02-02,U0066,,6070-Utilities,102.92,Utilities charge
T004092,2025-12-05,U0004,U0286,6030-Professional Fees,64.26,Professional Fees charge
T004093,2026-06-09,U0267,,6010-Office Supplies,1166.72,Office Supplies charge
T004094,2026-06-18,U0285,U0069,6080-Consulting,233.57,Consulting charge
T004095,2026-01-28,U0300,U0382,6010-Office Supplies,347.21,Office Supplies charge
T004096,2026-05-30,U0353,,6030-Professional Fees,208.66,Professional Fees charge
T004097,2025-11-13,U0397,,6040-IT Software,370.27,IT Software charge
T004098,2026-08-22,U0091,,6010-Office Supplies,2859.47,Office Supplies charge
T004099,2026-02-10,U0154,,6020-Travel & Entertainment,1190.75,Travel & Entertainment charge
T004100,2026-04-16,U0231,,6010-Office Supplies,1272.13,Office Supplies charge
T004101,2026-08-10,U0127,,6030-Professional Fees,103.77,Professional Fees charge
T004102,2025-09-14,U0146,,6040-IT Software,4995.0,IT Software charge
T004103,2026-08-13,U0033,,6090-Equipment,138.9,Equipment charge
T004104,2026-03-18,U0074,,6050-Facilities,21.69,Facilities charge
T004105,2025-12-14,U0119,,6040-IT Software,202.29,IT Software charge
T004106,2026-03-15,U0332,,6010-Office Supplies,1411.45,Office Supplies charge
T004107,2026-07-07,U0311,,6070-Utilities,870.13,Utilities charge
T004108,2026-08-24,U0052,,6040-IT Software,386.19,IT Software charge
T004109,2026-08-13,U0374,U0251,6050-Facilities,480.81,Facilities charge
T004110,2025-11-08,U0347,,6010-Office Supplies,230.96,Office Supplies charge
T004111,2026-01-22,U0242,U0111,6100-Freight & Shipping,617.23,Freight & Shipping charge
T004112,2026-01-12,U0086,,6100-Freight & Shipping,1144.21,Freight & Shipping charge
T004113,2025-12-20,U0324,,6060-Marketing,83.31,Marketing charge
T004114,2025-10-10,U0001,U0067,6020-Travel & Entertainment,685.13,Travel & Entertainment charge
T004115,2026-02-24,U0275,,6090-Equipment,1374.27,Equipment charge
T004116,2025-10-01,U0375,U0302,6090-Equipment,312.12,Equipment charge
T004117,2026-06-23,U0294,,6010-Office Supplies,1065.04,Office Supplies charge
T004118,2026-01-23,U0040,U0235,6010-Office Supplies,10895.66,Office Supplies charge
T004119,2026-05-19,U0221,U0187,6060-Marketing,439.32,Marketing charge
T004120,2026-05-26,U0112,,6020-Travel & Entertainment,759.48,Travel & Entertainment charge
T004121,2026-02-06,U0276,,6080-Consulting,218.8,Consulting charge
T004122,2025-09-22,U0115,U0234,6100-Freight & Shipping,601.47,Freight & Shipping charge
T004123,2026-02-10,U0298,U0260,6070-Utilities,817.54,Utilities charge
T004124,2026-01-13,U0317,,6010-Office Supplies,610.53,Office Supplies charge
T004125,2025-11-19,U0027,,6080-Consulting,160.51,Consulting charge
T004126,2026-07-08,U0234,,6090-Equipment,618.31,Equipment charge
T004127,2026-05-06,U0119,U0299,6020-Travel & Entertainment,2461.23,Travel & Entertainment charge
T004128,2026-04-06,U0223,U0328,6090-Equipment,807.14,Equipment charge
T004129,2026-04-29,U0328,,6070-Utilities,1419.68,Utilities charge
T004130,2025-12-13,U0300,U0029,6040-IT Software,379.66,IT Software charge
T004131,2025-09-15,U0181,,6060-Marketing,1124.27,Marketing charge
T004132,2025-12-07,U0215,,6050-Facilities,669.94,Facilities charge
T004133,2026-02-26,U0340,,6070-Utilities,173.12,Utilities charge
T004134,2026-03-09,U0315,U0142,6040-IT Software,699.51,IT Software charge
T004135,2026-08-02,U0333,,6100-Freight & Shipping,165.53,Freight & Shipping charge
T004136,2025-11-21,U0161,U0272,6070-Utilities,245.63,Utilities charge
T004137,2026-02-19,U0278,,6090-Equipment,606.84,Equipment charge
T004138,2026-01-16,U0311,,6070-Utilities,683.32,Utilities charge
T004139,2025-11-20,U0117,,6040-IT Software,4999.0,IT Software charge
T004140,2026-03-16,U0277,,6070-Utilities,133.2,Utilities charge
T004141,2026-01-09,U0128,,6060-Marketing,1570.87,Marketing charge
T004142,2025-11-24,U0040,,6060-Marketing,924.46,Marketing charge
T004143,2026-04-07,U0170,U0315,6020-Travel & Entertainment,226.97,Travel & Entertainment charge
T004144,2025-12-07,U0270,,6010-Office Supplies,90.8,Office Supplies charge
T004145,2025-11-04,U0273,,6010-Office Supplies,420.15,Office Supplies charge
T004146,2026-06-12,U0129,,6030-Professional Fees,301.71,Professional Fees charge
T004147,2026-04-22,U0272,,6020-Travel & Entertainment,558.05,Travel & Entertainment charge
T004148,2025-11-11,U0166,,6060-Marketing,330.49,Marketing charge
T004149,2026-05-17,U0383,,6070-Utilities,54.15,Utilities charge
T004150,2025-09-05,U0040,U0032,6080-Consulting,321.44,Consulting charge
T004151,2026-01-21,U0084,,6030-Professional Fees,352.07,Professional Fees charge
T004152,2025-12-20,U0282,,6010-Office Supplies,989.33,Office Supplies charge
T004153,2026-04-17,U0388,,6080-Consulting,228.6,Consulting charge
T004154,2025-11-01,U0247,,6100-Freight & Shipping,3122.98,Freight & Shipping charge
T004155,2026-03-06,U0216,,6100-Freight & Shipping,60.17,Freight & Shipping charge
T004156,2026-04-22,U0233,,6070-Utilities,2084.5,Utilities charge
T004157,2026-03-13,U0397,U0152,6090-Equipment,385.0,Equipment charge
T004158,2025-09-09,U0014,U0162,6100-Freight & Shipping,1268.44,Freight & Shipping charge
T004159,2026-08-12,U0081,,6070-Utilities,537.96,Utilities charge
T004160,2026-07-17,U0264,U0054,6040-IT Software,1725.91,IT Software charge
T004161,2025-10-09,U0333,,6050-Facilities,321.79,Facilities charge
T004162,2026-04-23,U0011,U0393,6010-Office Supplies,147.16,Office Supplies charge
T004163,2026-04-04,U0139,,6010-Office Supplies,2350.9,Office Supplies charge
T004164,2026-06-28,U0374,,6020-Travel & Entertainment,434.92,Travel & Entertainment charge
T004165,2026-08-26,U0027,,6020-Travel & Entertainment,628.74,Travel & Entertainment charge
T004166,2026-04-03,U0089,U0233,6010-Office Supplies,1916.44,Office Supplies charge
T004167,2026-06-14,U0200,,6100-Freight & Shipping,158.36,Freight & Shipping charge
T004168,2026-02-20,U0270,,6100-Freight & Shipping,948.65,Freight & Shipping charge
T004169,2025-12-22,U0119,,6060-Marketing,257.52,Marketing charge
T004170,2026-03-03,U0120,,6080-Consulting,426.07,Consulting charge
T004171,2026-01-24,U0065,,6100-Freight & Shipping,533.53,Freight & Shipping charge
T004172,2026-03-16,U0145,,6040-IT Software,94.61,IT Software charge
T004173,2026-07-22,U0238,,6070-Utilities,209.2,Utilities charge
T004174,2025-11-19,U0137,U0287,6010-Office Supplies,2178.04,Office Supplies charge
T004175,2026-08-03,U0082,U0300,6070-Utilities,1306.11,Utilities charge
T004176,2026-02-06,U0084,U0344,6070-Utilities,459.94,Utilities charge
T004177,2026-05-14,U0098,U0025,6030-Professional Fees,643.83,Professional Fees charge
T004178,2026-08-03,U0394,,6030-Professional Fees,356.5,Professional Fees charge
T004179,2025-10-15,U0033,,6050-Facilities,2191.28,Facilities charge
T004180,2026-02-11,U0014,,6020-Travel & Entertainment,395.29,Travel & Entertainment charge
T004181,2026-01-22,U0191,,6040-IT Software,635.89,IT Software charge
T004182,2026-03-25,U0068,,6040-IT Software,1738.25,IT Software charge
T004183,2025-12-30,U0116,,6060-Marketing,209.54,Marketing charge
T004184,2026-03-15,U0126,,6100-Freight & Shipping,2737.14,Freight & Shipping charge
T004185,2025-09-07,U0117,U0027,6020-Travel & Entertainment,91.51,Travel & Entertainment charge
T004186,2025-09-27,U0340,,6090-Equipment,2959.0,Equipment charge
T004187,2026-06-11,U0042,,6080-Consulting,327.03,Consulting charge
T004188,2026-05-31,U0175,,6010-Office Supplies,377.3,Office Supplies charge
T004189,2026-02-19,U0133,,6050-Facilities,61.62,Facilities charge
T004190,2025-12-02,U0348,,6100-Freight & Shipping,298.79,Freight & Shipping charge
T004191,2025-09-26,U0132,,6050-Facilities,156.99,Facilities charge
T004192,2026-04-06,U0241,,6020-Travel & Entertainment,252.54,Travel & Entertainment charge
T004193,2026-06-01,U0100,,6010-Office Supplies,423.67,Office Supplies charge
T004194,2025-11-10,U0082,,6070-Utilities,1413.14,Utilities charge
T004195,2026-02-03,U0328,,6080-Consulting,619.16,Consulting charge
T004196,2025-09-02,U0264,U0054,6060-Marketing,691.21,Marketing charge
T004197,2026-02-26,U0026,,6090-Equipment,147.66,Equipment charge
T004198,2025-09-05,U0140,,6100-Freight & Shipping,187.01,Freight & Shipping charge
T004199,2026-04-18,U0350,,6100-Freight & Shipping,3563.85,Freight & Shipping charge
T004200,2026-06-13,U0058,,6100-Freight & Shipping,219.48,Freight & Shipping charge
T004201,2026-08-08,U0082,,6070-Utilities,3046.74,Utilities charge
T004202,2026-03-02,U0235,U0281,6010-Office Supplies,377.15,Office Supplies charge
T004203,2026-05-04,U0247,,6020-Travel & Entertainment,493.99,Travel & Entertainment charge
T004204,2026-08-03,U0074,,6090-Equipment,1599.43,Equipment charge
T004205,2025-12-30,U0236,,6070-Utilities,1996.36,Utilities charge
T004206,2026-03-03,U0390,,6010-Office Supplies,436.2,Office Supplies charge
T004207,2025-11-22,U0374,U0094,6080-Consulting,321.48,Consulting charge
T004208,2026-04-06,U0108,,6070-Utilities,463.35,Utilities charge
T004209,2025-09-06,U0297,U0377,6100-Freight & Shipping,714.62,Freight & Shipping charge
T004210,2025-10-14,U0229,,6070-Utilities,1313.48,Utilities charge
T004211,2026-06-09,U0109,,6100-Freight & Shipping,495.05,Freight & Shipping charge
T004212,2025-09-01,U0352,,6080-Consulting,973.38,Consulting charge
T004213,2026-06-17,U0179,,6090-Equipment,2987.51,Equipment charge
T004214,2026-05-03,U0362,,6080-Consulting,749.53,Consulting charge
T004215,2026-05-12,U0349,,6070-Utilities,694.24,Utilities charge
T004216,2026-06-13,U0111,,6060-Marketing,92.68,Marketing charge
T004217,2025-09-16,U0179,,6020-Travel & Entertainment,27.28,Travel & Entertainment charge
T004218,2025-11-03,U0165,,6080-Consulting,755.37,Consulting charge
T004219,2026-02-16,U0222,U0044,6080-Consulting,443.94,Consulting charge
T004220,2026-06-30,U0082,,6060-Marketing,279.71,Marketing charge
T004221,2026-06-01,U0056,,6090-Equipment,644.12,Equipment charge
T004222,2026-05-28,U0174,,6070-Utilities,461.07,Utilities charge
T004223,2025-09-23,U0206,U0154,6010-Office Supplies,1703.7,Office Supplies charge
T004224,2026-08-27,U0344,,6030-Professional Fees,541.71,Professional Fees charge
T004225,2026-02-26,U0284,,6080-Consulting,216.67,Consulting charge
T004226,2025-09-09,U0375,U0062,6030-Professional Fees,1464.37,Professional Fees charge
T004227,2026-02-22,U0088,,6010-Office Supplies,388.06,Office Supplies charge
T004228,2025-09-19,U0364,,6080-Consulting,879.36,Consulting charge
T004229,2026-03-25,U0017,,6100-Freight & Shipping,291.44,Freight & Shipping charge
T004230,2025-12-26,U0095,U0070,6040-IT Software,241.09,IT Software charge
T004231,2026-06-15,U0369,,6010-Office Supplies,540.55,Office Supplies charge
T004232,2026-05-14,U0011,U0150,6040-IT Software,499.75,IT Software charge
T004233,2026-03-17,U0101,,6070-Utilities,835.32,Utilities charge
T004234,2026-04-20,U0329,,6060-Marketing,366.68,Marketing charge
T004235,2026-01-26,U0371,,6010-Office Supplies,65.37,Office Supplies charge
T004236,2026-07-26,U0056,,6050-Facilities,306.11,Facilities charge
T004237,2026-03-08,U0345,,6070-Utilities,1179.92,Utilities charge
T004238,2025-09-26,U0146,,6070-Utilities,355.27,Utilities charge
T004239,2026-03-05,U0121,,6050-Facilities,375.77,Facilities charge
T004240,2026-02-17,U0146,,6020-Travel & Entertainment,1458.28,Travel & Entertainment charge
T004241,2026-06-02,U0317,,6070-Utilities,225.16,Utilities charge
T004242,2026-08-08,U0116,,6050-Facilities,90.28,Facilities charge
T004243,2025-12-27,U0323,,6060-Marketing,412.94,Marketing charge
T004244,2025-11-21,U0367,U0225,6070-Utilities,289.28,Utilities charge
T004245,2026-05-24,U0170,U0389,6060-Marketing,170.23,Marketing charge
T004246,2026-05-01,U0266,U0295,6060-Marketing,406.3,Marketing charge
T004247,2026-01-27,U0352,,6040-IT Software,846.12,IT Software charge
T004248,2026-07-10,U0236,,6090-Equipment,487.74,Equipment charge
T004249,2026-02-01,U0144,,6040-IT Software,690.68,IT Software charge
T004250,2026-08-20,U0345,U0018,6060-Marketing,3621.88,Marketing charge
T004251,2026-02-11,U0173,,6010-Office Supplies,337.93,Office Supplies charge
T004252,2025-11-29,U0345,,6090-Equipment,669.27,Equipment charge
T004253,2025-09-27,U0009,U0350,6080-Consulting,281.42,Consulting charge
T004254,2026-06-18,U0115,,6010-Office Supplies,194.22,Office Supplies charge
T004255,2025-11-12,U0282,,6100-Freight & Shipping,258.94,Freight & Shipping charge
T004256,2026-08-08,U0194,,6010-Office Supplies,291.01,Office Supplies charge
T004257,2026-04-04,U0041,,6030-Professional Fees,731.74,Professional Fees charge
T004258,2026-03-01,U0066,U0372,6010-Office Supplies,6528.83,Office Supplies charge
T004259,2026-02-01,U0004,U0324,6060-Marketing,224.16,Marketing charge
T004260,2026-02-07,U0058,,6040-IT Software,311.6,IT Software charge
T004261,2026-04-26,U0082,,6100-Freight & Shipping,459.7,Freight & Shipping charge
T004262,2026-08-17,U0393,,6040-IT Software,761.57,IT Software charge
T004263,2026-02-17,U0361,,6040-IT Software,658.46,IT Software charge
T004264,2025-10-28,U0061,,6030-Professional Fees,2023.34,Professional Fees charge
T004265,2026-01-19,U0021,U0267,6030-Professional Fees,34.16,Professional Fees charge
T004266,2025-11-16,U0151,,6090-Equipment,35.67,Equipment charge
T004267,2026-08-08,U0107,U0210,6060-Marketing,285.58,Marketing charge
T004268,2025-12-24,U0286,,6090-Equipment,1647.53,Equipment charge
T004269,2026-02-26,U0201,U0369,6050-Facilities,88.04,Facilities charge
T004270,2025-09-21,U0249,,6100-Freight & Shipping,18.02,Freight & Shipping charge
T004271,2025-12-28,U0337,,6060-Marketing,923.62,Marketing charge
T004272,2026-02-24,U0172,,6060-Marketing,644.21,Marketing charge
T004273,2026-08-24,U0262,,6010-Office Supplies,148.53,Office Supplies charge
T004274,2025-12-05,U0274,,6090-Equipment,166.65,Equipment charge
T004275,2026-01-05,U0117,U0082,6080-Consulting,169.57,Consulting charge
T004276,2026-08-08,U0053,,6060-Marketing,556.46,Marketing charge
T004277,2025-11-25,U0245,U0247,6070-Utilities,247.41,Utilities charge
T004278,2026-05-22,U0021,,6050-Facilities,848.5,Facilities charge
T004279,2026-04-15,U0384,,6070-Utilities,21.33,Utilities charge
T004280,2026-04-06,U0039,,6100-Freight & Shipping,191.99,Freight & Shipping charge
T004281,2026-01-02,U0249,U0361,6010-Office Supplies,142.79,Office Supplies charge
T004282,2026-02-20,U0347,,6020-Travel & Entertainment,371.68,Travel & Entertainment charge
T004283,2026-02-07,U0039,,6060-Marketing,272.64,Marketing charge
T004284,2026-06-30,U0356,,6090-Equipment,1185.15,Equipment charge
T004285,2026-08-27,U0395,,6070-Utilities,63.73,Utilities charge
T004286,2025-11-28,U0061,U0307,6040-IT Software,518.03,IT Software charge
T004287,2026-05-30,U0320,,6010-Office Supplies,910.66,Office Supplies charge
T004288,2026-08-03,U0055,U0214,6050-Facilities,3798.31,Facilities charge
T004289,2026-01-03,U0352,U0397,6070-Utilities,290.05,Utilities charge
T004290,2026-06-11,U0086,U0143,6030-Professional Fees,704.09,Professional Fees charge
T004291,2025-11-07,U0146,,6080-Consulting,67.75,Consulting charge
T004292,2026-04-27,U0217,U0187,6030-Professional Fees,35.48,Professional Fees charge
T004293,2026-06-30,U0166,,6010-Office Supplies,1247.94,Office Supplies charge
T004294,2025-10-14,U0114,U0171,6090-Equipment,489.74,Equipment charge
T004295,2026-04-12,U0143,,6100-Freight & Shipping,1801.48,Freight & Shipping charge
T004296,2025-09-20,U0052,,6030-Professional Fees,108.77,Professional Fees charge
T004297,2025-10-31,U0279,,6020-Travel & Entertainment,872.96,Travel & Entertainment charge
T004298,2026-06-27,U0398,,6020-Travel & Entertainment,3849.5,Travel & Entertainment charge
T004299,2025-11-04,U0350,,6070-Utilities,781.86,Utilities charge
T004300,2026-04-20,U0041,,6040-IT Software,667.97,IT Software charge
T004301,2025-11-12,U0247,U0292,6100-Freight & Shipping,497.41,Freight & Shipping charge
T004302,2025-12-27,U0282,U0318,6100-Freight & Shipping,87.53,Freight & Shipping charge
T004303,2026-03-23,U0142,,6100-Freight & Shipping,2188.85,Freight & Shipping charge
T004304,2025-12-21,U0256,,6080-Consulting,251.65,Consulting charge
T004305,2026-03-03,U0020,,6030-Professional Fees,858.28,Professional Fees charge
T004306,2025-09-01,U0281,,6080-Consulting,88.29,Consulting charge
T004307,2026-07-14,U0344,U0146,6020-Travel & Entertainment,134.64,Travel & Entertainment charge
T004308,2026-08-01,U0100,,6010-Office Supplies,4900.0,Office Supplies charge
T004309,2026-06-14,U0139,U0124,6080-Consulting,2388.92,Consulting charge
T004310,2026-07-24,U0175,U0179,6060-Marketing,336.29,Marketing charge
T004311,2026-03-24,U0291,U0382,6080-Consulting,2437.19,Consulting charge
T004312,2026-01-18,U0032,,6010-Office Supplies,452.12,Office Supplies charge
T004313,2026-01-18,U0120,,6070-Utilities,64.97,Utilities charge
T004314,2026-01-31,U0200,,6020-Travel & Entertainment,1314.58,Travel & Entertainment charge
T004315,2026-04-06,U0137,U0140,6090-Equipment,257.53,Equipment charge
T004316,2026-08-07,U0317,U0177,6030-Professional Fees,1062.69,Professional Fees charge
T004317,2026-01-03,U0061,U0316,6040-IT Software,506.61,IT Software charge
T004318,2026-01-03,U0100,,6030-Professional Fees,4995.0,Professional Fees charge
T004319,2026-08-17,U0115,,6020-Travel & Entertainment,90.25,Travel & Entertainment charge
T004320,2025-11-02,U0301,,6070-Utilities,590.36,Utilities charge
T004321,2026-06-03,U0136,U0382,6100-Freight & Shipping,5518.41,Freight & Shipping charge
T004322,2026-01-04,U0277,,6070-Utilities,847.5,Utilities charge
T004323,2026-07-01,U0295,,6050-Facilities,462.54,Facilities charge
T004324,2025-09-24,U0108,U0148,6010-Office Supplies,1608.21,Office Supplies charge
T004325,2025-09-26,U0061,,6080-Consulting,621.25,Consulting charge
T004326,2026-01-02,U0251,,6050-Facilities,620.48,Facilities charge
T004327,2026-08-01,U0021,,6090-Equipment,148.3,Equipment charge
T004328,2026-06-27,U0039,,6080-Consulting,4950.0,Consulting charge
T004329,2026-01-14,U0362,,6050-Facilities,637.3,Facilities charge
T004330,2026-07-08,U0243,,6080-Consulting,1539.15,Consulting charge
T004331,2026-03-19,U0191,,6020-Travel & Entertainment,196.44,Travel & Entertainment charge
T004332,2025-10-11,U0288,,6040-IT Software,2361.25,IT Software charge
T004333,2026-08-19,U0069,,6090-Equipment,445.47,Equipment charge
T004334,2026-01-02,U0246,U0232,6100-Freight & Shipping,185.57,Freight & Shipping charge
T004335,2026-04-14,U0219,U0208,6090-Equipment,1476.45,Equipment charge
T004336,2025-12-16,U0286,,6080-Consulting,359.43,Consulting charge
T004337,2026-05-03,U0302,U0082,6050-Facilities,1136.22,Facilities charge
T004338,2026-08-18,U0126,,6050-Facilities,357.48,Facilities charge
T004339,2026-01-31,U0171,U0247,6070-Utilities,461.37,Utilities charge
T004340,2025-12-21,U0119,,6010-Office Supplies,848.03,Office Supplies charge
T004341,2026-04-23,U0045,,6070-Utilities,678.57,Utilities charge
T004342,2026-07-18,U0103,U0132,6020-Travel & Entertainment,54.87,Travel & Entertainment charge
T004343,2026-07-05,U0067,,6070-Utilities,143.54,Utilities charge
T004344,2026-04-01,U0121,,6050-Facilities,1369.71,Facilities charge
T004345,2026-02-08,U0222,,6070-Utilities,426.09,Utilities charge
T004346,2026-05-20,U0342,U0318,6080-Consulting,276.97,Consulting charge
T004347,2025-12-28,U0322,,6010-Office Supplies,110.56,Office Supplies charge
T004348,2026-08-16,U0281,U0131,6100-Freight & Shipping,150.25,Freight & Shipping charge
T004349,2026-02-24,U0049,,6100-Freight & Shipping,53.3,Freight & Shipping charge
T004350,2026-08-28,U0086,,6100-Freight & Shipping,440.8,Freight & Shipping charge
T004351,2025-09-30,U0279,U0041,6070-Utilities,255.12,Utilities charge
T004352,2026-01-14,U0030,,6010-Office Supplies,170.16,Office Supplies charge
T004353,2026-06-24,U0086,,6020-Travel & Entertainment,457.17,Travel & Entertainment charge
T004354,2026-05-21,U0075,U0114,6030-Professional Fees,735.37,Professional Fees charge
T004355,2025-10-15,U0016,,6090-Equipment,4927.16,Equipment charge
T004356,2026-07-31,U0232,,6010-Office Supplies,93.4,Office Supplies charge
T004357,2026-04-18,U0395,,6090-Equipment,1763.96,Equipment charge
T004358,2026-08-02,U0300,,6050-Facilities,1437.14,Facilities charge
T004359,2026-06-25,U0162,,6100-Freight & Shipping,209.14,Freight & Shipping charge
T004360,2025-11-22,U0178,U0159,6030-Professional Fees,616.19,Professional Fees charge
T004361,2026-03-29,U0315,,6060-Marketing,297.85,Marketing charge
T004362,2026-06-11,U0058,U0009,6100-Freight & Shipping,604.41,Freight & Shipping charge
T004363,2025-10-10,U0250,,6080-Consulting,2591.63,Consulting charge
T004364,2026-03-28,U0177,,6040-IT Software,959.26,IT Software charge
T004365,2025-11-26,U0058,,6100-Freight & Shipping,862.18,Freight & Shipping charge
T004366,2026-04-18,U0202,,6030-Professional Fees,306.94,Professional Fees charge
T004367,2026-04-03,U0062,,6100-Freight & Shipping,96.31,Freight & Shipping charge
T004368,2026-06-15,U0281,,6090-Equipment,391.77,Equipment charge
T004369,2026-05-28,U0123,,6100-Freight & Shipping,1858.02,Freight & Shipping charge
T004370,2026-03-20,U0036,U0032,6090-Equipment,91.85,Equipment charge
T004371,2025-12-16,U0068,,6010-Office Supplies,154.38,Office Supplies charge
T004372,2026-02-26,U0285,,6040-IT Software,566.17,IT Software charge
T004373,2026-03-19,U0068,,6040-IT Software,166.81,IT Software charge
T004374,2025-11-01,U0243,,6040-IT Software,206.07,IT Software charge
T004375,2026-02-16,U0303,,6050-Facilities,309.22,Facilities charge
T004376,2026-02-06,U0031,U0394,6100-Freight & Shipping,109.71,Freight & Shipping charge
T004377,2026-07-05,U0096,,6060-Marketing,168.76,Marketing charge
T004378,2026-05-16,U0188,,6040-IT Software,1068.24,IT Software charge
T004379,2026-08-15,U0135,,6100-Freight & Shipping,116.97,Freight & Shipping charge
T004380,2025-11-18,U0073,,6080-Consulting,84.97,Consulting charge
T004381,2026-07-07,U0126,,6030-Professional Fees,246.4,Professional Fees charge
T004382,2025-10-25,U0193,U0349,6080-Consulting,1102.3,Consulting charge
T004383,2026-02-13,U0108,U0147,6090-Equipment,396.78,Equipment charge
T004384,2026-04-04,U0285,U0107,6030-Professional Fees,295.59,Professional Fees charge
T004385,2026-03-27,U0111,,6010-Office Supplies,517.39,Office Supplies charge
T004386,2026-06-20,U0134,U0121,6100-Freight & Shipping,72.22,Freight & Shipping charge
T004387,2026-01-07,U0320,,6060-Marketing,849.1,Marketing charge
T004388,2025-09-27,U0126,,6100-Freight & Shipping,751.28,Freight & Shipping charge
T004389,2026-07-04,U0272,,6070-Utilities,314.12,Utilities charge
T004390,2025-09-24,U0362,,6100-Freight & Shipping,1489.98,Freight & Shipping charge
T004391,2026-06-24,U0207,,6090-Equipment,142.56,Equipment charge
T004392,2026-06-15,U0024,U0066,6100-Freight & Shipping,1703.94,Freight & Shipping charge
T004393,2026-05-06,U0266,,6040-IT Software,584.02,IT Software charge
T004394,2026-04-03,U0056,U0121,6070-Utilities,340.29,Utilities charge
T004395,2026-07-16,U0125,,6080-Consulting,482.09,Consulting charge
T004396,2026-05-03,U0021,,6030-Professional Fees,437.91,Professional Fees charge
T004397,2025-09-06,U0167,,6030-Professional Fees,1886.18,Professional Fees charge
T004398,2025-11-27,U0377,,6050-Facilities,150.75,Facilities charge
T004399,2025-10-02,U0132,U0136,6070-Utilities,212.99,Utilities charge
T004400,2026-02-08,U0251,U0315,6050-Facilities,1540.61,Facilities charge
T004401,2026-07-30,U0061,U0320,6050-Facilities,255.93,Facilities charge
T004402,2025-11-19,U0154,U0212,6010-Office Supplies,1326.88,Office Supplies charge
T004403,2026-08-24,U0008,,6100-Freight & Shipping,3195.12,Freight & Shipping charge
T004404,2025-10-31,U0055,U0191,6090-Equipment,316.72,Equipment charge
T004405,2026-01-19,U0241,,6010-Office Supplies,1042.63,Office Supplies charge
T004406,2026-02-06,U0062,,6080-Consulting,138.51,Consulting charge
T004407,2026-08-28,U0361,,6020-Travel & Entertainment,1130.26,Travel & Entertainment charge
T004408,2026-02-07,U0180,,6030-Professional Fees,613.61,Professional Fees charge
T004409,2026-08-17,U0056,,6100-Freight & Shipping,829.1,Freight & Shipping charge
T004410,2026-03-17,U0105,,6020-Travel & Entertainment,242.23,Travel & Entertainment charge
T004411,2025-09-14,U0045,,6040-IT Software,79.27,IT Software charge
T004412,2025-12-02,U0152,U0371,6100-Freight & Shipping,857.12,Freight & Shipping charge
T004413,2026-01-02,U0103,,6080-Consulting,50.92,Consulting charge
T004414,2026-08-06,U0336,,6070-Utilities,347.55,Utilities charge
T004415,2026-02-25,U0327,,6040-IT Software,1387.56,IT Software charge
T004416,2026-01-07,U0327,,6020-Travel & Entertainment,608.56,Travel & Entertainment charge
T004417,2025-12-08,U0313,,6100-Freight & Shipping,4201.42,Freight & Shipping charge
T004418,2026-02-04,U0133,,6030-Professional Fees,1521.76,Professional Fees charge
T004419,2026-01-29,U0088,,6010-Office Supplies,240.02,Office Supplies charge
T004420,2025-12-06,U0296,U0170,6050-Facilities,507.78,Facilities charge
T004421,2026-05-23,U0394,,6090-Equipment,467.73,Equipment charge
T004422,2025-12-16,U0147,,6080-Consulting,86.45,Consulting charge
T004423,2026-03-15,U0303,U0027,6070-Utilities,175.14,Utilities charge
T004424,2026-04-11,U0293,U0143,6060-Marketing,265.91,Marketing charge
T004425,2025-11-30,U0323,,6070-Utilities,52.47,Utilities charge
T004426,2026-02-16,U0319,U0192,6060-Marketing,519.18,Marketing charge
T004427,2026-06-23,U0017,,6060-Marketing,374.66,Marketing charge
T004428,2026-07-22,U0322,,6090-Equipment,78.24,Equipment charge
T004429,2026-01-18,U0352,,6080-Consulting,768.65,Consulting charge
T004430,2026-06-19,U0143,,6070-Utilities,1082.97,Utilities charge
T004431,2026-01-24,U0245,,6060-Marketing,632.54,Marketing charge
T004432,2026-03-27,U0272,,6060-Marketing,344.99,Marketing charge
T004433,2025-11-09,U0117,,6040-IT Software,4999.0,IT Software charge
T004434,2025-12-18,U0263,,6050-Facilities,944.43,Facilities charge
T004435,2026-07-28,U0353,,6070-Utilities,1041.32,Utilities charge
T004436,2026-04-09,U0251,,6080-Consulting,691.0,Consulting charge
T004437,2026-04-22,U0148,U0376,6010-Office Supplies,198.92,Office Supplies charge
T004438,2026-04-10,U0017,,6100-Freight & Shipping,667.98,Freight & Shipping charge
T004439,2026-04-14,U0362,,6020-Travel & Entertainment,1835.42,Travel & Entertainment charge
T004440,2026-05-27,U0125,,6050-Facilities,255.62,Facilities charge
T004441,2025-10-23,U0259,,6060-Marketing,4952.92,Marketing charge
T004442,2026-05-17,U0039,,6060-Marketing,4950.0,Marketing charge
T004443,2026-08-18,U0016,,6020-Travel & Entertainment,276.39,Travel & Entertainment charge
T004444,2026-06-16,U0149,,6030-Professional Fees,510.63,Professional Fees charge
T004445,2026-07-10,U0211,,6070-Utilities,235.16,Utilities charge
T004446,2026-02-13,U0159,,6010-Office Supplies,629.92,Office Supplies charge
T004447,2026-08-29,U0236,U0193,6100-Freight & Shipping,72.5,Freight & Shipping charge
T004448,2025-09-24,U0176,,6030-Professional Fees,270.25,Professional Fees charge
T004449,2025-12-01,U0151,,6090-Equipment,148.22,Equipment charge
T004450,2026-06-28,U0309,,6030-Professional Fees,571.85,Professional Fees charge
T004451,2026-02-01,U0073,,6010-Office Supplies,1471.29,Office Supplies charge
T004452,2026-01-02,U0398,,6090-Equipment,1002.86,Equipment charge
T004453,2026-04-08,U0284,,6030-Professional Fees,36.28,Professional Fees charge
T004454,2026-05-22,U0171,,6020-Travel & Entertainment,4657.7,Travel & Entertainment charge
T004455,2026-05-23,U0143,,6050-Facilities,681.85,Facilities charge
T004456,2026-06-14,U0235,U0297,6010-Office Supplies,209.74,Office Supplies charge
T004457,2025-12-23,U0201,U0049,6010-Office Supplies,585.72,Office Supplies charge
T004458,2026-04-13,U0084,,6090-Equipment,598.13,Equipment charge
T004459,2026-08-29,U0039,,6040-IT Software,4999.0,IT Software charge
T004460,2026-05-27,U0201,U0125,6070-Utilities,236.62,Utilities charge
T004461,2026-02-15,U0222,,6070-Utilities,612.6,Utilities charge
T004462,2025-12-20,U0245,U0367,6050-Facilities,252.59,Facilities charge
T004463,2026-01-11,U0344,,6070-Utilities,315.83,Utilities charge
T004464,2025-12-29,U0140,,6020-Travel & Entertainment,231.62,Travel & Entertainment charge
T004465,2025-12-10,U0089,,6040-IT Software,101.91,IT Software charge
T004466,2026-05-03,U0054,U0074,6010-Office Supplies,578.49,Office Supplies charge
T004467,2026-02-02,U0258,,6050-Facilities,938.07,Facilities charge
T004468,2025-11-28,U0248,,6070-Utilities,868.16,Utilities charge
T004469,2026-04-16,U0225,U0356,6090-Equipment,1214.29,Equipment charge
T004470,2026-07-07,U0319,U0286,6080-Consulting,704.0,Consulting charge
T004471,2026-07-11,U0215,,6050-Facilities,274.24,Facilities charge
T004472,2026-05-16,U0163,,6060-Marketing,1240.95,Marketing charge
T004473,2026-04-17,U0112,,6080-Consulting,110.69,Consulting charge
T004474,2026-01-01,U0021,,6080-Consulting,182.96,Consulting charge
T004475,2026-01-23,U0275,U0278,6010-Office Supplies,170.61,Office Supplies charge
T004476,2026-04-28,U0243,,6060-Marketing,1616.57,Marketing charge
T004477,2025-12-12,U0201,,6050-Facilities,1390.01,Facilities charge
T004478,2025-12-16,U0273,,6040-IT Software,842.22,IT Software charge
T004479,2026-07-27,U0024,U0026,6010-Office Supplies,1602.18,Office Supplies charge
T004480,2026-03-10,U0236,,6070-Utilities,187.31,Utilities charge
T004481,2026-01-27,U0138,,6050-Facilities,723.03,Facilities charge
T004482,2026-08-02,U0188,,6070-Utilities,429.37,Utilities charge
T004483,2025-12-12,U0106,,6030-Professional Fees,1250.84,Professional Fees charge
T004484,2026-07-21,U0024,U0270,6010-Office Supplies,434.09,Office Supplies charge
T004485,2026-06-20,U0021,,6020-Travel & Entertainment,322.65,Travel & Entertainment charge
T004486,2026-06-27,U0174,U0349,6060-Marketing,893.37,Marketing charge
T004487,2026-05-15,U0347,,6100-Freight & Shipping,1291.79,Freight & Shipping charge
T004488,2025-10-12,U0177,,6020-Travel & Entertainment,236.23,Travel & Entertainment charge
T004489,2026-05-16,U0179,,6040-IT Software,460.73,IT Software charge
T004490,2026-03-25,U0158,,6070-Utilities,153.81,Utilities charge
T004491,2026-04-18,U0272,,6070-Utilities,31.57,Utilities charge
T004492,2026-03-29,U0379,U0267,6090-Equipment,614.31,Equipment charge
T004493,2026-03-30,U0336,,6070-Utilities,962.75,Utilities charge
T004494,2026-06-08,U0220,U0214,6030-Professional Fees,657.39,Professional Fees charge
T004495,2026-03-08,U0078,,6070-Utilities,57.71,Utilities charge
T004496,2025-09-09,U0215,U0097,6090-Equipment,334.98,Equipment charge
T004497,2026-04-05,U0100,,6040-IT Software,4995.0,IT Software charge
T004498,2026-02-09,U0014,,6050-Facilities,42.94,Facilities charge
T004499,2026-06-01,U0363,U0145,6070-Utilities,2223.13,Utilities charge
T004500,2026-03-01,U0037,U0223,6020-Travel & Entertainment,149.21,Travel & Entertainment charge
T004501,2025-09-17,U0216,,6050-Facilities,1960.48,Facilities charge
T004502,2025-12-19,U0139,U0263,6090-Equipment,1394.73,Equipment charge
T004503,2026-02-21,U0289,U0171,6030-Professional Fees,182.98,Professional Fees charge
T004504,2025-09-02,U0075,U0062,6040-IT Software,141.73,IT Software charge
T004505,2026-08-11,U0014,U0293,6030-Professional Fees,724.45,Professional Fees charge
T004506,2026-07-28,U0278,,6040-IT Software,194.66,IT Software charge
T004507,2026-08-16,U0310,,6070-Utilities,551.55,Utilities charge
T004508,2026-05-04,U0287,U0119,6050-Facilities,289.71,Facilities charge
T004509,2025-10-10,U0210,U0203,6090-Equipment,69.46,Equipment charge
T004510,2026-03-11,U0297,,6040-IT Software,42.37,IT Software charge
T004511,2026-02-10,U0242,,6090-Equipment,632.29,Equipment charge
T004512,2026-05-28,U0362,U0070,6090-Equipment,265.68,Equipment charge
T004513,2026-06-09,U0282,,6100-Freight & Shipping,268.16,Freight & Shipping charge
T004514,2025-09-30,U0361,,6100-Freight & Shipping,1059.39,Freight & Shipping charge
T004515,2025-10-09,U0395,,6030-Professional Fees,1791.46,Professional Fees charge
T004516,2026-02-17,U0216,,6060-Marketing,365.11,Marketing charge
T004517,2026-03-12,U0066,,6080-Consulting,338.78,Consulting charge
T004518,2026-06-03,U0125,U0128,6040-IT Software,854.19,IT Software charge
T004519,2026-05-31,U0176,,6100-Freight & Shipping,110.76,Freight & Shipping charge
T004520,2025-09-29,U0029,U0149,6040-IT Software,629.84,IT Software charge
T004521,2025-12-06,U0221,,6050-Facilities,904.22,Facilities charge
T004522,2026-02-07,U0101,,6030-Professional Fees,1041.33,Professional Fees charge
T004523,2026-06-22,U0212,U0035,6080-Consulting,58.53,Consulting charge
T004524,2025-10-23,U0338,,6030-Professional Fees,213.26,Professional Fees charge
T004525,2025-12-08,U0273,U0232,6050-Facilities,187.52,Facilities charge
T004526,2025-12-10,U0054,,6040-IT Software,549.98,IT Software charge
T004527,2026-03-05,U0204,,6040-IT Software,836.16,IT Software charge
T004528,2025-12-24,U0181,,6010-Office Supplies,2556.47,Office Supplies charge
T004529,2025-09-06,U0168,U0061,6080-Consulting,285.87,Consulting charge
T004530,2026-07-13,U0032,,6070-Utilities,285.05,Utilities charge
T004531,2026-02-08,U0388,,6060-Marketing,1745.23,Marketing charge
T004532,2025-12-31,U0250,,6050-Facilities,682.82,Facilities charge
T004533,2026-06-13,U0071,U0236,6030-Professional Fees,1987.07,Professional Fees charge
T004534,2026-07-04,U0355,U0174,6050-Facilities,676.95,Facilities charge
T004535,2025-10-13,U0399,,6100-Freight & Shipping,137.99,Freight & Shipping charge
T004536,2026-04-03,U0017,,6020-Travel & Entertainment,113.7,Travel & Entertainment charge
T004537,2026-03-14,U0375,U0303,6100-Freight & Shipping,89.42,Freight & Shipping charge
T004538,2025-11-07,U0371,U0073,6030-Professional Fees,1020.71,Professional Fees charge
T004539,2026-06-02,U0234,,6030-Professional Fees,1821.57,Professional Fees charge
T004540,2025-11-17,U0074,,6020-Travel & Entertainment,3768.0,Travel & Entertainment charge
T004541,2026-03-25,U0372,,6030-Professional Fees,1245.65,Professional Fees charge
T004542,2026-06-19,U0359,U0114,6070-Utilities,1770.69,Utilities charge
T004543,2026-01-17,U0368,,6080-Consulting,260.34,Consulting charge
T004544,2025-09-02,U0053,U0388,6010-Office Supplies,138.1,Office Supplies charge
T004545,2026-07-22,U0369,,6060-Marketing,1255.25,Marketing charge
T004546,2026-07-19,U0318,U0086,6080-Consulting,780.12,Consulting charge
T004547,2025-09-24,U0023,U0192,6080-Consulting,554.57,Consulting charge
T004548,2026-05-11,U0356,U0268,6030-Professional Fees,754.54,Professional Fees charge
T004549,2025-11-14,U0072,U0111,6100-Freight & Shipping,703.1,Freight & Shipping charge
T004550,2026-02-17,U0030,,6090-Equipment,2022.72,Equipment charge
T004551,2026-08-28,U0017,,6030-Professional Fees,2047.72,Professional Fees charge
T004552,2025-09-09,U0231,,6070-Utilities,896.63,Utilities charge
T004553,2026-01-17,U0039,U0352,6050-Facilities,9900.0,Facilities charge
T004554,2025-09-22,U0192,,6100-Freight & Shipping,1249.36,Freight & Shipping charge
T004555,2026-05-16,U0369,,6100-Freight & Shipping,867.37,Freight & Shipping charge
T004556,2025-12-14,U0148,,6010-Office Supplies,296.7,Office Supplies charge
T004557,2026-03-01,U0365,U0322,6070-Utilities,1132.54,Utilities charge
T004558,2026-05-30,U0284,,6090-Equipment,106.28,Equipment charge
T004559,2026-02-25,U0219,,6070-Utilities,1570.71,Utilities charge
T004560,2026-07-17,U0355,,6040-IT Software,132.43,IT Software charge
T004561,2026-04-02,U0035,U0342,6030-Professional Fees,674.78,Professional Fees charge
T004562,2025-10-16,U0017,,6020-Travel & Entertainment,194.48,Travel & Entertainment charge
T004563,2026-03-15,U0320,,6010-Office Supplies,905.72,Office Supplies charge
T004564,2026-01-20,U0340,U0332,6080-Consulting,474.7,Consulting charge
T004565,2025-09-08,U0356,U0072,6040-IT Software,85.27,IT Software charge
T004566,2026-05-25,U0147,,6100-Freight & Shipping,782.72,Freight & Shipping charge
T004567,2026-06-14,U0140,,6030-Professional Fees,260.94,Professional Fees charge
T004568,2025-10-08,U0174,U0267,6100-Freight & Shipping,1298.88,Freight & Shipping charge
T004569,2025-09-25,U0324,,6060-Marketing,493.47,Marketing charge
T004570,2026-01-01,U0323,U0236,6100-Freight & Shipping,761.25,Freight & Shipping charge
T004571,2025-12-20,U0274,,6010-Office Supplies,171.86,Office Supplies charge
T004572,2025-11-04,U0128,,6070-Utilities,257.68,Utilities charge
T004573,2026-05-20,U0146,,6090-Equipment,297.52,Equipment charge
T004574,2026-02-17,U0238,U0098,6070-Utilities,1264.42,Utilities charge
T004575,2026-08-06,U0211,,6090-Equipment,3118.52,Equipment charge
T004576,2026-05-28,U0094,,6030-Professional Fees,203.22,Professional Fees charge
T004577,2026-05-28,U0066,,6040-IT Software,1610.88,IT Software charge
T004578,2026-04-12,U0029,,6090-Equipment,45.3,Equipment charge
T004579,2026-08-15,U0169,,6070-Utilities,132.47,Utilities charge
T004580,2026-05-16,U0286,,6010-Office Supplies,171.63,Office Supplies charge
T004581,2026-06-10,U0182,U0160,6040-IT Software,111.3,IT Software charge
T004582,2026-02-14,U0331,U0133,6100-Freight & Shipping,86.32,Freight & Shipping charge
T004583,2026-07-23,U0204,,6040-IT Software,776.11,IT Software charge
T004584,2026-08-17,U0194,U0292,6060-Marketing,389.37,Marketing charge
T004585,2026-05-09,U0362,,6050-Facilities,747.96,Facilities charge
T004586,2025-10-15,U0158,U0305,6020-Travel & Entertainment,1053.13,Travel & Entertainment charge
T004587,2026-08-17,U0221,,6030-Professional Fees,659.96,Professional Fees charge
T004588,2026-07-31,U0071,,6020-Travel & Entertainment,1015.91,Travel & Entertainment charge
T004589,2026-01-10,U0246,,6060-Marketing,456.47,Marketing charge
T004590,2026-02-10,U0204,,6020-Travel & Entertainment,133.53,Travel & Entertainment charge
T004591,2026-02-07,U0252,,6020-Travel & Entertainment,1577.5,Travel & Entertainment charge
T004592,2026-04-07,U0347,U0033,6040-IT Software,257.75,IT Software charge
T004593,2025-12-15,U0325,,6060-Marketing,176.06,Marketing charge
T004594,2025-10-27,U0040,,6070-Utilities,405.16,Utilities charge
T004595,2026-02-15,U0052,,6100-Freight & Shipping,180.53,Freight & Shipping charge
T004596,2026-01-22,U0101,U0314,6030-Professional Fees,311.32,Professional Fees charge
T004597,2026-02-04,U0125,,6100-Freight & Shipping,719.43,Freight & Shipping charge
T004598,2025-09-25,U0319,,6100-Freight & Shipping,722.83,Freight & Shipping charge
T004599,2026-08-02,U0252,,6010-Office Supplies,183.53,Office Supplies charge
T004600,2026-06-13,U0100,U0189,6050-Facilities,9800.0,Facilities charge
T004601,2026-04-13,U0127,,6040-IT Software,288.16,IT Software charge
T004602,2026-03-24,U0231,,6080-Consulting,1606.42,Consulting charge
T004603,2026-01-18,U0149,,6070-Utilities,850.68,Utilities charge
T004604,2025-11-18,U0337,,6070-Utilities,4829.85,Utilities charge
T004605,2026-01-15,U0280,U0080,6070-Utilities,1804.68,Utilities charge
T004606,2026-07-20,U0032,,6060-Marketing,1734.93,Marketing charge
T004607,2026-07-17,U0170,,6100-Freight & Shipping,107.06,Freight & Shipping charge
T004608,2026-08-30,U0090,,6090-Equipment,1141.67,Equipment charge
T004609,2026-07-18,U0257,,6030-Professional Fees,464.79,Professional Fees charge
T004610,2025-11-27,U0029,,6020-Travel & Entertainment,268.79,Travel & Entertainment charge
T004611,2026-07-30,U0181,,6040-IT Software,592.78,IT Software charge
T004612,2026-05-13,U0393,,6080-Consulting,1393.72,Consulting charge
T004613,2025-10-16,U0082,,6030-Professional Fees,854.84,Professional Fees charge
T004614,2026-07-08,U0126,,6060-Marketing,187.48,Marketing charge
T004615,2026-02-28,U0117,,6070-Utilities,4900.0,Utilities charge
T004616,2026-08-23,U0324,,6100-Freight & Shipping,1115.11,Freight & Shipping charge
T004617,2026-04-22,U0042,U0331,6080-Consulting,244.36,Consulting charge
T004618,2026-08-19,U0395,,6050-Facilities,625.37,Facilities charge
T004619,2025-11-24,U0350,U0158,6060-Marketing,352.95,Marketing charge
T004620,2026-06-05,U0361,,6030-Professional Fees,387.32,Professional Fees charge
T004621,2026-05-23,U0140,,6060-Marketing,1144.66,Marketing charge
T004622,2026-04-16,U0255,,6070-Utilities,156.93,Utilities charge
T004623,2025-09-19,U0336,,6080-Consulting,4186.89,Consulting charge
T004624,2026-01-13,U0354,,6040-IT Software,66.47,IT Software charge
T004625,2026-06-02,U0250,U0237,6080-Consulting,255.33,Consulting charge
T004626,2025-11-29,U0324,,6030-Professional Fees,740.43,Professional Fees charge
T004627,2026-07-11,U0152,,6010-Office Supplies,937.06,Office Supplies charge
T004628,2026-01-31,U0138,,6020-Travel & Entertainment,441.19,Travel & Entertainment charge
T004629,2026-04-27,U0268,,6020-Travel & Entertainment,462.6,Travel & Entertainment charge
T004630,2025-11-03,U0066,,6060-Marketing,774.03,Marketing charge
T004631,2026-01-26,U0132,U0045,6100-Freight & Shipping,382.15,Freight & Shipping charge
T004632,2026-01-13,U0386,U0210,6090-Equipment,2281.3,Equipment charge
T004633,2026-05-15,U0270,U0193,6060-Marketing,1240.52,Marketing charge
T004634,2026-07-29,U0154,,6080-Consulting,1287.05,Consulting charge
T004635,2026-07-30,U0186,,6060-Marketing,170.24,Marketing charge
T004636,2025-11-17,U0177,,6040-IT Software,451.54,IT Software charge
T004637,2026-07-04,U0359,,6090-Equipment,4999.0,Equipment charge
T004638,2026-03-05,U0281,,6090-Equipment,354.07,Equipment charge
T004639,2025-11-19,U0030,U0375,6090-Equipment,163.01,Equipment charge
T004640,2025-12-09,U0070,U0385,6070-Utilities,732.29,Utilities charge
T004641,2026-01-10,U0146,U0258,6080-Consulting,5000.0,Consulting charge
T004642,2025-10-20,U0369,,6050-Facilities,272.76,Facilities charge
T004643,2026-05-09,U0341,U0200,6040-IT Software,1013.28,IT Software charge
T004644,2026-06-20,U0180,,6060-Marketing,151.83,Marketing charge
T004645,2026-05-14,U0125,,6050-Facilities,3264.77,Facilities charge
T004646,2025-11-02,U0026,,6080-Consulting,183.83,Consulting charge
T004647,2025-10-22,U0222,,6010-Office Supplies,627.18,Office Supplies charge
T004648,2025-09-16,U0396,,6010-Office Supplies,1177.38,Office Supplies charge
T004649,2026-03-16,U0026,,6080-Consulting,263.04,Consulting charge
T004650,2025-09-18,U0331,,6080-Consulting,1258.55,Consulting charge
T004651,2026-05-29,U0105,U0091,6060-Marketing,127.47,Marketing charge
T004652,2026-03-06,U0066,U0318,6100-Freight & Shipping,2434.09,Freight & Shipping charge
T004653,2026-04-06,U0337,U0116,6080-Consulting,500.48,Consulting charge
T004654,2026-05-08,U0248,,6040-IT Software,255.69,IT Software charge
T004655,2026-08-27,U0204,U0038,6090-Equipment,354.57,Equipment charge
T004656,2025-11-05,U0262,U0052,6030-Professional Fees,1199.68,Professional Fees charge
T004657,2025-12-28,U0124,,6060-Marketing,259.07,Marketing charge
T004658,2025-09-04,U0354,U0270,6020-Travel & Entertainment,216.09,Travel & Entertainment charge
T004659,2025-11-24,U0175,,6080-Consulting,386.18,Consulting charge
T004660,2026-04-10,U0131,,6070-Utilities,135.01,Utilities charge
T004661,2026-05-04,U0177,,6100-Freight & Shipping,3650.42,Freight & Shipping charge
T004662,2026-08-22,U0041,U0391,6050-Facilities,264.27,Facilities charge
T004663,2026-08-07,U0010,,6010-Office Supplies,1230.01,Office Supplies charge
T004664,2026-03-06,U0131,,6070-Utilities,620.43,Utilities charge
T004665,2026-03-19,U0090,,6010-Office Supplies,166.84,Office Supplies charge
T004666,2025-12-02,U0193,,6070-Utilities,489.53,Utilities charge
T004667,2026-01-14,U0341,,6020-Travel & Entertainment,1167.25,Travel & Entertainment charge
T004668,2026-03-19,U0301,U0074,6070-Utilities,400.58,Utilities charge
T004669,2025-11-05,U0393,U0151,6040-IT Software,1830.65,IT Software charge
T004670,2026-08-03,U0364,U0217,6030-Professional Fees,1515.75,Professional Fees charge
T004671,2025-10-26,U0051,,6100-Freight & Shipping,1353.98,Freight & Shipping charge
T004672,2025-11-15,U0326,,6060-Marketing,297.19,Marketing charge
T004673,2026-02-11,U0226,,6080-Consulting,150.23,Consulting charge
T004674,2026-03-13,U0155,U0180,6060-Marketing,250.9,Marketing charge
T004675,2026-01-25,U0160,U0308,6020-Travel & Entertainment,611.47,Travel & Entertainment charge
T004676,2026-08-23,U0389,,6060-Marketing,898.18,Marketing charge
T004677,2025-12-06,U0260,,6090-Equipment,45.21,Equipment charge
T004678,2025-09-30,U0085,,6040-IT Software,488.37,IT Software charge
T004679,2025-10-22,U0311,,6100-Freight & Shipping,586.34,Freight & Shipping charge
T004680,2026-05-21,U0248,,6050-Facilities,363.11,Facilities charge
T004681,2026-05-13,U0160,,6020-Travel & Entertainment,2039.38,Travel & Entertainment charge
T004682,2025-09-15,U0097,,6020-Travel & Entertainment,783.65,Travel & Entertainment charge
T004683,2026-01-03,U0116,U0059,6060-Marketing,2082.26,Marketing charge
T004684,2025-12-04,U0066,U0225,6080-Consulting,388.56,Consulting charge
T004685,2025-12-10,U0010,,6010-Office Supplies,1381.91,Office Supplies charge
T004686,2026-01-28,U0227,U0331,6080-Consulting,2976.71,Consulting charge
T004687,2026-04-04,U0010,,6080-Consulting,2085.71,Consulting charge
T004688,2026-04-27,U0136,,6070-Utilities,148.21,Utilities charge
T004689,2026-05-06,U0003,,6070-Utilities,372.77,Utilities charge
T004690,2026-07-23,U0042,U0088,6070-Utilities,337.08,Utilities charge
T004691,2026-01-23,U0029,,6090-Equipment,844.02,Equipment charge
T004692,2025-09-26,U0323,,6050-Facilities,1048.37,Facilities charge
T004693,2025-12-23,U0331,,6010-Office Supplies,195.82,Office Supplies charge
T004694,2026-03-18,U0095,,6050-Facilities,530.93,Facilities charge
T004695,2026-07-12,U0147,U0355,6070-Utilities,53.41,Utilities charge
T004696,2026-03-25,U0051,,6010-Office Supplies,2407.01,Office Supplies charge
T004697,2026-07-09,U0133,,6010-Office Supplies,280.45,Office Supplies charge
T004698,2025-09-17,U0327,,6100-Freight & Shipping,523.98,Freight & Shipping charge
T004699,2025-09-08,U0377,,6040-IT Software,350.51,IT Software charge
T004700,2025-10-29,U0387,U0318,6100-Freight & Shipping,1738.24,Freight & Shipping charge
T004701,2026-03-11,U0044,U0315,6090-Equipment,21.73,Equipment charge
T004702,2026-06-24,U0084,U0159,6070-Utilities,483.83,Utilities charge
T004703,2025-10-31,U0103,U0144,6060-Marketing,438.61,Marketing charge
T004704,2026-03-23,U0372,,6030-Professional Fees,299.17,Professional Fees charge
T004705,2026-03-25,U0100,U0329,6010-Office Supplies,3290.68,Office Supplies charge
T004706,2026-06-09,U0018,,6090-Equipment,185.66,Equipment charge
T004707,2025-09-06,U0297,,6030-Professional Fees,1151.68,Professional Fees charge
T004708,2025-12-11,U0133,,6060-Marketing,729.15,Marketing charge
T004709,2025-12-08,U0169,U0208,6100-Freight & Shipping,1973.71,Freight & Shipping charge
T004710,2026-01-01,U0259,,6060-Marketing,236.53,Marketing charge
T004711,2026-01-08,U0191,,6070-Utilities,220.02,Utilities charge
T004712,2025-11-02,U0194,,6010-Office Supplies,1645.3,Office Supplies charge
T004713,2025-09-25,U0172,,6020-Travel & Entertainment,786.71,Travel & Entertainment charge
T004714,2025-10-15,U0111,,6100-Freight & Shipping,90.07,Freight & Shipping charge
T004715,2026-06-26,U0371,U0127,6080-Consulting,272.26,Consulting charge
T004716,2026-07-06,U0191,,6080-Consulting,753.72,Consulting charge
T004717,2026-05-07,U0050,,6010-Office Supplies,1238.36,Office Supplies charge
T004718,2026-04-20,U0289,,6010-Office Supplies,233.42,Office Supplies charge
T004719,2026-06-04,U0146,,6070-Utilities,2000.0,Utilities charge
T004720,2026-06-12,U0368,U0221,6100-Freight & Shipping,19.97,Freight & Shipping charge
T004721,2026-01-11,U0322,,6020-Travel & Entertainment,876.16,Travel & Entertainment charge
T004722,2026-04-23,U0233,,6080-Consulting,128.72,Consulting charge
T004723,2025-09-05,U0040,,6070-Utilities,53.57,Utilities charge
T004724,2026-06-28,U0384,,6080-Consulting,21.86,Consulting charge
T004725,2025-10-11,U0134,U0130,6080-Consulting,1206.38,Consulting charge
T004726,2026-01-14,U0104,,6100-Freight & Shipping,567.64,Freight & Shipping charge
T004727,2026-02-18,U0261,U0192,6080-Consulting,384.44,Consulting charge
T004728,2025-09-01,U0069,,6050-Facilities,2270.89,Facilities charge
T004729,2026-06-28,U0030,,6050-Facilities,993.32,Facilities charge
T004730,2025-10-30,U0126,,6090-Equipment,2915.89,Equipment charge
T004731,2026-02-22,U0016,U0345,6050-Facilities,106.48,Facilities charge
T004732,2026-03-04,U0336,U0276,6100-Freight & Shipping,474.37,Freight & Shipping charge
T004733,2025-10-31,U0238,,6020-Travel & Entertainment,83.23,Travel & Entertainment charge
T004734,2026-05-01,U0331,,6070-Utilities,382.86,Utilities charge
T004735,2026-08-11,U0165,,6060-Marketing,374.85,Marketing charge
T004736,2026-06-17,U0296,,6080-Consulting,981.69,Consulting charge
T004737,2025-12-17,U0332,U0398,6050-Facilities,518.08,Facilities charge
T004738,2026-03-14,U0117,U0201,6100-Freight & Shipping,9900.0,Freight & Shipping charge
T004739,2025-09-06,U0241,,6070-Utilities,978.23,Utilities charge
T004740,2025-12-03,U0345,,6070-Utilities,1068.26,Utilities charge
T004741,2026-06-08,U0236,U0257,6080-Consulting,5273.35,Consulting charge
T004742,2026-04-22,U0255,,6080-Consulting,348.34,Consulting charge
T004743,2025-12-15,U0383,,6100-Freight & Shipping,175.02,Freight & Shipping charge
T004744,2026-03-12,U0085,,6040-IT Software,645.93,IT Software charge
T004745,2025-10-06,U0257,,6020-Travel & Entertainment,203.87,Travel & Entertainment charge
T004746,2026-03-03,U0137,,6020-Travel & Entertainment,2515.32,Travel & Entertainment charge
T004747,2025-12-05,U0101,,6010-Office Supplies,360.85,Office Supplies charge
T004748,2025-11-25,U0383,U0400,6050-Facilities,264.51,Facilities charge
T004749,2025-09-27,U0138,,6030-Professional Fees,293.4,Professional Fees charge
T004750,2026-01-08,U0132,,6050-Facilities,1086.0,Facilities charge
T004751,2026-03-13,U0021,U0132,6100-Freight & Shipping,414.25,Freight & Shipping charge
T004752,2025-09-02,U0397,,6070-Utilities,243.27,Utilities charge
T004753,2026-02-22,U0112,,6080-Consulting,3077.54,Consulting charge
T004754,2026-07-04,U0082,,6050-Facilities,192.14,Facilities charge
T004755,2026-05-05,U0139,,6010-Office Supplies,512.41,Office Supplies charge
T004756,2026-01-08,U0151,,6090-Equipment,1009.83,Equipment charge
T004757,2026-05-31,U0164,,6080-Consulting,81.9,Consulting charge
T004758,2025-10-30,U0064,,6100-Freight & Shipping,835.71,Freight & Shipping charge
T004759,2025-09-06,U0300,,6050-Facilities,154.37,Facilities charge
T004760,2025-11-13,U0176,,6090-Equipment,1218.12,Equipment charge
T004761,2026-03-30,U0257,,6050-Facilities,170.9,Facilities charge
T004762,2026-05-04,U0023,,6090-Equipment,1055.79,Equipment charge
T004763,2026-05-30,U0317,U0106,6080-Consulting,1663.06,Consulting charge
T004764,2025-12-27,U0029,U0144,6100-Freight & Shipping,1271.03,Freight & Shipping charge
T004765,2026-05-05,U0047,U0185,6010-Office Supplies,649.66,Office Supplies charge
T004766,2026-03-25,U0322,,6070-Utilities,382.06,Utilities charge
T004767,2026-08-05,U0332,,6030-Professional Fees,261.37,Professional Fees charge
T004768,2026-05-06,U0302,,6030-Professional Fees,2485.27,Professional Fees charge
T004769,2026-08-25,U0118,U0176,6020-Travel & Entertainment,228.28,Travel & Entertainment charge
T004770,2026-03-05,U0326,,6070-Utilities,157.47,Utilities charge
T004771,2026-08-08,U0274,,6100-Freight & Shipping,1024.44,Freight & Shipping charge
T004772,2025-09-05,U0247,U0322,6040-IT Software,205.25,IT Software charge
T004773,2025-09-27,U0039,,6080-Consulting,4950.0,Consulting charge
T004774,2026-08-17,U0191,U0398,6020-Travel & Entertainment,173.28,Travel & Entertainment charge
T004775,2026-08-27,U0094,,6010-Office Supplies,100.69,Office Supplies charge
T004776,2026-01-31,U0206,U0158,6060-Marketing,289.69,Marketing charge
T004777,2026-05-14,U0306,,6100-Freight & Shipping,449.89,Freight & Shipping charge
T004778,2025-09-29,U0043,U0270,6050-Facilities,643.81,Facilities charge
T004779,2026-07-30,U0180,,6010-Office Supplies,1403.1,Office Supplies charge
T004780,2026-08-15,U0234,U0035,6100-Freight & Shipping,879.71,Freight & Shipping charge
T004781,2026-03-23,U0132,,6010-Office Supplies,399.43,Office Supplies charge
T004782,2026-01-28,U0192,,6090-Equipment,396.23,Equipment charge
T004783,2025-09-07,U0118,,6100-Freight & Shipping,863.65,Freight & Shipping charge
T004784,2025-11-12,U0285,U0309,6040-IT Software,1997.85,IT Software charge
T004785,2025-09-06,U0376,U0148,6070-Utilities,566.2,Utilities charge
T004786,2026-04-17,U0189,U0281,6100-Freight & Shipping,294.11,Freight & Shipping charge
T004787,2026-01-16,U0047,,6090-Equipment,165.31,Equipment charge
T004788,2025-10-25,U0039,,6080-Consulting,4900.0,Consulting charge
T004789,2026-07-09,U0287,U0076,6080-Consulting,100.51,Consulting charge
T004790,2025-10-08,U0201,U0324,6100-Freight & Shipping,1025.46,Freight & Shipping charge
T004791,2026-06-09,U0091,U0088,6060-Marketing,930.55,Marketing charge
T004792,2026-04-19,U0325,,6010-Office Supplies,929.92,Office Supplies charge
T004793,2026-05-03,U0116,U0062,6100-Freight & Shipping,427.72,Freight & Shipping charge
T004794,2026-06-02,U0193,,6060-Marketing,2316.07,Marketing charge
T004795,2026-04-08,U0048,,6040-IT Software,289.3,IT Software charge
T004796,2026-01-23,U0051,U0270,6100-Freight & Shipping,1409.23,Freight & Shipping charge
T004797,2026-04-24,U0189,U0175,6050-Facilities,472.19,Facilities charge
T004798,2026-02-01,U0107,,6090-Equipment,252.35,Equipment charge
T004799,2026-03-30,U0336,,6030-Professional Fees,945.57,Professional Fees charge
T004800,2026-05-23,U0049,U0171,6090-Equipment,773.25,Equipment charge
T004801,2026-06-22,U0383,U0377,6080-Consulting,729.73,Consulting charge
T004802,2026-08-29,U0251,,6080-Consulting,538.83,Consulting charge
T004803,2026-01-31,U0148,U0194,6040-IT Software,472.63,IT Software charge
T004804,2026-07-16,U0172,U0217,6080-Consulting,6817.23,Consulting charge
T004805,2026-05-02,U0207,,6020-Travel & Entertainment,1812.9,Travel & Entertainment charge
T004806,2025-12-24,U0174,,6090-Equipment,1091.28,Equipment charge
T004807,2026-07-12,U0093,,6100-Freight & Shipping,557.23,Freight & Shipping charge
T004808,2026-06-01,U0154,U0274,6010-Office Supplies,1492.0,Office Supplies charge
T004809,2026-04-03,U0335,,6010-Office Supplies,871.13,Office Supplies charge
T004810,2026-01-25,U0326,,6010-Office Supplies,507.16,Office Supplies charge
T004811,2026-05-06,U0203,U0098,6040-IT Software,352.86,IT Software charge
T004812,2026-03-15,U0234,U0090,6030-Professional Fees,450.79,Professional Fees charge
T004813,2025-12-23,U0024,U0345,6070-Utilities,15.07,Utilities charge
T004814,2026-01-16,U0052,,6010-Office Supplies,621.2,Office Supplies charge
T004815,2026-04-27,U0087,,6040-IT Software,287.92,IT Software charge
T004816,2025-12-04,U0266,,6030-Professional Fees,2841.07,Professional Fees charge
T004817,2026-05-10,U0148,,6060-Marketing,503.35,Marketing charge
T004818,2025-09-06,U0011,U0354,6020-Travel & Entertainment,133.24,Travel & Entertainment charge
T004819,2025-12-21,U0129,,6060-Marketing,466.44,Marketing charge
T004820,2026-04-18,U0155,,6050-Facilities,155.91,Facilities charge
T004821,2026-01-03,U0372,,6060-Marketing,829.44,Marketing charge
T004822,2026-05-03,U0278,U0345,6020-Travel & Entertainment,678.61,Travel & Entertainment charge
T004823,2025-11-26,U0016,,6030-Professional Fees,1413.22,Professional Fees charge
T004824,2026-04-27,U0171,U0118,6040-IT Software,206.44,IT Software charge
T004825,2026-02-01,U0146,,6100-Freight & Shipping,4900.0,Freight & Shipping charge
T004826,2025-10-05,U0235,,6050-Facilities,511.53,Facilities charge
T004827,2026-01-06,U0282,,6060-Marketing,109.78,Marketing charge
T004828,2026-01-24,U0035,U0362,6030-Professional Fees,1065.97,Professional Fees charge
T004829,2026-07-04,U0285,,6030-Professional Fees,871.97,Professional Fees charge
T004830,2026-04-15,U0250,U0329,6060-Marketing,850.13,Marketing charge
T004831,2026-07-16,U0130,U0332,6040-IT Software,493.63,IT Software charge
T004832,2026-06-28,U0231,,6010-Office Supplies,777.63,Office Supplies charge
T004833,2026-06-30,U0392,,6030-Professional Fees,2877.78,Professional Fees charge
T004834,2026-05-21,U0103,U0264,6080-Consulting,360.11,Consulting charge
T004835,2026-01-06,U0116,U0016,6090-Equipment,573.93,Equipment charge
T004836,2025-12-29,U0278,,6050-Facilities,149.2,Facilities charge
T004837,2025-12-16,U0396,U0175,6010-Office Supplies,189.6,Office Supplies charge
T004838,2025-12-01,U0061,,6030-Professional Fees,548.72,Professional Fees charge
T004839,2025-09-12,U0145,U0266,6100-Freight & Shipping,1659.59,Freight & Shipping charge
T004840,2025-09-29,U0093,U0046,6040-IT Software,371.7,IT Software charge
T004841,2025-09-25,U0231,U0059,6030-Professional Fees,380.12,Professional Fees charge
T004842,2026-05-08,U0021,,6020-Travel & Entertainment,314.95,Travel & Entertainment charge
T004843,2026-05-14,U0308,,6010-Office Supplies,273.63,Office Supplies charge
T004844,2026-07-22,U0152,U0381,6010-Office Supplies,681.62,Office Supplies charge
T004845,2026-08-12,U0400,,6050-Facilities,94.92,Facilities charge
T004846,2025-10-11,U0045,,6100-Freight & Shipping,2016.33,Freight & Shipping charge
T004847,2025-10-15,U0214,,6030-Professional Fees,236.99,Professional Fees charge
T004848,2026-05-07,U0026,U0144,6090-Equipment,1090.18,Equipment charge
T004849,2025-09-11,U0194,U0175,6060-Marketing,121.88,Marketing charge
T004850,2026-01-09,U0353,,6020-Travel & Entertainment,1028.36,Travel & Entertainment charge
T004851,2026-02-18,U0066,,6080-Consulting,1031.88,Consulting charge
T004852,2025-11-02,U0287,U0298,6070-Utilities,751.91,Utilities charge
T004853,2026-07-30,U0368,,6030-Professional Fees,165.03,Professional Fees charge
T004854,2026-04-09,U0014,U0048,6020-Travel & Entertainment,648.4,Travel & Entertainment charge
T004855,2026-08-09,U0392,,6090-Equipment,134.11,Equipment charge
T004856,2025-12-31,U0250,,6060-Marketing,373.14,Marketing charge
T004857,2026-04-23,U0001,,6070-Utilities,1528.98,Utilities charge
T004858,2025-11-18,U0165,,6010-Office Supplies,1183.67,Office Supplies charge
T004859,2026-05-15,U0221,,6060-Marketing,501.05,Marketing charge
T004860,2026-04-24,U0258,,6020-Travel & Entertainment,168.63,Travel & Entertainment charge
T004861,2025-09-13,U0245,,6090-Equipment,1002.39,Equipment charge
T004862,2025-10-26,U0027,U0242,6010-Office Supplies,503.37,Office Supplies charge
T004863,2025-09-26,U0059,,6040-IT Software,38.38,IT Software charge
T004864,2026-05-27,U0296,,6090-Equipment,1165.49,Equipment charge
T004865,2025-09-20,U0121,,6050-Facilities,479.79,Facilities charge
T004866,2025-10-29,U0385,,6070-Utilities,1849.55,Utilities charge
T004867,2026-03-28,U0068,,6090-Equipment,147.7,Equipment charge
T004868,2025-10-16,U0202,,6090-Equipment,15.0,Equipment charge
T004869,2026-07-03,U0243,,6010-Office Supplies,669.81,Office Supplies charge
T004870,2026-06-30,U0387,,6070-Utilities,679.07,Utilities charge
T004871,2026-06-02,U0321,U0025,6030-Professional Fees,76.73,Professional Fees charge
T004872,2026-05-04,U0011,U0001,6030-Professional Fees,167.95,Professional Fees charge
T004873,2026-06-11,U0372,U0165,6020-Travel & Entertainment,10206.09,Travel & Entertainment charge
T004874,2025-11-19,U0259,,6040-IT Software,352.07,IT Software charge
T004875,2025-09-10,U0161,,6080-Consulting,1101.09,Consulting charge
T004876,2026-06-01,U0021,,6040-IT Software,240.87,IT Software charge
T004877,2026-05-25,U0257,,6100-Freight & Shipping,49.44,Freight & Shipping charge
T004878,2025-10-23,U0214,U0317,6050-Facilities,408.59,Facilities charge
T004879,2026-03-30,U0119,U0279,6080-Consulting,367.91,Consulting charge
T004880,2026-06-16,U0150,,6010-Office Supplies,317.39,Office Supplies charge
T004881,2026-04-02,U0297,,6080-Consulting,434.37,Consulting charge
T004882,2026-05-10,U0190,,6020-Travel & Entertainment,658.98,Travel & Entertainment charge
T004883,2025-09-24,U0249,,6060-Marketing,417.75,Marketing charge
T004884,2025-12-16,U0232,,6050-Facilities,122.68,Facilities charge
T004885,2025-09-25,U0291,,6080-Consulting,841.18,Consulting charge
T004886,2025-09-17,U0014,,6030-Professional Fees,57.73,Professional Fees charge
T004887,2026-04-08,U0198,U0273,6060-Marketing,51.66,Marketing charge
T004888,2026-05-05,U0276,U0217,6040-IT Software,1111.09,IT Software charge
T004889,2026-08-19,U0286,,6090-Equipment,860.68,Equipment charge
T004890,2026-04-01,U0095,,6020-Travel & Entertainment,462.6,Travel & Entertainment charge
T004891,2025-11-18,U0393,U0389,6010-Office Supplies,106.17,Office Supplies charge
T004892,2025-11-10,U0038,U0182,6060-Marketing,226.17,Marketing charge
T004893,2026-08-03,U0018,U0025,6010-Office Supplies,369.07,Office Supplies charge
T004894,2025-09-19,U0293,,6100-Freight & Shipping,85.16,Freight & Shipping charge
T004895,2026-06-18,U0121,,6080-Consulting,218.56,Consulting charge
T004896,2026-05-20,U0300,,6080-Consulting,1009.86,Consulting charge
T004897,2025-12-19,U0225,,6010-Office Supplies,2368.56,Office Supplies charge
T004898,2026-01-06,U0161,,6090-Equipment,310.64,Equipment charge
T004899,2025-09-16,U0021,U0094,6100-Freight & Shipping,1132.45,Freight & Shipping charge
T004900,2026-02-05,U0355,,6100-Freight & Shipping,60.01,Freight & Shipping charge
T004901,2026-08-21,U0284,,6050-Facilities,1017.8,Facilities charge
T004902,2026-07-27,U0325,U0222,6070-Utilities,203.5,Utilities charge
T004903,2026-05-21,U0090,U0061,6100-Freight & Shipping,690.96,Freight & Shipping charge
T004904,2026-07-08,U0301,,6070-Utilities,375.2,Utilities charge
T004905,2026-02-15,U0261,U0143,6070-Utilities,2105.81,Utilities charge
T004906,2025-11-06,U0027,U0215,6040-IT Software,188.32,IT Software charge
T004907,2026-04-28,U0219,,6080-Consulting,982.76,Consulting charge
T004908,2025-12-04,U0062,,6060-Marketing,362.33,Marketing charge
T004909,2025-09-23,U0324,,6050-Facilities,414.0,Facilities charge
T004910,2025-11-24,U0367,U0044,6090-Equipment,402.53,Equipment charge
T004911,2026-03-26,U0238,,6070-Utilities,194.37,Utilities charge
T004912,2025-12-02,U0068,,6040-IT Software,485.17,IT Software charge
T004913,2026-01-29,U0319,,6050-Facilities,459.94,Facilities charge
T004914,2026-06-13,U0336,,6070-Utilities,642.5,Utilities charge
T004915,2025-11-11,U0185,,6080-Consulting,540.75,Consulting charge
T004916,2026-01-23,U0318,U0094,6050-Facilities,1185.35,Facilities charge
T004917,2026-08-22,U0148,,6090-Equipment,1360.84,Equipment charge
T004918,2025-12-07,U0226,,6020-Travel & Entertainment,155.14,Travel & Entertainment charge
T004919,2025-10-10,U0267,U0046,6050-Facilities,1281.32,Facilities charge
T004920,2026-05-31,U0066,,6010-Office Supplies,133.62,Office Supplies charge
T004921,2026-07-21,U0218,,6100-Freight & Shipping,940.72,Freight & Shipping charge
T004922,2026-07-07,U0072,,6040-IT Software,974.29,IT Software charge
T004923,2025-10-14,U0220,,6010-Office Supplies,60.19,Office Supplies charge
T004924,2026-05-15,U0056,U0063,6100-Freight & Shipping,545.81,Freight & Shipping charge
T004925,2026-07-13,U0335,,6030-Professional Fees,294.32,Professional Fees charge
T004926,2026-08-03,U0217,,6100-Freight & Shipping,213.87,Freight & Shipping charge
T004927,2026-03-29,U0280,,6090-Equipment,2177.51,Equipment charge
T004928,2025-10-03,U0165,U0056,6010-Office Supplies,240.08,Office Supplies charge
T004929,2025-10-06,U0116,,6090-Equipment,202.96,Equipment charge
T004930,2026-07-22,U0323,,6020-Travel & Entertainment,535.53,Travel & Entertainment charge
T004931,2025-10-14,U0193,,6040-IT Software,1047.49,IT Software charge
T004932,2026-06-28,U0257,,6010-Office Supplies,421.65,Office Supplies charge
T004933,2026-03-21,U0359,U0291,6070-Utilities,9900.0,Utilities charge
T004934,2026-05-28,U0264,U0150,6040-IT Software,1777.58,IT Software charge
T004935,2026-03-19,U0203,U0090,6050-Facilities,883.66,Facilities charge
T004936,2026-02-15,U0264,,6080-Consulting,44.88,Consulting charge
T004937,2026-01-16,U0262,,6010-Office Supplies,275.22,Office Supplies charge
T004938,2026-01-14,U0260,,6050-Facilities,265.6,Facilities charge
T004939,2026-04-19,U0302,U0353,6010-Office Supplies,834.89,Office Supplies charge
T004940,2026-08-29,U0064,,6040-IT Software,27.46,IT Software charge
T004941,2026-01-26,U0355,U0170,6020-Travel & Entertainment,8134.83,Travel & Entertainment charge
T004942,2026-02-28,U0100,U0379,6070-Utilities,2000.0,Utilities charge
T004943,2025-09-24,U0320,,6060-Marketing,883.71,Marketing charge
T004944,2025-10-15,U0138,,6010-Office Supplies,580.43,Office Supplies charge
T004945,2026-03-27,U0349,,6060-Marketing,1807.54,Marketing charge
T004946,2026-02-12,U0097,U0165,6040-IT Software,6490.01,IT Software charge
T004947,2025-10-02,U0016,,6050-Facilities,1284.11,Facilities charge
T004948,2026-04-26,U0231,,6100-Freight & Shipping,1399.25,Freight & Shipping charge
T004949,2026-07-23,U0371,,6100-Freight & Shipping,568.93,Freight & Shipping charge
T004950,2026-01-08,U0294,U0382,6090-Equipment,421.71,Equipment charge
T004951,2026-03-27,U0142,U0264,6020-Travel & Entertainment,291.96,Travel & Entertainment charge
T004952,2025-09-03,U0270,,6020-Travel & Entertainment,198.6,Travel & Entertainment charge
T004953,2026-08-01,U0128,,6080-Consulting,231.43,Consulting charge
T004954,2025-12-11,U0344,,6040-IT Software,111.54,IT Software charge
T004955,2026-05-29,U0257,,6020-Travel & Entertainment,453.29,Travel & Entertainment charge
T004956,2025-10-25,U0256,,6100-Freight & Shipping,77.24,Freight & Shipping charge
T004957,2025-09-19,U0035,U0058,6050-Facilities,607.9,Facilities charge
T004958,2026-01-25,U0153,,6050-Facilities,473.45,Facilities charge
T004959,2026-02-19,U0204,U0133,6100-Freight & Shipping,579.19,Freight & Shipping charge
T004960,2026-08-07,U0134,,6090-Equipment,277.45,Equipment charge
T004961,2026-08-26,U0235,U0327,6060-Marketing,14538.37,Marketing charge
T004962,2026-05-04,U0065,,6010-Office Supplies,2199.81,Office Supplies charge
T004963,2026-01-03,U0206,,6010-Office Supplies,125.34,Office Supplies charge
T004964,2026-07-14,U0176,,6100-Freight & Shipping,636.61,Freight & Shipping charge
T004965,2026-02-26,U0233,,6040-IT Software,252.44,IT Software charge
T004966,2026-05-03,U0355,,6080-Consulting,161.43,Consulting charge
T004967,2026-06-18,U0125,,6050-Facilities,112.83,Facilities charge
T004968,2026-01-18,U0091,,6090-Equipment,792.69,Equipment charge
T004969,2026-06-14,U0115,,6060-Marketing,232.87,Marketing charge
T004970,2026-08-05,U0186,U0278,6040-IT Software,1428.83,IT Software charge
T004971,2026-03-18,U0386,U0049,6090-Equipment,1470.21,Equipment charge
T004972,2026-01-19,U0138,U0279,6100-Freight & Shipping,2233.46,Freight & Shipping charge
T004973,2026-03-19,U0352,,6080-Consulting,192.94,Consulting charge
T004974,2026-03-06,U0210,,6090-Equipment,831.23,Equipment charge
T004975,2026-02-11,U0132,U0072,6080-Consulting,988.02,Consulting charge
T004976,2025-11-09,U0222,,6060-Marketing,292.48,Marketing charge
T004977,2026-06-13,U0338,,6100-Freight & Shipping,210.83,Freight & Shipping charge
T004978,2026-03-21,U0150,,6050-Facilities,2894.23,Facilities charge
T004979,2026-08-22,U0308,U0168,6100-Freight & Shipping,632.86,Freight & Shipping charge
T004980,2026-07-19,U0388,U0133,6060-Marketing,991.84,Marketing charge
T004981,2025-12-31,U0347,,6050-Facilities,199.48,Facilities charge
T004982,2026-06-04,U0060,,6070-Utilities,128.87,Utilities charge
T004983,2026-03-05,U0089,,6060-Marketing,263.38,Marketing charge
T004984,2025-09-29,U0381,,6060-Marketing,429.91,Marketing charge
T004985,2025-09-28,U0223,U0066,6010-Office Supplies,152.83,Office Supplies charge
T004986,2025-09-29,U0390,,6020-Travel & Entertainment,487.44,Travel & Entertainment charge
T004987,2025-10-07,U0239,,6100-Freight & Shipping,76.91,Freight & Shipping charge
T004988,2026-07-17,U0145,,6090-Equipment,143.73,Equipment charge
T004989,2025-09-01,U0133,,6010-Office Supplies,1030.71,Office Supplies charge
T004990,2026-08-02,U0082,,6040-IT Software,957.35,IT Software charge
T004991,2026-06-21,U0216,,6100-Freight & Shipping,320.2,Freight & Shipping charge
T004992,2026-03-27,U0323,,6080-Consulting,160.85,Consulting charge
T004993,2025-10-08,U0126,U0073,6010-Office Supplies,159.15,Office Supplies charge
T004994,2026-08-13,U0285,U0238,6080-Consulting,326.82,Consulting charge
T004995,2026-02-10,U0207,U0045,6070-Utilities,1001.22,Utilities charge
T004996,2026-06-08,U0306,U0124,6030-Professional Fees,1367.95,Professional Fees charge
T004997,2026-05-28,U0050,U0221,6070-Utilities,285.38,Utilities charge
T004998,2026-07-24,U0041,U0239,6040-IT Software,138.54,IT Software charge
T004999,2025-10-30,U0150,,6070-Utilities,661.58,Utilities charge
T005000,2026-02-10,U0111,,6100-Freight & Shipping,199.16,Freight & Shipping charge
T005001,2026-06-23,U0100,,6050-Facilities,4995.0,Facilities charge
T005002,2026-08-04,U0131,U0309,6030-Professional Fees,278.64,Professional Fees charge
T005003,2026-07-23,U0088,,6070-Utilities,2117.1,Utilities charge
T005004,2026-03-14,U0103,,6100-Freight & Shipping,1223.94,Freight & Shipping charge
T005005,2026-07-17,U0350,,6100-Freight & Shipping,586.26,Freight & Shipping charge
T005006,2026-02-08,U0109,,6030-Professional Fees,121.62,Professional Fees charge
T005007,2026-01-11,U0147,U0143,6050-Facilities,621.75,Facilities charge
T005008,2026-04-08,U0367,U0069,6090-Equipment,1585.92,Equipment charge
T005009,2026-02-06,U0047,,6040-IT Software,325.97,IT Software charge
T005010,2026-07-07,U0018,,6090-Equipment,2178.14,Equipment charge
T005011,2025-10-14,U0277,,6060-Marketing,2042.68,Marketing charge
T005012,2026-08-04,U0394,,6010-Office Supplies,3072.07,Office Supplies charge
T005013,2026-05-05,U0098,,6090-Equipment,689.36,Equipment charge
T005014,2026-03-02,U0100,U0153,6100-Freight & Shipping,940.24,Freight & Shipping charge
T005015,2025-12-30,U0223,,6080-Consulting,2334.62,Consulting charge
T005016,2026-03-22,U0229,U0295,6010-Office Supplies,806.04,Office Supplies charge
T005017,2025-10-08,U0169,U0181,6090-Equipment,283.91,Equipment charge
T005018,2026-08-03,U0194,,6100-Freight & Shipping,300.85,Freight & Shipping charge
T005019,2025-12-26,U0270,,6080-Consulting,640.6,Consulting charge
T005020,2026-07-06,U0115,,6060-Marketing,119.15,Marketing charge
T005021,2026-02-25,U0178,,6020-Travel & Entertainment,420.91,Travel & Entertainment charge
T005022,2026-01-09,U0086,U0041,6080-Consulting,1646.16,Consulting charge
T005023,2026-08-12,U0277,,6040-IT Software,44.24,IT Software charge
T005024,2025-09-07,U0263,,6040-IT Software,2664.92,IT Software charge
T005025,2026-03-21,U0203,U0095,6080-Consulting,1693.6,Consulting charge
T005026,2026-06-12,U0208,U0121,6050-Facilities,297.16,Facilities charge
T005027,2025-09-08,U0023,,6090-Equipment,895.81,Equipment charge
T005028,2025-09-17,U0143,,6090-Equipment,494.46,Equipment charge
T005029,2026-07-19,U0098,,6050-Facilities,1906.43,Facilities charge
T005030,2026-04-27,U0295,,6040-IT Software,1452.37,IT Software charge
T005031,2025-10-27,U0100,,6010-Office Supplies,105.63,Office Supplies charge
T005032,2026-05-27,U0301,,6040-IT Software,940.1,IT Software charge
T005033,2026-04-07,U0132,U0201,6060-Marketing,393.0,Marketing charge
T005034,2025-12-04,U0088,U0359,6010-Office Supplies,539.76,Office Supplies charge
T005035,2025-09-12,U0259,,6090-Equipment,221.19,Equipment charge
T005036,2026-08-11,U0145,,6020-Travel & Entertainment,3370.95,Travel & Entertainment charge
T005037,2026-07-11,U0282,U0227,6070-Utilities,1546.99,Utilities charge
T005038,2025-10-04,U0185,,6030-Professional Fees,218.38,Professional Fees charge
T005039,2026-02-17,U0202,U0210,6020-Travel & Entertainment,113.51,Travel & Entertainment charge
T005040,2025-09-17,U0050,,6090-Equipment,322.39,Equipment charge
T005041,2026-01-10,U0310,,6030-Professional Fees,794.69,Professional Fees charge
T005042,2025-11-08,U0162,U0182,6010-Office Supplies,4900.0,Office Supplies charge
T005043,2025-11-18,U0027,,6090-Equipment,641.77,Equipment charge
T005044,2026-08-09,U0112,,6050-Facilities,1955.59,Facilities charge
T005045,2026-01-19,U0374,,6040-IT Software,1174.87,IT Software charge
T005046,2026-06-22,U0119,,6020-Travel & Entertainment,1431.57,Travel & Entertainment charge
T005047,2026-06-14,U0084,U0241,6010-Office Supplies,705.95,Office Supplies charge
T005048,2025-12-23,U0227,,6020-Travel & Entertainment,106.89,Travel & Entertainment charge
T005049,2026-07-11,U0247,,6070-Utilities,397.32,Utilities charge
T005050,2026-02-04,U0395,,6010-Office Supplies,1581.45,Office Supplies charge
T005051,2026-03-11,U0146,U0015,6050-Facilities,465.6,Facilities charge
T005052,2025-10-21,U0223,,6070-Utilities,856.97,Utilities charge
T005053,2025-09-16,U0004,,6090-Equipment,347.02,Equipment charge
T005054,2026-06-10,U0187,,6010-Office Supplies,158.73,Office Supplies charge
T005055,2026-05-09,U0058,,6070-Utilities,430.23,Utilities charge
T005056,2026-08-21,U0238,,6030-Professional Fees,692.25,Professional Fees charge
T005057,2025-10-20,U0168,,6020-Travel & Entertainment,239.55,Travel & Entertainment charge
T005058,2026-08-01,U0015,,6100-Freight & Shipping,380.21,Freight & Shipping charge
T005059,2026-08-28,U0329,,6070-Utilities,175.32,Utilities charge
T005060,2025-11-02,U0114,,6060-Marketing,1687.78,Marketing charge
T005061,2025-11-21,U0214,U0319,6040-IT Software,356.42,IT Software charge
T005062,2026-02-14,U0032,U0264,6090-Equipment,2435.8,Equipment charge
T005063,2026-04-16,U0379,,6050-Facilities,2648.17,Facilities charge
T005064,2026-08-25,U0038,,6050-Facilities,450.72,Facilities charge
T005065,2026-08-13,U0192,U0064,6040-IT Software,162.5,IT Software charge
T005066,2025-10-30,U0053,,6060-Marketing,49.68,Marketing charge
T005067,2026-05-18,U0180,,6070-Utilities,97.59,Utilities charge
T005068,2026-06-10,U0314,U0051,6090-Equipment,108.72,Equipment charge
T005069,2026-01-20,U0257,,6090-Equipment,2244.68,Equipment charge
T005070,2026-01-09,U0016,,6060-Marketing,559.7,Marketing charge
T005071,2025-09-04,U0293,,6100-Freight & Shipping,756.4,Freight & Shipping charge
T005072,2025-10-05,U0250,U0353,6050-Facilities,42.84,Facilities charge
T005073,2026-03-08,U0127,,6060-Marketing,131.93,Marketing charge
T005074,2026-03-06,U0387,U0202,6100-Freight & Shipping,1307.39,Freight & Shipping charge
T005075,2026-03-28,U0324,,6080-Consulting,675.5,Consulting charge
T005076,2025-10-16,U0351,,6020-Travel & Entertainment,419.09,Travel & Entertainment charge
T005077,2026-06-08,U0342,,6040-IT Software,917.2,IT Software charge
T005078,2026-04-28,U0187,,6070-Utilities,2979.1,Utilities charge
T005079,2026-02-14,U0144,,6020-Travel & Entertainment,386.39,Travel & Entertainment charge
T005080,2026-06-19,U0317,,6060-Marketing,531.82,Marketing charge
T005081,2025-10-26,U0027,,6060-Marketing,609.02,Marketing charge
T005082,2025-10-30,U0106,U0345,6040-IT Software,6845.32,IT Software charge
T005083,2025-10-02,U0216,U0266,6010-Office Supplies,48.95,Office Supplies charge
T005084,2026-08-15,U0250,,6020-Travel & Entertainment,1044.76,Travel & Entertainment charge
T005085,2026-05-23,U0332,U0286,6100-Freight & Shipping,434.29,Freight & Shipping charge
T005086,2026-03-19,U0160,,6020-Travel & Entertainment,919.15,Travel & Entertainment charge
T005087,2026-07-07,U0328,,6080-Consulting,239.1,Consulting charge
T005088,2025-11-04,U0344,,6080-Consulting,466.91,Consulting charge
T005089,2026-08-23,U0186,,6070-Utilities,1077.66,Utilities charge
T005090,2025-12-18,U0127,U0300,6090-Equipment,15126.47,Equipment charge
T005091,2026-02-28,U0395,,6030-Professional Fees,1198.52,Professional Fees charge
T005092,2026-07-12,U0323,,6090-Equipment,193.86,Equipment charge
T005093,2026-01-11,U0315,,6040-IT Software,309.16,IT Software charge
T005094,2026-05-16,U0146,U0355,6100-Freight & Shipping,5000.0,Freight & Shipping charge
T005095,2026-01-31,U0383,,6050-Facilities,299.24,Facilities charge
T005096,2026-08-04,U0375,,6050-Facilities,68.36,Facilities charge
T005097,2025-09-23,U0066,,6080-Consulting,342.72,Consulting charge
T005098,2026-04-07,U0100,,6030-Professional Fees,1103.36,Professional Fees charge
T005099,2026-01-24,U0193,,6040-IT Software,121.31,IT Software charge
T005100,2026-06-18,U0203,U0148,6020-Travel & Entertainment,1561.39,Travel & Entertainment charge
T005101,2026-02-22,U0143,,6100-Freight & Shipping,842.65,Freight & Shipping charge
T005102,2026-05-23,U0353,,6060-Marketing,219.72,Marketing charge
T005103,2025-09-28,U0326,,6080-Consulting,421.71,Consulting charge
T005104,2026-04-08,U0329,,6060-Marketing,2858.79,Marketing charge
T005105,2025-12-24,U0293,,6080-Consulting,1104.23,Consulting charge
T005106,2025-10-07,U0318,,6070-Utilities,497.53,Utilities charge
T005107,2026-02-04,U0126,,6010-Office Supplies,379.38,Office Supplies charge
T005108,2025-09-30,U0122,U0270,6080-Consulting,536.07,Consulting charge
T005109,2026-03-18,U0269,,6020-Travel & Entertainment,280.64,Travel & Entertainment charge
T005110,2026-02-09,U0113,U0295,6010-Office Supplies,48.66,Office Supplies charge
T005111,2025-12-21,U0308,U0116,6070-Utilities,4658.25,Utilities charge
T005112,2026-06-28,U0100,,6050-Facilities,2000.0,Facilities charge
T005113,2026-06-11,U0076,U0111,6060-Marketing,584.56,Marketing charge
T005114,2025-10-15,U0129,,6030-Professional Fees,763.54,Professional Fees charge
T005115,2026-02-09,U0226,U0393,6040-IT Software,462.34,IT Software charge
T005116,2025-10-31,U0187,U0345,6050-Facilities,219.5,Facilities charge
T005117,2025-12-06,U0036,U0279,6030-Professional Fees,401.61,Professional Fees charge
T005118,2025-10-09,U0281,,6050-Facilities,84.83,Facilities charge
T005119,2026-06-27,U0025,U0198,6040-IT Software,6031.77,IT Software charge
T005120,2025-09-22,U0261,,6030-Professional Fees,126.73,Professional Fees charge
T005121,2026-01-07,U0272,,6020-Travel & Entertainment,158.35,Travel & Entertainment charge
T005122,2026-03-04,U0151,,6100-Freight & Shipping,303.6,Freight & Shipping charge
T005123,2025-10-27,U0225,,6030-Professional Fees,2032.22,Professional Fees charge
T005124,2026-07-03,U0388,U0396,6020-Travel & Entertainment,500.68,Travel & Entertainment charge
T005125,2026-04-03,U0013,,6060-Marketing,126.5,Marketing charge
T005126,2025-11-18,U0062,,6030-Professional Fees,1958.18,Professional Fees charge
T005127,2026-07-30,U0313,,6040-IT Software,1101.14,IT Software charge
T005128,2026-03-17,U0208,,6050-Facilities,890.94,Facilities charge
T005129,2026-01-06,U0202,,6010-Office Supplies,1082.8,Office Supplies charge
T005130,2026-02-22,U0182,U0236,6100-Freight & Shipping,6862.3,Freight & Shipping charge
T005131,2026-08-28,U0123,U0282,6060-Marketing,5451.27,Marketing charge
T005132,2026-07-08,U0310,U0379,6050-Facilities,231.51,Facilities charge
T005133,2026-05-08,U0081,U0349,6070-Utilities,2940.32,Utilities charge
T005134,2026-01-13,U0040,,6070-Utilities,751.06,Utilities charge
T005135,2026-03-24,U0140,,6100-Freight & Shipping,853.21,Freight & Shipping charge
T005136,2025-10-04,U0359,,6100-Freight & Shipping,4995.0,Freight & Shipping charge
T005137,2026-08-13,U0190,,6010-Office Supplies,76.59,Office Supplies charge
T005138,2025-09-20,U0351,,6070-Utilities,408.53,Utilities charge
T005139,2025-10-05,U0018,U0038,6060-Marketing,201.52,Marketing charge
T005140,2026-06-27,U0121,,6040-IT Software,1225.21,IT Software charge
T005141,2026-04-12,U0264,U0068,6100-Freight & Shipping,1600.69,Freight & Shipping charge
T005142,2025-12-03,U0219,U0136,6020-Travel & Entertainment,50.3,Travel & Entertainment charge
T005143,2025-12-28,U0400,,6100-Freight & Shipping,480.95,Freight & Shipping charge
T005144,2026-07-03,U0046,,6030-Professional Fees,1692.64,Professional Fees charge
T005145,2026-07-10,U0381,,6030-Professional Fees,401.28,Professional Fees charge
T005146,2025-09-13,U0129,U0242,6080-Consulting,1098.8,Consulting charge
T005147,2025-09-29,U0029,U0135,6090-Equipment,725.08,Equipment charge
T005148,2026-04-26,U0383,U0036,6080-Consulting,717.54,Consulting charge
T005149,2026-01-25,U0178,,6100-Freight & Shipping,365.61,Freight & Shipping charge
T005150,2026-06-02,U0313,,6080-Consulting,129.25,Consulting charge
T005151,2025-10-02,U0086,U0388,6070-Utilities,143.5,Utilities charge
T005152,2026-08-22,U0299,,6010-Office Supplies,1075.23,Office Supplies charge
T005153,2026-04-04,U0098,,6100-Freight & Shipping,503.41,Freight & Shipping charge
T005154,2026-04-01,U0148,,6070-Utilities,423.11,Utilities charge
T005155,2026-01-17,U0081,,6080-Consulting,309.12,Consulting charge
T005156,2026-08-21,U0241,,6010-Office Supplies,352.23,Office Supplies charge
T005157,2026-04-14,U0151,U0194,6030-Professional Fees,1558.69,Professional Fees charge
T005158,2026-03-05,U0104,,6080-Consulting,340.78,Consulting charge
T005159,2026-04-29,U0144,,6080-Consulting,112.71,Consulting charge
T005160,2026-04-15,U0013,,6010-Office Supplies,1116.57,Office Supplies charge
T005161,2026-04-02,U0155,,6060-Marketing,393.32,Marketing charge
T005162,2026-04-11,U0036,,6020-Travel & Entertainment,510.06,Travel & Entertainment charge
T005163,2026-07-08,U0289,U0173,6080-Consulting,2888.05,Consulting charge
T005164,2026-03-24,U0091,,6090-Equipment,481.73,Equipment charge
T005165,2025-11-15,U0296,U0377,6070-Utilities,677.29,Utilities charge
T005166,2026-01-10,U0217,U0115,6020-Travel & Entertainment,134.72,Travel & Entertainment charge
T005167,2025-10-09,U0285,U0222,6090-Equipment,386.98,Equipment charge
T005168,2026-07-26,U0100,,6090-Equipment,4950.0,Equipment charge
T005169,2026-04-30,U0173,,6100-Freight & Shipping,963.41,Freight & Shipping charge
T005170,2026-04-27,U0085,,6100-Freight & Shipping,89.04,Freight & Shipping charge
T005171,2026-01-13,U0103,,6030-Professional Fees,614.57,Professional Fees charge
T005172,2026-08-11,U0215,,6050-Facilities,550.52,Facilities charge
T005173,2025-10-14,U0015,,6100-Freight & Shipping,515.64,Freight & Shipping charge
T005174,2026-08-15,U0320,,6050-Facilities,1542.06,Facilities charge
T005175,2026-08-26,U0003,,6020-Travel & Entertainment,711.86,Travel & Entertainment charge
T005176,2026-03-24,U0399,U0100,6080-Consulting,2504.59,Consulting charge
T005177,2026-05-04,U0028,,6080-Consulting,165.18,Consulting charge
T005178,2026-04-30,U0037,U0247,6050-Facilities,572.22,Facilities charge
T005179,2026-06-24,U0316,,6060-Marketing,540.73,Marketing charge
T005180,2026-08-25,U0261,U0051,6030-Professional Fees,151.99,Professional Fees charge
T005181,2025-09-28,U0391,U0328,6060-Marketing,1410.82,Marketing charge
T005182,2025-09-27,U0001,U0321,6080-Consulting,6355.91,Consulting charge
T005183,2026-08-08,U0146,,6030-Professional Fees,4995.0,Professional Fees charge
T005184,2026-07-18,U0400,,6040-IT Software,483.62,IT Software charge
T005185,2025-10-12,U0024,U0273,6010-Office Supplies,858.79,Office Supplies charge
T005186,2026-07-17,U0208,,6100-Freight & Shipping,540.76,Freight & Shipping charge
T005187,2026-08-21,U0394,,6060-Marketing,224.77,Marketing charge
T005188,2026-02-12,U0245,,6100-Freight & Shipping,66.5,Freight & Shipping charge
T005189,2026-01-09,U0175,,6030-Professional Fees,226.7,Professional Fees charge
T005190,2026-08-15,U0396,U0381,6100-Freight & Shipping,106.57,Freight & Shipping charge
T005191,2025-09-29,U0097,U0201,6050-Facilities,3211.56,Facilities charge
T005192,2026-04-14,U0123,,6050-Facilities,434.15,Facilities charge
T005193,2026-03-07,U0397,,6020-Travel & Entertainment,336.8,Travel & Entertainment charge
T005194,2026-04-23,U0137,,6100-Freight & Shipping,1310.38,Freight & Shipping charge
T005195,2026-03-22,U0245,,6100-Freight & Shipping,143.46,Freight & Shipping charge
T005196,2026-03-14,U0259,,6090-Equipment,211.97,Equipment charge
T005197,2025-09-03,U0216,,6090-Equipment,531.06,Equipment charge
T005198,2026-04-23,U0054,U0208,6050-Facilities,1527.89,Facilities charge
T005199,2026-01-31,U0300,,6100-Freight & Shipping,855.64,Freight & Shipping charge
T005200,2026-01-19,U0049,U0038,6050-Facilities,647.53,Facilities charge
T005201,2026-02-20,U0123,U0031,6090-Equipment,536.96,Equipment charge
T005202,2026-03-02,U0394,,6080-Consulting,765.29,Consulting charge
T005203,2026-07-14,U0325,U0148,6100-Freight & Shipping,615.12,Freight & Shipping charge
T005204,2026-01-03,U0215,,6060-Marketing,158.7,Marketing charge
T005205,2025-10-26,U0341,U0038,6020-Travel & Entertainment,518.37,Travel & Entertainment charge
T005206,2026-03-10,U0299,U0396,6020-Travel & Entertainment,151.25,Travel & Entertainment charge
T005207,2026-05-20,U0246,,6100-Freight & Shipping,538.72,Freight & Shipping charge
T005208,2026-07-03,U0181,U0205,6040-IT Software,290.41,IT Software charge
T005209,2026-03-30,U0332,U0387,6020-Travel & Entertainment,8049.13,Travel & Entertainment charge
T005210,2026-08-22,U0262,,6040-IT Software,471.59,IT Software charge
T005211,2025-09-05,U0307,U0242,6010-Office Supplies,105.14,Office Supplies charge
T005212,2025-11-19,U0151,,6060-Marketing,425.13,Marketing charge
T005213,2025-11-08,U0388,,6010-Office Supplies,872.44,Office Supplies charge
T005214,2025-11-23,U0315,,6100-Freight & Shipping,3104.79,Freight & Shipping charge
T005215,2026-06-08,U0279,U0041,6020-Travel & Entertainment,257.65,Travel & Entertainment charge
T005216,2026-04-29,U0161,,6050-Facilities,86.43,Facilities charge
T005217,2025-10-25,U0100,U0146,6070-Utilities,9800.0,Utilities charge
T005218,2026-05-01,U0398,,6030-Professional Fees,1210.18,Professional Fees charge
T005219,2025-12-03,U0264,U0154,6080-Consulting,107.91,Consulting charge
T005220,2025-11-13,U0194,U0259,6100-Freight & Shipping,304.97,Freight & Shipping charge
T005221,2026-07-15,U0248,,6090-Equipment,371.15,Equipment charge
T005222,2026-06-05,U0340,,6090-Equipment,456.42,Equipment charge
T005223,2026-01-21,U0167,,6060-Marketing,1051.61,Marketing charge
T005224,2025-10-06,U0167,U0354,6040-IT Software,232.29,IT Software charge
T005225,2026-06-25,U0080,,6040-IT Software,364.64,IT Software charge
T005226,2026-08-20,U0003,,6060-Marketing,485.07,Marketing charge
T005227,2026-02-18,U0262,,6020-Travel & Entertainment,580.89,Travel & Entertainment charge
T005228,2026-03-12,U0144,U0090,6040-IT Software,548.73,IT Software charge
T005229,2026-05-29,U0159,,6050-Facilities,796.01,Facilities charge
T005230,2026-04-05,U0139,,6060-Marketing,1246.66,Marketing charge
T005231,2026-03-04,U0044,,6070-Utilities,758.92,Utilities charge
T005232,2026-08-26,U0077,U0270,6040-IT Software,811.55,IT Software charge
T005233,2026-08-03,U0021,U0024,6070-Utilities,86.45,Utilities charge
T005234,2025-12-28,U0178,U0076,6020-Travel & Entertainment,520.74,Travel & Entertainment charge
T005235,2026-07-23,U0260,U0255,6050-Facilities,835.02,Facilities charge
T005236,2025-11-30,U0394,,6080-Consulting,1098.65,Consulting charge
T005237,2025-11-22,U0381,,6050-Facilities,230.08,Facilities charge
T005238,2026-04-03,U0202,,6040-IT Software,238.66,IT Software charge
T005239,2025-11-06,U0063,,6020-Travel & Entertainment,262.04,Travel & Entertainment charge
T005240,2026-06-06,U0284,,6030-Professional Fees,888.96,Professional Fees charge
T005241,2026-03-22,U0032,,6070-Utilities,1536.51,Utilities charge
T005242,2026-02-25,U0169,,6100-Freight & Shipping,314.75,Freight & Shipping charge
T005243,2026-03-12,U0232,,6040-IT Software,1337.77,IT Software charge
T005244,2025-10-11,U0168,U0319,6090-Equipment,564.44,Equipment charge
T005245,2026-05-26,U0397,U0100,6030-Professional Fees,429.79,Professional Fees charge
T005246,2026-05-26,U0388,,6090-Equipment,390.52,Equipment charge
T005247,2026-07-12,U0178,,6050-Facilities,1120.21,Facilities charge
T005248,2026-05-28,U0351,,6050-Facilities,704.96,Facilities charge
T005249,2026-08-21,U0093,U0026,6090-Equipment,6023.4,Equipment charge
T005250,2025-11-18,U0186,,6010-Office Supplies,192.97,Office Supplies charge
T005251,2025-11-25,U0394,,6100-Freight & Shipping,871.24,Freight & Shipping charge
T005252,2025-10-17,U0266,U0014,6030-Professional Fees,275.3,Professional Fees charge
T005253,2026-04-10,U0121,,6070-Utilities,189.39,Utilities charge
T005254,2026-04-15,U0074,U0314,6080-Consulting,486.89,Consulting charge
T005255,2026-02-21,U0388,,6030-Professional Fees,573.12,Professional Fees charge
T005256,2025-09-15,U0217,U0280,6040-IT Software,12209.76,IT Software charge
T005257,2026-06-15,U0259,,6040-IT Software,402.4,IT Software charge
T005258,2025-09-04,U0049,,6070-Utilities,142.14,Utilities charge
T005259,2026-01-15,U0128,,6060-Marketing,665.35,Marketing charge
T005260,2026-08-27,U0371,,6060-Marketing,50.29,Marketing charge
T005261,2025-11-28,U0246,U0262,6040-IT Software,445.34,IT Software charge
T005262,2026-07-27,U0288,,6010-Office Supplies,501.51,Office Supplies charge
T005263,2026-05-30,U0191,,6060-Marketing,1180.93,Marketing charge
T005264,2025-11-04,U0040,,6080-Consulting,1437.97,Consulting charge
T005265,2025-11-27,U0074,,6090-Equipment,283.18,Equipment charge
T005266,2025-09-12,U0259,,6050-Facilities,417.52,Facilities charge
T005267,2025-11-18,U0029,U0238,6060-Marketing,212.14,Marketing charge
T005268,2026-07-07,U0300,,6040-IT Software,142.47,IT Software charge
T005269,2026-07-30,U0264,U0277,6010-Office Supplies,692.9,Office Supplies charge
T005270,2026-06-03,U0321,,6020-Travel & Entertainment,121.4,Travel & Entertainment charge
T005271,2026-01-25,U0372,,6070-Utilities,312.28,Utilities charge
T005272,2026-03-20,U0305,U0159,6060-Marketing,164.89,Marketing charge
T005273,2026-08-10,U0297,,6050-Facilities,902.03,Facilities charge
T005274,2025-12-16,U0131,,6030-Professional Fees,3574.47,Professional Fees charge
T005275,2026-08-20,U0045,,6030-Professional Fees,117.71,Professional Fees charge
T005276,2026-06-01,U0202,,6080-Consulting,64.18,Consulting charge
T005277,2026-08-04,U0010,U0356,6070-Utilities,429.5,Utilities charge
T005278,2026-02-08,U0150,,6100-Freight & Shipping,501.33,Freight & Shipping charge
T005279,2025-11-21,U0159,,6070-Utilities,626.74,Utilities charge
T005280,2026-07-23,U0018,U0053,6090-Equipment,301.58,Equipment charge
T005281,2025-09-25,U0075,U0296,6040-IT Software,395.16,IT Software charge
T005282,2026-08-22,U0021,,6020-Travel & Entertainment,738.23,Travel & Entertainment charge
T005283,2025-10-17,U0288,U0204,6070-Utilities,1547.62,Utilities charge
T005284,2026-06-09,U0246,,6100-Freight & Shipping,57.37,Freight & Shipping charge
T005285,2025-10-09,U0316,U0069,6010-Office Supplies,328.38,Office Supplies charge
T005286,2025-12-21,U0210,,6040-IT Software,623.4,IT Software charge
T005287,2026-02-14,U0116,U0385,6070-Utilities,179.51,Utilities charge
T005288,2026-05-10,U0260,,6030-Professional Fees,3308.62,Professional Fees charge
T005289,2026-03-15,U0180,,6060-Marketing,244.95,Marketing charge
T005290,2026-04-25,U0211,U0287,6100-Freight & Shipping,470.87,Freight & Shipping charge
T005291,2026-06-18,U0192,,6060-Marketing,908.35,Marketing charge
T005292,2025-09-14,U0211,,6060-Marketing,257.13,Marketing charge
T005293,2026-03-18,U0367,,6030-Professional Fees,64.64,Professional Fees charge
T005294,2025-10-29,U0256,,6050-Facilities,307.5,Facilities charge
T005295,2025-10-09,U0163,,6090-Equipment,1529.02,Equipment charge
T005296,2026-08-20,U0095,,6060-Marketing,340.16,Marketing charge
T005297,2025-11-13,U0210,,6010-Office Supplies,194.21,Office Supplies charge
T005298,2026-07-28,U0306,,6090-Equipment,1364.09,Equipment charge
T005299,2026-07-30,U0226,U0368,6060-Marketing,342.46,Marketing charge
T005300,2025-10-18,U0108,,6050-Facilities,281.13,Facilities charge
T005301,2026-08-30,U0168,U0119,6050-Facilities,580.8,Facilities charge
T005302,2026-08-07,U0028,,6030-Professional Fees,1150.35,Professional Fees charge
T005303,2026-01-13,U0362,U0316,6080-Consulting,6767.49,Consulting charge
T005304,2026-02-01,U0084,,6010-Office Supplies,1224.1,Office Supplies charge
T005305,2026-01-02,U0398,U0099,6030-Professional Fees,1764.86,Professional Fees charge
T005306,2026-01-25,U0162,U0117,6010-Office Supplies,282.43,Office Supplies charge
T005307,2025-12-29,U0252,,6050-Facilities,159.42,Facilities charge
T005308,2026-06-22,U0017,,6050-Facilities,527.72,Facilities charge
T005309,2026-06-10,U0054,,6010-Office Supplies,554.4,Office Supplies charge
T005310,2026-03-01,U0097,,6080-Consulting,150.45,Consulting charge
T005311,2026-08-29,U0040,,6010-Office Supplies,406.33,Office Supplies charge
T005312,2026-01-08,U0352,,6020-Travel & Entertainment,764.52,Travel & Entertainment charge
T005313,2025-11-18,U0136,U0320,6060-Marketing,732.48,Marketing charge
T005314,2025-10-15,U0344,,6020-Travel & Entertainment,858.1,Travel & Entertainment charge
T005315,2026-01-13,U0134,,6090-Equipment,678.62,Equipment charge
T005316,2025-12-19,U0118,,6100-Freight & Shipping,282.11,Freight & Shipping charge
T005317,2026-04-25,U0104,U0286,6070-Utilities,279.98,Utilities charge
T005318,2026-01-27,U0137,U0020,6030-Professional Fees,131.78,Professional Fees charge
T005319,2026-07-15,U0097,,6020-Travel & Entertainment,3509.58,Travel & Entertainment charge
T005320,2025-10-13,U0291,U0173,6040-IT Software,500.09,IT Software charge
T005321,2025-09-18,U0322,,6030-Professional Fees,384.78,Professional Fees charge
T005322,2026-06-12,U0033,,6090-Equipment,177.39,Equipment charge
T005323,2026-03-14,U0333,U0111,6070-Utilities,12446.86,Utilities charge
T005324,2026-06-21,U0069,,6020-Travel & Entertainment,151.31,Travel & Entertainment charge
T005325,2026-05-21,U0026,U0182,6030-Professional Fees,307.44,Professional Fees charge
T005326,2026-06-15,U0225,,6040-IT Software,778.54,IT Software charge
T005327,2026-04-09,U0134,,6070-Utilities,953.59,Utilities charge
T005328,2026-06-08,U0359,U0068,6020-Travel & Entertainment,9800.0,Travel & Entertainment charge
T005329,2026-05-04,U0293,,6050-Facilities,1413.36,Facilities charge
T005330,2025-10-28,U0023,,6040-IT Software,3598.85,IT Software charge
T005331,2026-01-06,U0017,U0212,6050-Facilities,859.86,Facilities charge
T005332,2025-09-15,U0249,,6080-Consulting,154.22,Consulting charge
T005333,2026-03-20,U0275,,6060-Marketing,371.43,Marketing charge
T005334,2026-02-25,U0262,,6030-Professional Fees,691.33,Professional Fees charge
T005335,2025-11-17,U0266,,6040-IT Software,4793.66,IT Software charge
T005336,2025-10-31,U0121,U0288,6070-Utilities,105.89,Utilities charge
T005337,2026-05-16,U0375,,6020-Travel & Entertainment,1849.8,Travel & Entertainment charge
T005338,2025-09-29,U0392,,6060-Marketing,600.59,Marketing charge
T005339,2025-09-16,U0255,,6040-IT Software,1238.45,IT Software charge
T005340,2025-12-15,U0218,,6010-Office Supplies,440.45,Office Supplies charge
T005341,2025-09-07,U0017,U0347,6060-Marketing,195.06,Marketing charge
T005342,2026-03-23,U0229,,6100-Freight & Shipping,1125.47,Freight & Shipping charge
T005343,2025-12-21,U0142,,6080-Consulting,1012.19,Consulting charge
T005344,2026-02-10,U0397,,6090-Equipment,1435.49,Equipment charge
T005345,2026-05-12,U0333,U0243,6020-Travel & Entertainment,485.59,Travel & Entertainment charge
T005346,2026-01-06,U0116,U0023,6030-Professional Fees,254.73,Professional Fees charge
T005347,2026-02-20,U0234,U0314,6090-Equipment,88.71,Equipment charge
T005348,2026-06-10,U0303,,6040-IT Software,1213.56,IT Software charge
T005349,2026-04-28,U0139,U0333,6060-Marketing,785.47,Marketing charge
T005350,2025-12-05,U0285,,6030-Professional Fees,170.31,Professional Fees charge
T005351,2026-08-21,U0313,,6030-Professional Fees,272.48,Professional Fees charge
T005352,2026-01-19,U0190,,6060-Marketing,294.88,Marketing charge
T005353,2026-07-15,U0123,,6020-Travel & Entertainment,96.42,Travel & Entertainment charge
T005354,2025-12-19,U0018,U0136,6050-Facilities,200.45,Facilities charge
T005355,2026-05-12,U0248,U0284,6090-Equipment,141.57,Equipment charge
T005356,2026-03-22,U0115,U0139,6100-Freight & Shipping,313.02,Freight & Shipping charge
T005357,2025-09-09,U0307,U0146,6010-Office Supplies,218.64,Office Supplies charge
T005358,2026-03-06,U0253,,6090-Equipment,82.29,Equipment charge
T005359,2026-05-23,U0157,,6070-Utilities,4558.96,Utilities charge
T005360,2025-10-21,U0152,,6070-Utilities,1954.31,Utilities charge
T005361,2025-09-20,U0076,,6070-Utilities,209.16,Utilities charge
T005362,2025-11-26,U0194,,6100-Freight & Shipping,664.92,Freight & Shipping charge
T005363,2026-01-12,U0072,U0062,6060-Marketing,779.94,Marketing charge
T005364,2026-01-16,U0066,,6050-Facilities,1826.57,Facilities charge
T005365,2026-06-06,U0105,,6020-Travel & Entertainment,200.24,Travel & Entertainment charge
T005366,2025-10-06,U0218,,6020-Travel & Entertainment,1638.14,Travel & Entertainment charge
T005367,2026-02-05,U0062,,6070-Utilities,269.7,Utilities charge
T005368,2025-10-09,U0216,U0017,6020-Travel & Entertainment,113.36,Travel & Entertainment charge
T005369,2026-02-22,U0188,U0202,6060-Marketing,1092.86,Marketing charge
T005370,2025-11-29,U0148,U0294,6070-Utilities,2038.22,Utilities charge
T005371,2025-12-28,U0146,U0020,6080-Consulting,8490.47,Consulting charge
T005372,2026-01-27,U0116,,6050-Facilities,131.67,Facilities charge
T005373,2026-06-18,U0191,,6060-Marketing,1062.96,Marketing charge
T005374,2025-09-05,U0021,,6040-IT Software,313.95,IT Software charge
T005375,2026-07-05,U0056,U0288,6070-Utilities,1166.42,Utilities charge
T005376,2025-12-22,U0088,,6090-Equipment,97.75,Equipment charge
T005377,2026-08-18,U0152,,6030-Professional Fees,122.85,Professional Fees charge
T005378,2025-12-16,U0257,U0211,6070-Utilities,209.88,Utilities charge
T005379,2025-09-29,U0385,,6100-Freight & Shipping,537.46,Freight & Shipping charge
T005380,2025-09-11,U0260,U0351,6100-Freight & Shipping,243.43,Freight & Shipping charge
T005381,2025-10-14,U0329,,6070-Utilities,1017.35,Utilities charge
T005382,2026-06-06,U0024,,6020-Travel & Entertainment,1524.75,Travel & Entertainment charge
T005383,2025-09-10,U0148,,6040-IT Software,952.92,IT Software charge
T005384,2026-06-15,U0144,,6050-Facilities,2923.88,Facilities charge
T005385,2026-06-20,U0162,,6010-Office Supplies,4995.0,Office Supplies charge
T005386,2026-06-23,U0387,U0106,6060-Marketing,778.53,Marketing charge
T005387,2026-03-01,U0344,,6050-Facilities,129.21,Facilities charge
T005388,2026-06-22,U0248,,6060-Marketing,2207.72,Marketing charge
T005389,2026-08-23,U0275,U0193,6060-Marketing,253.24,Marketing charge
T005390,2026-05-15,U0099,U0043,6010-Office Supplies,1341.39,Office Supplies charge
T005391,2026-04-17,U0379,,6040-IT Software,2782.51,IT Software charge
T005392,2026-01-24,U0388,U0395,6060-Marketing,814.32,Marketing charge
T005393,2026-03-29,U0070,,6040-IT Software,95.03,IT Software charge
T005394,2026-01-21,U0245,,6090-Equipment,179.46,Equipment charge
T005395,2026-08-16,U0400,,6010-Office Supplies,2111.22,Office Supplies charge
T005396,2026-06-12,U0269,,6020-Travel & Entertainment,409.1,Travel & Entertainment charge
T005397,2026-07-23,U0162,,6060-Marketing,537.82,Marketing charge
T005398,2025-09-21,U0137,,6050-Facilities,1135.36,Facilities charge
T005399,2026-02-02,U0325,,6090-Equipment,1059.93,Equipment charge
T005400,2025-11-28,U0164,,6040-IT Software,669.6,IT Software charge
T005401,2026-06-05,U0088,,6040-IT Software,391.69,IT Software charge
T005402,2026-06-01,U0394,,6080-Consulting,349.35,Consulting charge
T005403,2026-05-10,U0386,U0121,6100-Freight & Shipping,1266.09,Freight & Shipping charge
T005404,2025-11-10,U0032,,6070-Utilities,905.9,Utilities charge
T005405,2026-04-22,U0372,U0299,6080-Consulting,371.29,Consulting charge
T005406,2025-11-06,U0322,,6020-Travel & Entertainment,1620.23,Travel & Entertainment charge
T005407,2025-09-20,U0270,U0003,6090-Equipment,427.55,Equipment charge
T005408,2026-06-23,U0281,,6020-Travel & Entertainment,193.09,Travel & Entertainment charge
T005409,2026-02-01,U0047,,6070-Utilities,213.82,Utilities charge
T005410,2025-10-12,U0381,,6020-Travel & Entertainment,167.9,Travel & Entertainment charge
T005411,2025-10-01,U0138,,6100-Freight & Shipping,365.16,Freight & Shipping charge
T005412,2026-02-02,U0101,,6080-Consulting,1914.28,Consulting charge
T005413,2026-05-23,U0392,,6090-Equipment,203.24,Equipment charge
T005414,2026-01-02,U0108,,6080-Consulting,606.27,Consulting charge
T005415,2026-06-14,U0166,U0323,6080-Consulting,239.28,Consulting charge
T005416,2025-11-01,U0322,U0058,6030-Professional Fees,370.06,Professional Fees charge
T005417,2025-10-15,U0093,,6090-Equipment,93.59,Equipment charge
T005418,2025-11-24,U0096,,6070-Utilities,386.61,Utilities charge
T005419,2026-07-12,U0039,,6070-Utilities,398.19,Utilities charge
T005420,2025-11-15,U0015,,6090-Equipment,892.76,Equipment charge
T005421,2026-06-09,U0119,,6040-IT Software,629.93,IT Software charge
T005422,2026-04-24,U0206,,6020-Travel & Entertainment,131.86,Travel & Entertainment charge
T005423,2026-05-30,U0391,,6030-Professional Fees,1623.95,Professional Fees charge
T005424,2025-09-08,U0001,,6040-IT Software,621.0,IT Software charge
T005425,2026-07-01,U0009,,6010-Office Supplies,612.92,Office Supplies charge
T005426,2026-05-25,U0281,,6010-Office Supplies,487.8,Office Supplies charge
T005427,2026-08-27,U0241,,6070-Utilities,278.79,Utilities charge
T005428,2025-11-24,U0130,,6010-Office Supplies,626.15,Office Supplies charge
T005429,2026-06-20,U0025,,6090-Equipment,831.43,Equipment charge
T005430,2025-11-19,U0344,,6070-Utilities,72.13,Utilities charge
T005431,2026-03-29,U0255,,6030-Professional Fees,272.42,Professional Fees charge
T005432,2026-01-25,U0275,,6050-Facilities,372.25,Facilities charge
T005433,2025-11-08,U0256,,6070-Utilities,653.14,Utilities charge
T005434,2025-10-16,U0158,,6100-Freight & Shipping,1831.04,Freight & Shipping charge
T005435,2026-06-28,U0258,,6050-Facilities,210.84,Facilities charge
T005436,2025-09-21,U0003,,6040-IT Software,284.93,IT Software charge
T005437,2025-10-02,U0088,U0355,6030-Professional Fees,280.4,Professional Fees charge
T005438,2025-09-30,U0130,,6040-IT Software,204.04,IT Software charge
T005439,2026-01-09,U0388,,6060-Marketing,336.33,Marketing charge
T005440,2026-01-11,U0359,,6040-IT Software,4900.0,IT Software charge
T005441,2026-03-15,U0028,,6040-IT Software,1150.42,IT Software charge
T005442,2025-11-15,U0193,,6030-Professional Fees,154.59,Professional Fees charge
T005443,2026-03-08,U0277,,6020-Travel & Entertainment,788.87,Travel & Entertainment charge
T005444,2026-05-05,U0117,U0206,6100-Freight & Shipping,75.79,Freight & Shipping charge
T005445,2026-03-24,U0122,U0080,6070-Utilities,265.74,Utilities charge
T005446,2026-04-11,U0285,U0088,6040-IT Software,342.94,IT Software charge
T005447,2026-03-01,U0307,,6070-Utilities,3109.9,Utilities charge
T005448,2025-12-28,U0300,,6080-Consulting,364.21,Consulting charge
T005449,2026-05-13,U0127,,6030-Professional Fees,43.76,Professional Fees charge
T005450,2025-10-23,U0121,U0274,6010-Office Supplies,54.66,Office Supplies charge
T005451,2025-09-04,U0036,,6090-Equipment,511.54,Equipment charge
T005452,2025-12-16,U0384,U0258,6050-Facilities,967.92,Facilities charge
T005453,2026-01-15,U0010,,6040-IT Software,744.71,IT Software charge
T005454,2026-08-16,U0115,,6020-Travel & Entertainment,592.49,Travel & Entertainment charge
T005455,2025-12-17,U0297,,6090-Equipment,1769.56,Equipment charge
T005456,2025-11-05,U0051,,6060-Marketing,272.18,Marketing charge
T005457,2025-09-07,U0364,,6050-Facilities,1318.7,Facilities charge
T005458,2026-05-27,U0342,,6060-Marketing,81.84,Marketing charge
T005459,2026-05-03,U0068,,6070-Utilities,182.1,Utilities charge
T005460,2026-08-01,U0014,,6070-Utilities,67.51,Utilities charge
T005461,2026-02-05,U0204,,6050-Facilities,364.19,Facilities charge
T005462,2026-03-08,U0059,,6080-Consulting,468.3,Consulting charge
T005463,2026-04-26,U0128,,6100-Freight & Shipping,558.64,Freight & Shipping charge
T005464,2026-02-13,U0023,,6040-IT Software,527.46,IT Software charge
T005465,2025-12-11,U0260,,6100-Freight & Shipping,177.63,Freight & Shipping charge
T005466,2025-12-14,U0356,U0320,6050-Facilities,399.71,Facilities charge
T005467,2026-07-23,U0124,,6100-Freight & Shipping,94.9,Freight & Shipping charge
T005468,2026-07-08,U0355,,6080-Consulting,2207.36,Consulting charge
T005469,2025-12-21,U0299,,6040-IT Software,352.84,IT Software charge
T005470,2025-11-24,U0136,,6020-Travel & Entertainment,287.79,Travel & Entertainment charge
T005471,2026-08-12,U0335,,6070-Utilities,2829.44,Utilities charge
T005472,2026-08-15,U0050,U0253,6010-Office Supplies,125.65,Office Supplies charge
T005473,2026-07-30,U0251,,6090-Equipment,142.86,Equipment charge
T005474,2026-03-26,U0026,U0242,6080-Consulting,147.55,Consulting charge
T005475,2025-10-18,U0273,,6050-Facilities,457.3,Facilities charge
T005476,2026-04-08,U0307,,6040-IT Software,792.18,IT Software charge
T005477,2025-10-16,U0356,,6010-Office Supplies,1111.7,Office Supplies charge
T005478,2025-11-15,U0175,U0185,6080-Consulting,8343.14,Consulting charge
T005479,2026-06-17,U0202,,6070-Utilities,41.5,Utilities charge
T005480,2025-12-15,U0168,,6100-Freight & Shipping,962.57,Freight & Shipping charge
T005481,2026-07-07,U0345,,6050-Facilities,266.98,Facilities charge
T005482,2025-09-04,U0164,,6040-IT Software,258.51,IT Software charge
T005483,2026-04-01,U0163,,6060-Marketing,249.2,Marketing charge
T005484,2025-12-11,U0211,,6020-Travel & Entertainment,181.34,Travel & Entertainment charge
T005485,2025-09-17,U0126,,6010-Office Supplies,3143.14,Office Supplies charge
T005486,2026-08-06,U0014,,6030-Professional Fees,1244.55,Professional Fees charge
T005487,2026-03-14,U0119,,6070-Utilities,505.48,Utilities charge
T005488,2026-02-27,U0098,,6070-Utilities,2177.9,Utilities charge
T005489,2025-11-27,U0109,,6040-IT Software,93.34,IT Software charge
T005490,2026-06-16,U0153,U0391,6040-IT Software,114.0,IT Software charge
T005491,2025-09-03,U0225,U0010,6020-Travel & Entertainment,44.89,Travel & Entertainment charge
T005492,2026-06-08,U0171,,6090-Equipment,228.3,Equipment charge
T005493,2026-04-15,U0017,,6040-IT Software,588.67,IT Software charge
T005494,2026-02-06,U0238,,6050-Facilities,551.78,Facilities charge
T005495,2026-06-20,U0321,,6040-IT Software,580.72,IT Software charge
T005496,2026-03-05,U0355,,6050-Facilities,104.36,Facilities charge
T005497,2026-07-13,U0038,,6010-Office Supplies,1192.1,Office Supplies charge
T005498,2026-01-28,U0239,,6060-Marketing,641.36,Marketing charge
T005499,2026-01-25,U0013,,6060-Marketing,1103.63,Marketing charge
T005500,2026-04-03,U0155,,6070-Utilities,61.43,Utilities charge
T005501,2026-05-11,U0146,,6040-IT Software,694.12,IT Software charge
T005502,2026-04-14,U0311,,6090-Equipment,133.41,Equipment charge
T005503,2025-11-06,U0183,U0188,6090-Equipment,318.28,Equipment charge
T005504,2026-04-12,U0223,U0112,6060-Marketing,886.96,Marketing charge
T005505,2026-06-05,U0256,,6050-Facilities,544.68,Facilities charge
T005506,2026-05-29,U0342,,6090-Equipment,193.12,Equipment charge
T005507,2026-01-04,U0157,,6050-Facilities,496.16,Facilities charge
T005508,2026-05-19,U0233,,6060-Marketing,91.41,Marketing charge
T005509,2025-11-20,U0227,U0296,6060-Marketing,1746.37,Marketing charge
T005510,2026-07-28,U0328,,6100-Freight & Shipping,393.15,Freight & Shipping charge
T005511,2026-07-09,U0226,U0133,6030-Professional Fees,1686.49,Professional Fees charge
T005512,2026-01-07,U0205,,6090-Equipment,276.11,Equipment charge
T005513,2025-12-05,U0067,,6020-Travel & Entertainment,277.01,Travel & Entertainment charge
T005514,2026-05-17,U0135,,6080-Consulting,212.6,Consulting charge
T005515,2025-12-17,U0031,,6060-Marketing,1291.8,Marketing charge
T005516,2026-05-03,U0039,,6070-Utilities,4900.0,Utilities charge
T005517,2026-01-20,U0255,,6080-Consulting,225.79,Consulting charge
T005518,2026-08-03,U0072,U0069,6020-Travel & Entertainment,1001.3,Travel & Entertainment charge
T005519,2025-09-23,U0191,,6040-IT Software,323.53,IT Software charge
T005520,2026-08-24,U0234,,6060-Marketing,56.06,Marketing charge
T005521,2026-08-30,U0236,,6090-Equipment,263.13,Equipment charge
T005522,2026-06-16,U0372,,6010-Office Supplies,134.69,Office Supplies charge
T005523,2026-02-08,U0072,U0215,6090-Equipment,511.47,Equipment charge
T005524,2026-06-06,U0077,,6070-Utilities,133.03,Utilities charge
T005525,2025-10-22,U0001,,6040-IT Software,1364.54,IT Software charge
T005526,2025-09-14,U0001,,6030-Professional Fees,445.78,Professional Fees charge
T005527,2026-01-29,U0146,,6090-Equipment,4950.0,Equipment charge
T005528,2026-06-05,U0058,,6020-Travel & Entertainment,405.31,Travel & Entertainment charge
T005529,2026-08-01,U0221,,6020-Travel & Entertainment,1013.82,Travel & Entertainment charge
T005530,2025-10-30,U0333,,6040-IT Software,1422.68,IT Software charge
T005531,2025-09-19,U0215,,6060-Marketing,481.97,Marketing charge
T005532,2026-07-01,U0392,,6040-IT Software,210.96,IT Software charge
T005533,2026-04-13,U0307,,6020-Travel & Entertainment,70.01,Travel & Entertainment charge
T005534,2025-11-15,U0146,U0119,6080-Consulting,9900.0,Consulting charge
T005535,2026-04-05,U0359,U0341,6060-Marketing,4950.0,Marketing charge
T005536,2025-12-16,U0127,U0333,6030-Professional Fees,231.68,Professional Fees charge
T005537,2025-11-23,U0202,,6030-Professional Fees,249.9,Professional Fees charge
T005538,2025-09-22,U0151,,6010-Office Supplies,554.33,Office Supplies charge
T005539,2026-08-13,U0276,,6020-Travel & Entertainment,337.09,Travel & Entertainment charge
T005540,2026-05-26,U0207,U0260,6090-Equipment,1050.19,Equipment charge
T005541,2026-06-04,U0146,U0106,6010-Office Supplies,251.07,Office Supplies charge
T005542,2025-11-07,U0239,,6010-Office Supplies,462.78,Office Supplies charge
T005543,2026-07-01,U0222,,6060-Marketing,1812.36,Marketing charge
T005544,2026-08-11,U0284,U0249,6020-Travel & Entertainment,717.67,Travel & Entertainment charge
T005545,2026-07-27,U0032,,6020-Travel & Entertainment,461.26,Travel & Entertainment charge
T005546,2025-11-07,U0390,,6040-IT Software,254.13,IT Software charge
T005547,2025-12-23,U0352,,6040-IT Software,245.54,IT Software charge
T005548,2026-05-19,U0336,,6080-Consulting,193.32,Consulting charge
T005549,2026-04-08,U0039,,6030-Professional Fees,271.75,Professional Fees charge
T005550,2026-02-22,U0388,,6100-Freight & Shipping,1131.42,Freight & Shipping charge
T005551,2026-08-25,U0292,,6100-Freight & Shipping,386.03,Freight & Shipping charge
T005552,2026-06-26,U0016,,6070-Utilities,111.64,Utilities charge
T005553,2026-06-08,U0234,,6010-Office Supplies,3446.06,Office Supplies charge
T005554,2025-11-23,U0194,,6020-Travel & Entertainment,700.62,Travel & Entertainment charge
T005555,2026-04-05,U0126,,6010-Office Supplies,104.83,Office Supplies charge
T005556,2025-10-23,U0157,U0236,6090-Equipment,303.07,Equipment charge
T005557,2026-06-05,U0029,,6020-Travel & Entertainment,556.67,Travel & Entertainment charge
T005558,2026-01-10,U0062,,6010-Office Supplies,3213.29,Office Supplies charge
T005559,2026-01-18,U0135,U0326,6070-Utilities,145.63,Utilities charge
T005560,2025-09-20,U0359,U0263,6070-Utilities,4999.0,Utilities charge
T005561,2026-02-22,U0150,,6070-Utilities,1441.8,Utilities charge
T005562,2026-07-14,U0399,,6090-Equipment,2297.17,Equipment charge
T005563,2025-09-21,U0383,,6080-Consulting,246.78,Consulting charge
T005564,2025-10-11,U0157,,6050-Facilities,363.12,Facilities charge
T005565,2026-01-27,U0014,,6100-Freight & Shipping,157.6,Freight & Shipping charge
T005566,2026-04-15,U0382,,6070-Utilities,393.94,Utilities charge
T005567,2026-07-19,U0394,,6090-Equipment,473.31,Equipment charge
T005568,2026-07-07,U0223,,6020-Travel & Entertainment,1018.02,Travel & Entertainment charge
T005569,2025-09-23,U0114,,6020-Travel & Entertainment,1634.68,Travel & Entertainment charge
T005570,2026-05-12,U0163,,6030-Professional Fees,216.39,Professional Fees charge
T005571,2026-04-29,U0073,,6050-Facilities,56.6,Facilities charge
T005572,2026-02-11,U0299,U0222,6100-Freight & Shipping,481.37,Freight & Shipping charge
T005573,2026-07-09,U0076,U0225,6080-Consulting,680.54,Consulting charge
T005574,2025-11-10,U0222,U0112,6090-Equipment,648.3,Equipment charge
T005575,2026-07-03,U0174,,6090-Equipment,344.01,Equipment charge
T005576,2026-06-08,U0231,,6100-Freight & Shipping,565.23,Freight & Shipping charge
T005577,2026-03-31,U0394,U0212,6080-Consulting,2609.7,Consulting charge
T005578,2025-11-20,U0217,,6080-Consulting,749.88,Consulting charge
T005579,2025-09-23,U0168,,6030-Professional Fees,326.78,Professional Fees charge
T005580,2025-11-07,U0287,,6040-IT Software,284.23,IT Software charge
T005581,2025-11-15,U0182,U0089,6050-Facilities,408.77,Facilities charge
T005582,2026-03-19,U0039,U0066,6010-Office Supplies,9900.0,Office Supplies charge
T005583,2025-09-29,U0207,U0206,6060-Marketing,2982.19,Marketing charge
T005584,2026-02-17,U0131,U0070,6040-IT Software,402.77,IT Software charge
T005585,2026-01-18,U0297,U0355,6060-Marketing,482.14,Marketing charge
T005586,2025-12-27,U0363,U0074,6050-Facilities,289.88,Facilities charge
T005587,2025-09-04,U0073,U0335,6100-Freight & Shipping,1650.58,Freight & Shipping charge
T005588,2026-01-11,U0154,,6040-IT Software,4254.88,IT Software charge
T005589,2026-08-24,U0158,U0311,6020-Travel & Entertainment,808.9,Travel & Entertainment charge
T005590,2026-05-21,U0280,,6040-IT Software,539.72,IT Software charge
T005591,2026-08-15,U0115,,6080-Consulting,513.1,Consulting charge
T005592,2025-11-17,U0314,U0068,6050-Facilities,35.78,Facilities charge
T005593,2026-05-30,U0247,U0363,6030-Professional Fees,1118.41,Professional Fees charge
T005594,2026-08-15,U0325,U0013,6090-Equipment,571.11,Equipment charge
T005595,2026-08-15,U0029,,6100-Freight & Shipping,789.32,Freight & Shipping charge
T005596,2026-03-29,U0096,,6060-Marketing,225.29,Marketing charge
T005597,2026-04-11,U0356,,6040-IT Software,322.82,IT Software charge
T005598,2026-04-20,U0274,,6050-Facilities,313.52,Facilities charge
T005599,2026-04-02,U0075,,6040-IT Software,1515.93,IT Software charge
T005600,2026-05-31,U0301,,6030-Professional Fees,324.85,Professional Fees charge
T005601,2026-07-18,U0285,U0109,6030-Professional Fees,4870.38,Professional Fees charge
T005602,2026-07-25,U0075,U0270,6060-Marketing,791.51,Marketing charge
T005603,2026-08-14,U0303,,6090-Equipment,121.12,Equipment charge
T005604,2025-09-24,U0187,,6040-IT Software,427.78,IT Software charge
T005605,2026-05-28,U0319,,6030-Professional Fees,240.61,Professional Fees charge
T005606,2026-01-13,U0008,,6080-Consulting,44.09,Consulting charge
T005607,2026-08-29,U0217,,6010-Office Supplies,2862.41,Office Supplies charge
T005608,2026-02-01,U0286,,6060-Marketing,1067.91,Marketing charge
T005609,2025-10-11,U0258,,6030-Professional Fees,885.83,Professional Fees charge
T005610,2025-10-07,U0121,,6040-IT Software,591.08,IT Software charge
T005611,2026-07-07,U0206,,6040-IT Software,107.75,IT Software charge
T005612,2026-03-22,U0080,,6030-Professional Fees,289.46,Professional Fees charge
T005613,2026-01-30,U0278,,6020-Travel & Entertainment,1243.84,Travel & Entertainment charge
T005614,2026-01-25,U0162,,6020-Travel & Entertainment,4950.0,Travel & Entertainment charge
T005615,2026-07-03,U0341,,6070-Utilities,155.04,Utilities charge
T005616,2026-02-07,U0267,U0345,6050-Facilities,30.42,Facilities charge
T005617,2026-05-04,U0354,,6020-Travel & Entertainment,383.82,Travel & Entertainment charge
T005618,2025-12-26,U0207,,6040-IT Software,421.6,IT Software charge
T005619,2026-04-19,U0335,,6030-Professional Fees,571.99,Professional Fees charge
T005620,2025-09-15,U0270,U0120,6020-Travel & Entertainment,1098.14,Travel & Entertainment charge
T005621,2026-02-02,U0369,,6040-IT Software,993.63,IT Software charge
T005622,2026-03-06,U0287,,6090-Equipment,655.01,Equipment charge
T005623,2026-07-18,U0238,,6020-Travel & Entertainment,1835.52,Travel & Entertainment charge
T005624,2026-05-02,U0056,,6090-Equipment,92.68,Equipment charge
T005625,2025-10-30,U0076,U0352,6060-Marketing,858.37,Marketing charge
T005626,2025-12-21,U0146,,6080-Consulting,981.61,Consulting charge
T005627,2025-11-05,U0297,,6080-Consulting,126.03,Consulting charge
T005628,2025-12-17,U0031,U0133,6040-IT Software,94.33,IT Software charge
T005629,2026-02-12,U0349,,6050-Facilities,216.91,Facilities charge
T005630,2025-09-08,U0253,,6050-Facilities,238.01,Facilities charge
T005631,2026-05-27,U0176,,6040-IT Software,1128.63,IT Software charge
T005632,2026-04-24,U0175,,6080-Consulting,250.64,Consulting charge
T005633,2026-04-24,U0008,,6010-Office Supplies,192.1,Office Supplies charge
T005634,2025-11-15,U0162,,6010-Office Supplies,2000.0,Office Supplies charge
T005635,2025-11-01,U0091,,6030-Professional Fees,251.44,Professional Fees charge
T005636,2025-11-01,U0075,U0292,6100-Freight & Shipping,1686.64,Freight & Shipping charge
T005637,2026-06-03,U0239,,6030-Professional Fees,499.87,Professional Fees charge
T005638,2025-11-08,U0255,,6070-Utilities,404.57,Utilities charge
T005639,2025-12-15,U0347,,6040-IT Software,436.59,IT Software charge
T005640,2026-07-27,U0206,,6100-Freight & Shipping,2041.15,Freight & Shipping charge
T005641,2026-08-06,U0098,,6010-Office Supplies,216.14,Office Supplies charge
T005642,2025-09-17,U0229,,6050-Facilities,2094.48,Facilities charge
T005643,2025-12-03,U0058,,6040-IT Software,621.13,IT Software charge
T005644,2026-02-22,U0120,U0324,6090-Equipment,413.04,Equipment charge
T005645,2025-10-28,U0055,U0251,6090-Equipment,7715.53,Equipment charge
T005646,2025-10-21,U0201,U0021,6030-Professional Fees,154.28,Professional Fees charge
T005647,2025-12-30,U0223,U0015,6080-Consulting,333.93,Consulting charge
T005648,2026-06-14,U0174,U0306,6040-IT Software,127.02,IT Software charge
T005649,2025-10-13,U0058,,6070-Utilities,1404.88,Utilities charge
T005650,2026-06-10,U0207,U0046,6060-Marketing,3159.31,Marketing charge
T005651,2026-01-05,U0362,U0063,6080-Consulting,3093.06,Consulting charge
T005652,2026-03-29,U0121,,6040-IT Software,1893.81,IT Software charge
T005653,2026-05-13,U0332,,6030-Professional Fees,396.48,Professional Fees charge
T005654,2026-05-11,U0300,,6080-Consulting,329.72,Consulting charge
T005655,2026-06-14,U0206,,6070-Utilities,78.39,Utilities charge
T005656,2025-10-16,U0175,,6080-Consulting,4626.06,Consulting charge
T005657,2026-02-25,U0337,,6040-IT Software,825.41,IT Software charge
T005658,2026-06-08,U0018,U0285,6090-Equipment,286.82,Equipment charge
T005659,2025-12-08,U0076,U0284,6040-IT Software,2123.59,IT Software charge
T005660,2025-10-29,U0234,U0047,6060-Marketing,169.01,Marketing charge
T005661,2025-12-24,U0050,,6100-Freight & Shipping,770.69,Freight & Shipping charge
T005662,2026-02-05,U0001,U0145,6050-Facilities,407.53,Facilities charge
T005663,2026-07-14,U0288,U0338,6030-Professional Fees,994.8,Professional Fees charge
T005664,2026-03-16,U0359,,6020-Travel & Entertainment,2000.0,Travel & Entertainment charge
T005665,2026-04-24,U0144,,6100-Freight & Shipping,459.47,Freight & Shipping charge
T005666,2026-07-06,U0386,,6100-Freight & Shipping,99.88,Freight & Shipping charge
T005667,2025-12-24,U0278,U0262,6090-Equipment,535.46,Equipment charge
T005668,2026-06-21,U0354,U0261,6070-Utilities,1562.04,Utilities charge
T005669,2025-09-19,U0106,U0107,6100-Freight & Shipping,477.16,Freight & Shipping charge
T005670,2026-04-23,U0114,U0101,6030-Professional Fees,1155.89,Professional Fees charge
T005671,2026-03-06,U0038,,6090-Equipment,156.01,Equipment charge
T005672,2025-11-21,U0253,,6050-Facilities,478.72,Facilities charge
T005673,2025-10-24,U0272,,6060-Marketing,247.9,Marketing charge
T005674,2025-12-10,U0359,,6030-Professional Fees,1120.67,Professional Fees charge
T005675,2025-10-31,U0008,,6020-Travel & Entertainment,510.12,Travel & Entertainment charge
T005676,2025-10-20,U0359,U0107,6080-Consulting,1052.67,Consulting charge
T005677,2025-09-03,U0238,,6100-Freight & Shipping,1630.24,Freight & Shipping charge
T005678,2026-06-10,U0294,,6090-Equipment,1054.46,Equipment charge
T005679,2025-10-03,U0243,,6010-Office Supplies,665.43,Office Supplies charge
T005680,2026-07-07,U0393,,6080-Consulting,164.34,Consulting charge
T005681,2026-05-04,U0217,U0114,6100-Freight & Shipping,491.24,Freight & Shipping charge
T005682,2026-01-19,U0237,U0219,6050-Facilities,274.13,Facilities charge
T005683,2025-11-16,U0117,,6080-Consulting,337.49,Consulting charge
T005684,2026-02-27,U0246,,6100-Freight & Shipping,326.36,Freight & Shipping charge
T005685,2026-02-19,U0151,,6090-Equipment,167.68,Equipment charge
T005686,2026-07-14,U0221,,6050-Facilities,57.22,Facilities charge
T005687,2025-10-11,U0256,,6060-Marketing,236.29,Marketing charge
T005688,2026-01-19,U0137,,6080-Consulting,609.55,Consulting charge
T005689,2025-09-19,U0379,,6030-Professional Fees,111.83,Professional Fees charge
T005690,2026-04-15,U0138,,6080-Consulting,501.32,Consulting charge
T005691,2026-01-18,U0322,,6090-Equipment,3985.01,Equipment charge
T005692,2026-07-26,U0131,,6100-Freight & Shipping,1518.32,Freight & Shipping charge
T005693,2026-04-14,U0136,,6060-Marketing,3004.59,Marketing charge
T005694,2026-06-06,U0100,U0112,6090-Equipment,9800.0,Equipment charge
T005695,2026-07-08,U0109,,6020-Travel & Entertainment,757.66,Travel & Entertainment charge
T005696,2026-05-27,U0172,U0021,6010-Office Supplies,1779.81,Office Supplies charge
T005697,2025-12-23,U0275,,6080-Consulting,222.21,Consulting charge
T005698,2026-08-29,U0162,U0062,6060-Marketing,9800.0,Marketing charge
T005699,2025-11-12,U0031,U0308,6070-Utilities,242.55,Utilities charge
T005700,2026-07-21,U0261,U0166,6100-Freight & Shipping,24.21,Freight & Shipping charge
T005701,2026-04-28,U0227,U0226,6050-Facilities,1816.67,Facilities charge
T005702,2025-09-20,U0250,,6040-IT Software,2682.1,IT Software charge
T005703,2026-05-07,U0080,,6040-IT Software,268.14,IT Software charge
T005704,2026-01-14,U0274,U0036,6020-Travel & Entertainment,372.66,Travel & Entertainment charge
T005705,2026-01-24,U0331,U0105,6020-Travel & Entertainment,215.02,Travel & Entertainment charge
T005706,2026-05-09,U0365,,6070-Utilities,750.63,Utilities charge
T005707,2026-08-16,U0066,,6100-Freight & Shipping,1698.37,Freight & Shipping charge
T005708,2026-01-13,U0299,,6100-Freight & Shipping,72.45,Freight & Shipping charge
T005709,2026-04-29,U0369,,6040-IT Software,773.08,IT Software charge
T005710,2026-04-07,U0017,U0182,6020-Travel & Entertainment,363.46,Travel & Entertainment charge
T005711,2026-08-02,U0258,,6060-Marketing,558.21,Marketing charge
T005712,2026-06-30,U0305,U0194,6040-IT Software,816.39,IT Software charge
T005713,2026-07-26,U0391,U0270,6030-Professional Fees,400.61,Professional Fees charge
T005714,2026-03-26,U0021,,6090-Equipment,439.68,Equipment charge
T005715,2025-10-01,U0272,,6080-Consulting,389.45,Consulting charge
T005716,2026-08-15,U0313,,6020-Travel & Entertainment,1432.75,Travel & Entertainment charge
T005717,2026-03-24,U0137,,6020-Travel & Entertainment,781.05,Travel & Entertainment charge
T005718,2025-12-06,U0075,,6080-Consulting,628.06,Consulting charge
T005719,2026-06-29,U0377,,6090-Equipment,121.75,Equipment charge
T005720,2026-08-25,U0062,U0238,6040-IT Software,324.91,IT Software charge
T005721,2026-04-17,U0289,,6010-Office Supplies,1324.16,Office Supplies charge
T005722,2026-05-09,U0010,U0235,6100-Freight & Shipping,513.61,Freight & Shipping charge
T005723,2026-03-06,U0375,,6020-Travel & Entertainment,1017.89,Travel & Entertainment charge
T005724,2025-09-21,U0152,,6080-Consulting,3439.78,Consulting charge
T005725,2026-06-03,U0119,,6050-Facilities,1544.52,Facilities charge
T005726,2025-12-10,U0296,,6010-Office Supplies,545.92,Office Supplies charge
T005727,2026-04-25,U0201,,6040-IT Software,280.88,IT Software charge
T005728,2026-01-24,U0386,,6010-Office Supplies,29.7,Office Supplies charge
T005729,2025-11-06,U0361,U0010,6080-Consulting,409.43,Consulting charge
T005730,2025-10-31,U0111,,6080-Consulting,344.26,Consulting charge
T005731,2026-08-06,U0140,U0051,6070-Utilities,757.03,Utilities charge
T005732,2026-05-11,U0248,,6090-Equipment,416.01,Equipment charge
T005733,2026-01-12,U0152,,6050-Facilities,346.39,Facilities charge
T005734,2026-06-21,U0386,,6060-Marketing,69.59,Marketing charge
T005735,2025-12-12,U0018,U0365,6030-Professional Fees,175.22,Professional Fees charge
T005736,2026-04-12,U0214,,6010-Office Supplies,832.4,Office Supplies charge
T005737,2026-04-05,U0091,U0208,6100-Freight & Shipping,3253.54,Freight & Shipping charge
T005738,2025-12-15,U0094,,6010-Office Supplies,442.62,Office Supplies charge
T005739,2026-08-04,U0347,U0016,6100-Freight & Shipping,706.69,Freight & Shipping charge
T005740,2025-11-24,U0348,,6040-IT Software,1404.91,IT Software charge
T005741,2026-01-14,U0202,U0347,6010-Office Supplies,201.95,Office Supplies charge
T005742,2026-07-01,U0376,U0039,6020-Travel & Entertainment,737.67,Travel & Entertainment charge
T005743,2026-08-16,U0106,U0070,6080-Consulting,218.21,Consulting charge
T005744,2026-07-19,U0086,U0186,6100-Freight & Shipping,1275.77,Freight & Shipping charge
T005745,2025-09-12,U0004,U0308,6050-Facilities,582.04,Facilities charge
T005746,2026-08-25,U0082,,6010-Office Supplies,684.23,Office Supplies charge
T005747,2026-05-23,U0220,U0306,6030-Professional Fees,208.33,Professional Fees charge
T005748,2026-08-21,U0073,,6010-Office Supplies,1072.49,Office Supplies charge
T005749,2026-02-25,U0037,,6050-Facilities,4881.38,Facilities charge
T005750,2026-05-23,U0126,,6060-Marketing,162.6,Marketing charge
T005751,2026-04-17,U0348,,6040-IT Software,339.09,IT Software charge
T005752,2026-01-17,U0088,,6060-Marketing,635.73,Marketing charge
T005753,2025-10-24,U0303,,6060-Marketing,1170.34,Marketing charge
T005754,2025-11-14,U0280,,6040-IT Software,266.27,IT Software charge
T005755,2026-01-19,U0252,,6030-Professional Fees,21.84,Professional Fees charge
T005756,2026-05-17,U0060,,6060-Marketing,2197.57,Marketing charge
T005757,2026-04-28,U0379,,6070-Utilities,1137.46,Utilities charge
T005758,2025-10-11,U0387,,6060-Marketing,72.44,Marketing charge
T005759,2025-09-28,U0139,,6090-Equipment,252.57,Equipment charge
T005760,2026-02-16,U0361,,6050-Facilities,2765.57,Facilities charge
T005761,2026-06-13,U0359,U0183,6060-Marketing,9900.0,Marketing charge
T005762,2026-05-20,U0023,U0236,6100-Freight & Shipping,2422.55,Freight & Shipping charge
T005763,2025-09-22,U0165,U0239,6040-IT Software,1383.68,IT Software charge
T005764,2026-03-04,U0344,,6060-Marketing,405.97,Marketing charge
T005765,2026-03-08,U0122,U0040,6060-Marketing,539.85,Marketing charge
T005766,2026-08-31,U0293,,6030-Professional Fees,426.66,Professional Fees charge
T005767,2026-02-01,U0186,,6080-Consulting,1704.56,Consulting charge
T005768,2026-05-11,U0287,,6050-Facilities,188.02,Facilities charge
T005769,2026-01-24,U0212,,6020-Travel & Entertainment,203.08,Travel & Entertainment charge
T005770,2026-01-26,U0087,U0347,6100-Freight & Shipping,1497.13,Freight & Shipping charge
T005771,2026-03-07,U0146,U0176,6010-Office Supplies,9900.0,Office Supplies charge
T005772,2026-08-19,U0327,U0064,6070-Utilities,469.28,Utilities charge
T005773,2026-04-07,U0252,,6030-Professional Fees,2244.67,Professional Fees charge
T005774,2026-08-04,U0243,,6080-Consulting,235.41,Consulting charge
T005775,2025-12-23,U0338,,6060-Marketing,463.93,Marketing charge
T005776,2026-04-09,U0260,,6080-Consulting,178.64,Consulting charge
T005777,2026-03-12,U0016,U0091,6050-Facilities,496.76,Facilities charge
T005778,2025-11-15,U0284,U0041,6080-Consulting,96.89,Consulting charge
T005779,2026-03-08,U0161,U0062,6020-Travel & Entertainment,288.19,Travel & Entertainment charge
T005780,2026-07-24,U0287,U0208,6010-Office Supplies,101.51,Office Supplies charge
T005781,2026-06-12,U0190,,6040-IT Software,1057.13,IT Software charge
T005782,2026-02-20,U0362,,6060-Marketing,1083.82,Marketing charge
T005783,2026-04-06,U0072,,6090-Equipment,73.46,Equipment charge
T005784,2026-03-10,U0119,,6080-Consulting,2137.25,Consulting charge
T005785,2026-04-01,U0239,U0355,6090-Equipment,7686.01,Equipment charge
T005786,2025-09-04,U0204,,6050-Facilities,518.33,Facilities charge
T005787,2025-09-16,U0055,,6090-Equipment,243.42,Equipment charge
T005788,2025-12-12,U0167,U0187,6020-Travel & Entertainment,11012.25,Travel & Entertainment charge
T005789,2026-04-30,U0397,U0364,6090-Equipment,115.48,Equipment charge
T005790,2026-04-22,U0333,,6100-Freight & Shipping,503.77,Freight & Shipping charge
T005791,2025-09-24,U0220,U0044,6100-Freight & Shipping,600.39,Freight & Shipping charge
T005792,2026-08-15,U0391,,6070-Utilities,2163.89,Utilities charge
T005793,2026-05-18,U0299,,6090-Equipment,731.95,Equipment charge
T005794,2025-09-18,U0054,,6060-Marketing,284.72,Marketing charge
T005795,2026-07-03,U0115,,6020-Travel & Entertainment,173.07,Travel & Entertainment charge
T005796,2025-11-28,U0119,U0024,6010-Office Supplies,338.32,Office Supplies charge
T005797,2026-08-29,U0353,,6040-IT Software,162.78,IT Software charge
T005798,2026-06-20,U0126,,6070-Utilities,519.37,Utilities charge
T005799,2025-09-02,U0108,,6040-IT Software,264.91,IT Software charge
T005800,2025-11-26,U0299,,6020-Travel & Entertainment,95.26,Travel & Entertainment charge
T005801,2026-01-31,U0305,,6050-Facilities,1959.92,Facilities charge
T005802,2026-03-31,U0060,U0157,6080-Consulting,285.02,Consulting charge
T005803,2025-09-05,U0080,,6090-Equipment,122.13,Equipment charge
T005804,2025-12-05,U0056,,6050-Facilities,409.49,Facilities charge
T005805,2026-01-28,U0251,,6080-Consulting,531.24,Consulting charge
T005806,2026-02-05,U0238,U0381,6050-Facilities,72.16,Facilities charge
T005807,2025-12-09,U0322,,6030-Professional Fees,709.68,Professional Fees charge
T005808,2026-03-28,U0251,,6040-IT Software,155.73,IT Software charge
T005809,2026-05-24,U0185,,6020-Travel & Entertainment,3236.12,Travel & Entertainment charge
T005810,2026-02-02,U0257,U0222,6050-Facilities,876.87,Facilities charge
T005811,2026-04-17,U0303,,6020-Travel & Entertainment,317.38,Travel & Entertainment charge
T005812,2026-07-10,U0220,,6040-IT Software,217.09,IT Software charge
T005813,2026-01-06,U0189,,6020-Travel & Entertainment,439.02,Travel & Entertainment charge
T005814,2026-03-26,U0252,U0159,6050-Facilities,966.88,Facilities charge
T005815,2025-11-18,U0010,,6070-Utilities,479.12,Utilities charge
T005816,2026-06-12,U0010,U0341,6100-Freight & Shipping,388.05,Freight & Shipping charge
T005817,2026-03-19,U0222,,6070-Utilities,525.42,Utilities charge
T005818,2025-11-02,U0041,U0087,6090-Equipment,253.6,Equipment charge
T005819,2026-08-07,U0139,,6030-Professional Fees,337.81,Professional Fees charge
T005820,2025-12-05,U0081,U0281,6010-Office Supplies,49.68,Office Supplies charge
T005821,2026-01-17,U0321,,6010-Office Supplies,1438.13,Office Supplies charge
T005822,2025-12-14,U0041,,6090-Equipment,684.49,Equipment charge
T005823,2026-02-15,U0300,U0151,6080-Consulting,210.44,Consulting charge
T005824,2026-02-15,U0186,,6100-Freight & Shipping,3978.29,Freight & Shipping charge
T005825,2026-08-12,U0183,,6080-Consulting,542.25,Consulting charge
T005826,2026-03-10,U0390,,6080-Consulting,157.63,Consulting charge
T005827,2025-09-28,U0003,,6060-Marketing,1264.47,Marketing charge
T005828,2026-03-22,U0077,U0147,6080-Consulting,763.45,Consulting charge
T005829,2026-01-14,U0349,,6040-IT Software,760.55,IT Software charge
T005830,2026-04-28,U0097,U0252,6010-Office Supplies,308.48,Office Supplies charge
T005831,2025-12-08,U0203,U0040,6050-Facilities,808.79,Facilities charge
T005832,2025-11-17,U0166,,6020-Travel & Entertainment,369.47,Travel & Entertainment charge
T005833,2026-01-07,U0256,,6080-Consulting,908.26,Consulting charge
T005834,2025-09-26,U0081,,6040-IT Software,60.62,IT Software charge
T005835,2026-06-20,U0056,,6090-Equipment,305.74,Equipment charge
T005836,2026-02-22,U0017,U0130,6070-Utilities,3275.97,Utilities charge
T005837,2026-06-08,U0179,U0150,6060-Marketing,211.92,Marketing charge
T005838,2025-12-05,U0111,,6030-Professional Fees,253.6,Professional Fees charge
T005839,2026-04-05,U0275,U0284,6070-Utilities,301.04,Utilities charge
T005840,2026-06-30,U0392,U0119,6010-Office Supplies,129.5,Office Supplies charge
T005841,2025-10-20,U0316,,6010-Office Supplies,43.42,Office Supplies charge
T005842,2026-07-13,U0292,,6020-Travel & Entertainment,382.36,Travel & Entertainment charge
T005843,2026-03-06,U0027,U0153,6030-Professional Fees,572.18,Professional Fees charge
T005844,2026-04-24,U0200,,6050-Facilities,465.1,Facilities charge
T005845,2026-07-14,U0207,,6100-Freight & Shipping,420.16,Freight & Shipping charge
T005846,2025-09-10,U0274,,6030-Professional Fees,516.64,Professional Fees charge
T005847,2025-10-28,U0058,,6050-Facilities,1517.96,Facilities charge
T005848,2025-12-09,U0291,,6010-Office Supplies,399.62,Office Supplies charge
T005849,2026-05-06,U0365,,6080-Consulting,262.04,Consulting charge
T005850,2025-11-03,U0210,U0345,6040-IT Software,361.68,IT Software charge
T005851,2025-11-11,U0090,,6020-Travel & Entertainment,931.95,Travel & Entertainment charge
T005852,2026-02-21,U0164,U0259,6040-IT Software,2329.08,IT Software charge
T005853,2025-11-19,U0137,U0074,6010-Office Supplies,246.91,Office Supplies charge
T005854,2026-01-23,U0257,U0246,6040-IT Software,549.4,IT Software charge
T005855,2026-02-27,U0237,U0118,6070-Utilities,714.94,Utilities charge
T005856,2025-10-15,U0232,,6070-Utilities,165.37,Utilities charge
T005857,2026-04-03,U0017,,6030-Professional Fees,503.94,Professional Fees charge
T005858,2025-11-16,U0191,U0036,6070-Utilities,98.27,Utilities charge
T005859,2026-01-02,U0394,,6070-Utilities,70.39,Utilities charge
T005860,2025-11-13,U0038,U0008,6080-Consulting,737.61,Consulting charge
T005861,2026-08-17,U0204,U0335,6070-Utilities,323.03,Utilities charge
T005862,2026-02-11,U0003,,6080-Consulting,615.55,Consulting charge
T005863,2025-10-13,U0105,,6090-Equipment,483.14,Equipment charge
T005864,2025-12-13,U0347,,6030-Professional Fees,168.34,Professional Fees charge
T005865,2026-06-22,U0111,,6040-IT Software,468.82,IT Software charge
T005866,2026-07-20,U0014,U0337,6060-Marketing,126.92,Marketing charge
T005867,2025-10-12,U0180,,6070-Utilities,2275.76,Utilities charge
T005868,2026-06-25,U0256,,6050-Facilities,110.88,Facilities charge
T005869,2025-12-26,U0305,U0399,6010-Office Supplies,397.28,Office Supplies charge
T005870,2026-03-31,U0151,,6090-Equipment,156.57,Equipment charge
T005871,2026-02-17,U0399,U0025,6020-Travel & Entertainment,922.85,Travel & Entertainment charge
T005872,2025-10-06,U0172,,6020-Travel & Entertainment,342.21,Travel & Entertainment charge
T005873,2025-09-17,U0292,,6060-Marketing,278.51,Marketing charge
T005874,2026-01-24,U0112,,6070-Utilities,1259.56,Utilities charge
T005875,2026-04-02,U0129,U0279,6040-IT Software,508.96,IT Software charge
T005876,2026-08-25,U0211,,6050-Facilities,869.84,Facilities charge
T005877,2025-09-02,U0036,,6100-Freight & Shipping,167.43,Freight & Shipping charge
T005878,2026-03-27,U0071,,6050-Facilities,105.08,Facilities charge
T005879,2026-07-25,U0024,,6030-Professional Fees,554.42,Professional Fees charge
T005880,2026-04-14,U0154,U0363,6010-Office Supplies,346.98,Office Supplies charge
T005881,2026-06-10,U0099,,6040-IT Software,981.5,IT Software charge
T005882,2026-06-17,U0365,,6080-Consulting,451.29,Consulting charge
T005883,2026-03-11,U0311,,6070-Utilities,617.44,Utilities charge
T005884,2026-04-16,U0350,,6060-Marketing,82.62,Marketing charge
T005885,2025-12-31,U0285,,6100-Freight & Shipping,3933.48,Freight & Shipping charge
T005886,2025-09-30,U0044,,6060-Marketing,411.3,Marketing charge
T005887,2025-10-13,U0340,,6070-Utilities,1061.4,Utilities charge
T005888,2026-07-31,U0142,U0217,6020-Travel & Entertainment,196.43,Travel & Entertainment charge
T005889,2026-07-27,U0164,,6080-Consulting,691.46,Consulting charge
T005890,2026-02-01,U0147,,6010-Office Supplies,117.55,Office Supplies charge
T005891,2026-01-30,U0367,,6060-Marketing,810.19,Marketing charge
T005892,2026-06-20,U0189,,6040-IT Software,333.1,IT Software charge
T005893,2026-08-06,U0016,,6080-Consulting,508.83,Consulting charge
T005894,2025-09-04,U0211,U0011,6100-Freight & Shipping,1061.85,Freight & Shipping charge
T005895,2026-06-03,U0272,,6060-Marketing,127.0,Marketing charge
T005896,2026-04-19,U0107,,6020-Travel & Entertainment,232.07,Travel & Entertainment charge
T005897,2025-09-14,U0237,,6030-Professional Fees,814.89,Professional Fees charge
T005898,2026-03-16,U0385,,6020-Travel & Entertainment,4954.46,Travel & Entertainment charge
T005899,2025-10-31,U0016,,6010-Office Supplies,423.31,Office Supplies charge
T005900,2026-04-12,U0127,U0160,6010-Office Supplies,944.12,Office Supplies charge
T005901,2025-09-02,U0328,,6090-Equipment,438.05,Equipment charge
T005902,2025-12-10,U0033,,6030-Professional Fees,4173.33,Professional Fees charge
T005903,2026-05-29,U0099,,6010-Office Supplies,72.1,Office Supplies charge
T005904,2026-08-08,U0391,,6090-Equipment,546.8,Equipment charge
T005905,2025-09-26,U0286,,6020-Travel & Entertainment,82.43,Travel & Entertainment charge
T005906,2026-08-24,U0078,,6070-Utilities,31.27,Utilities charge
T005907,2025-10-24,U0061,,6100-Freight & Shipping,683.49,Freight & Shipping charge
T005908,2026-03-25,U0348,,6050-Facilities,574.47,Facilities charge
T005909,2025-12-13,U0260,,6060-Marketing,360.21,Marketing charge
T005910,2026-08-18,U0324,,6020-Travel & Entertainment,438.42,Travel & Entertainment charge
T005911,2025-09-19,U0088,U0071,6060-Marketing,14885.3,Marketing charge
T005912,2026-03-08,U0119,,6070-Utilities,370.93,Utilities charge
T005913,2026-08-06,U0327,,6080-Consulting,863.62,Consulting charge
T005914,2026-07-10,U0392,U0204,6030-Professional Fees,241.22,Professional Fees charge
T005915,2026-04-06,U0064,,6080-Consulting,681.81,Consulting charge
T005916,2026-04-02,U0302,,6080-Consulting,379.15,Consulting charge
T005917,2025-11-06,U0318,,6020-Travel & Entertainment,313.7,Travel & Entertainment charge
T005918,2026-04-19,U0294,,6050-Facilities,3643.82,Facilities charge
T005919,2026-07-12,U0215,,6100-Freight & Shipping,1798.85,Freight & Shipping charge
T005920,2026-06-09,U0384,U0221,6050-Facilities,572.73,Facilities charge
T005921,2026-06-24,U0350,U0201,6100-Freight & Shipping,39.07,Freight & Shipping charge
T005922,2025-09-19,U0086,U0219,6020-Travel & Entertainment,331.26,Travel & Entertainment charge
T005923,2026-04-07,U0146,U0285,6100-Freight & Shipping,9636.66,Freight & Shipping charge
T005924,2026-06-23,U0067,,6020-Travel & Entertainment,382.33,Travel & Entertainment charge
T005925,2025-12-06,U0331,,6040-IT Software,1658.29,IT Software charge
T005926,2026-07-19,U0123,,6020-Travel & Entertainment,2407.0,Travel & Entertainment charge
T005927,2025-12-20,U0321,,6010-Office Supplies,626.95,Office Supplies charge
T005928,2026-05-22,U0077,U0188,6080-Consulting,195.19,Consulting charge
T005929,2026-04-05,U0105,,6030-Professional Fees,33.82,Professional Fees charge
T005930,2026-06-09,U0158,,6080-Consulting,1045.84,Consulting charge
T005931,2025-12-05,U0068,,6090-Equipment,201.09,Equipment charge
T005932,2026-06-29,U0389,,6040-IT Software,598.1,IT Software charge
T005933,2025-12-28,U0261,,6100-Freight & Shipping,124.61,Freight & Shipping charge
T005934,2026-06-24,U0081,,6040-IT Software,368.06,IT Software charge
T005935,2026-04-09,U0295,U0140,6060-Marketing,511.37,Marketing charge
T005936,2026-07-31,U0326,,6050-Facilities,662.12,Facilities charge
T005937,2026-03-11,U0253,,6010-Office Supplies,144.56,Office Supplies charge
T005938,2026-05-12,U0387,,6080-Consulting,1838.31,Consulting charge
T005939,2026-02-01,U0264,U0171,6040-IT Software,255.55,IT Software charge
T005940,2026-02-02,U0123,U0048,6060-Marketing,78.11,Marketing charge
T005941,2026-08-20,U0044,U0340,6060-Marketing,437.06,Marketing charge
T005942,2026-04-24,U0084,U0025,6030-Professional Fees,511.74,Professional Fees charge
T005943,2026-03-14,U0111,,6100-Freight & Shipping,587.95,Freight & Shipping charge
T005944,2026-02-28,U0376,,6070-Utilities,2204.7,Utilities charge
T005945,2025-12-12,U0115,,6100-Freight & Shipping,379.9,Freight & Shipping charge
T005946,2025-09-03,U0266,,6090-Equipment,432.0,Equipment charge
T005947,2026-06-21,U0231,,6050-Facilities,146.42,Facilities charge
T005948,2026-01-18,U0376,U0043,6050-Facilities,1215.13,Facilities charge
T005949,2026-02-01,U0014,,6030-Professional Fees,603.5,Professional Fees charge
T005950,2026-05-01,U0342,,6050-Facilities,310.43,Facilities charge
T005951,2025-11-16,U0337,U0302,6020-Travel & Entertainment,60.63,Travel & Entertainment charge
T005952,2026-05-17,U0045,,6090-Equipment,2413.55,Equipment charge
T005953,2026-07-16,U0353,U0367,6020-Travel & Entertainment,127.68,Travel & Entertainment charge
T005954,2026-01-04,U0338,,6060-Marketing,257.13,Marketing charge
T005955,2026-05-29,U0122,,6050-Facilities,730.83,Facilities charge
T005956,2025-10-22,U0048,,6020-Travel & Entertainment,132.13,Travel & Entertainment charge
T005957,2026-02-01,U0111,U0056,6080-Consulting,95.31,Consulting charge
T005958,2026-01-25,U0237,,6030-Professional Fees,47.64,Professional Fees charge
T005959,2026-02-13,U0189,U0105,6050-Facilities,1089.09,Facilities charge
T005960,2025-12-28,U0073,,6060-Marketing,270.51,Marketing charge
T005961,2026-08-30,U0362,U0162,6030-Professional Fees,12332.55,Professional Fees charge
T005962,2026-05-09,U0004,U0169,6020-Travel & Entertainment,165.04,Travel & Entertainment charge
T005963,2026-01-20,U0132,U0364,6070-Utilities,178.82,Utilities charge
T005964,2026-01-11,U0192,,6080-Consulting,264.56,Consulting charge
T005965,2026-04-02,U0033,U0329,6010-Office Supplies,643.84,Office Supplies charge
T005966,2025-10-10,U0303,,6010-Office Supplies,293.76,Office Supplies charge
T005967,2025-10-26,U0205,U0148,6070-Utilities,966.39,Utilities charge
T005968,2026-07-25,U0100,,6030-Professional Fees,4995.0,Professional Fees charge
T005969,2026-03-16,U0043,,6090-Equipment,167.93,Equipment charge
T005970,2026-01-08,U0252,,6020-Travel & Entertainment,107.8,Travel & Entertainment charge
T005971,2026-01-17,U0189,,6020-Travel & Entertainment,68.17,Travel & Entertainment charge
T005972,2026-03-20,U0251,U0300,6060-Marketing,42.69,Marketing charge
T005973,2026-07-03,U0192,,6020-Travel & Entertainment,278.7,Travel & Entertainment charge
T005974,2026-06-10,U0180,,6020-Travel & Entertainment,353.87,Travel & Entertainment charge
T005975,2026-03-11,U0390,,6080-Consulting,246.02,Consulting charge
T005976,2025-11-30,U0186,U0338,6050-Facilities,1934.78,Facilities charge
T005977,2026-07-27,U0069,U0337,6020-Travel & Entertainment,1902.33,Travel & Entertainment charge
T005978,2026-01-17,U0352,U0008,6090-Equipment,340.94,Equipment charge
T005979,2025-12-20,U0052,,6090-Equipment,68.49,Equipment charge
T005980,2026-06-23,U0229,U0099,6100-Freight & Shipping,264.18,Freight & Shipping charge
T005981,2025-09-20,U0146,,6030-Professional Fees,4995.0,Professional Fees charge
T005982,2025-11-17,U0029,,6010-Office Supplies,254.73,Office Supplies charge
T005983,2026-08-26,U0171,,6050-Facilities,239.16,Facilities charge
T005984,2026-05-25,U0296,,6070-Utilities,228.72,Utilities charge
T005985,2025-10-08,U0314,U0349,6090-Equipment,240.13,Equipment charge
T005986,2026-01-05,U0073,,6070-Utilities,322.08,Utilities charge
T005987,2025-10-23,U0351,U0375,6070-Utilities,244.91,Utilities charge
T005988,2025-11-03,U0332,U0068,6060-Marketing,619.65,Marketing charge
T005989,2026-08-02,U0322,U0040,6010-Office Supplies,732.46,Office Supplies charge
T005990,2026-02-09,U0298,,6030-Professional Fees,180.96,Professional Fees charge
T005991,2025-11-27,U0308,,6040-IT Software,1994.55,IT Software charge
T005992,2025-11-04,U0011,,6030-Professional Fees,167.66,Professional Fees charge
T005993,2026-03-22,U0144,,6030-Professional Fees,83.13,Professional Fees charge
T005994,2026-07-20,U0050,U0084,6040-IT Software,749.09,IT Software charge
T005995,2026-01-05,U0177,,6050-Facilities,200.51,Facilities charge
T005996,2025-09-21,U0255,U0078,6080-Consulting,701.64,Consulting charge
T005997,2025-12-11,U0359,,6100-Freight & Shipping,35.02,Freight & Shipping charge
T005998,2026-08-29,U0247,,6070-Utilities,2279.48,Utilities charge
T005999,2026-08-25,U0311,U0028,6080-Consulting,1032.28,Consulting charge
T006000,2026-07-30,U0259,U0035,6060-Marketing,94.58,Marketing charge
